id,address,region,state,city,neighborhood,sub_neighborhood,locality,latitude,longitude,data,police_action,agent_presence,police_unit,main_reason,complementary_reason,clippings,massacre,civilians_dead,civilians_wounded,agents_dead,agents_wounded,men_dead,men_wounded,women_dead,women_wounded,kids_dead,kids_wounded,teenagers_dead,teenagers_wounded,elderly_dead,elderly_wounded
63642,"Morro do Urubu - Piedade, Rio de Janeiro - RJ, 21381-400, Brasil",Sudeste,Rio de Janeiro,Rio de Janeiro,PIEDADE,,MORRO DO URUBU (COMPLEXO DO URUBU),-22.87657404	,-43.30422326,"01/04/2024, 05:00:00",true,true,03º BPM,Operação policial,,,false,0,0,0,0,0,0,0,0,0,0,0,0,0,0
63632,"Rua Capitão Menezes - Praça Seca, Rio de Janeiro - RJ, Brasil",Sudeste,Rio de Janeiro,Rio de Janeiro,PRACA SECA,,MORRO DA BICA (COMPLEXO DO FUBA),-22.8923402,-43.3482302,"01/04/2024, 05:02:00",true,true,18º BPM,Ação policial,,,false,0,2,0,0,0,0,0,0,0,0,0,0,0,0
63636,"Rua Paulo Viana - Rocha Miranda, Rio de Janeiro - RJ, Brasil",Sudeste,Rio de Janeiro,Rio de Janeiro,ROCHA MIRANDA,,,-22.8529625,-43.3446999,"01/04/2024, 07:45:00",false,false,,Disputa,,,false,0,1,0,0,0,0,0,0,0,0,0,0,0,0
63644,"Avenida Antenor Navarro - Brás de Pina, Rio de Janeiro - RJ, Brasil",Sudeste,Rio de Janeiro,Rio de Janeiro,BRAS DE PINA,,,-22.8261299,-43.2899823,"01/04/2024, 12:15:00",false,false,,Não identificado,,,false,0,0,0,0,0,0,0,0,0,0,0,0,0,0
63647,"Favela Tijuquinha- Itanhangá, Rio de Janeiro - RJ, 22641-580, Brasil",Sudeste,Rio de Janeiro,Rio de Janeiro,ITANHANGA,,FAVELA TIJUQUINHA,-22.98600388	,-43.30455399,"01/04/2024, 16:25:00",false,false,,Não identificado,,,false,0,0,0,0,0,0,0,0,0,0,0,0,0,0
63658,"Complexo do Chapadão- Costa Barros, Rio de Janeiro - RJ, 21755-470, Brasil",Sudeste,Rio de Janeiro,Rio de Janeiro,COSTA BARROS,,COMPLEXO DO CHAPADAO,-22.82320459700892,-43.376317282639775,"01/04/2024, 23:00:00",true,true,41º BPM,Operação policial,,,false,1,1,0,0,0,0,0,0,0,0,0,0,0,0
63655,"Estrada Bougainville - Anil, Rio de Janeiro - RJ, Brasil",Sudeste,Rio de Janeiro,Rio de Janeiro,ANIL,,,-22.969696,-43.324613,"01/04/2024, 23:00:00",true,true,18 BPM,Ação policial,,,false,0,0,0,0,0,0,0,0,0,0,0,0,0,0
63652,"Morro do Fubá- Cascadura, Rio de Janeiro - RJ, 21311-120, Brasil",Sudeste,Rio de Janeiro,Rio de Janeiro,CASCADURA,,MORRO DO FUBA (COMPLEXO DO FUBA),-22.89172205777511,-43.33415412444524,"01/04/2024, 23:08:00",false,false,,Não identificado,,,false,0,0,0,0,0,0,0,0,0,0,0,0,0,0
63654,"Vila do João - Maré, Rio de Janeiro - RJ, Brasil",Sudeste,Rio de Janeiro,Rio de Janeiro,MARE,,VILA DO JOAO (COMPLEXO DA MARE),-22.8723298,-43.2390005,"02/04/2024, 06:25:00",false,false,,Não identificado,,,false,0,0,0,0,0,0,0,0,0,0,0,0,0,0
63664,"Rua Morais e Silva - Maracanã, Rio de Janeiro - RJ, 20271-030, Brasil",Sudeste,Rio de Janeiro,Rio de Janeiro,MARACANA,,,-22.916363254108223,-43.22550585794983,"02/04/2024, 11:00:00",true,true,06º BPM,Ação policial,,,false,0,0,0,1,0,0,0,0,0,0,0,0,0,0
63678,"Morro dos Macacos - Vila Isabel, Rio de Janeiro - RJ, 20551-630, Brasil",Sudeste,Rio de Janeiro,Rio de Janeiro,VILA ISABEL,,MORRO DOS MACACOS,-22.91189634	,-43.25524243,"03/04/2024, 01:00:00",false,false,,Disputa,,,true,3,0,0,0,0,0,0,0,0,0,0,0,0,0
63690,"Favela 5 bocas - Brás de Pina, Rio de Janeiro - RJ, 23047-590, Brasil",Sudeste,Rio de Janeiro,Rio de Janeiro,BRAS DE PINA,,FAVELA 5 BOCAS (COMPLEXO DE ISRAEL),-22.82247302,-43.28508894,"03/04/2024, 09:03:00",false,false,,Não identificado,,,false,0,0,0,0,0,0,0,0,0,0,0,0,0,0
63702,"Cesar Máia - Vargem Pequena, Rio de Janeiro - RJ, 22783-116, Brasil",Sudeste,Rio de Janeiro,Rio de Janeiro,VARGEM PEQUENA,,CONJUNTO CESAR MAIA,-22.9905516,-43.43146907,"03/04/2024, 15:00:00",true,true,31 BPM,Ação policial,,,true,3,0,0,0,0,0,0,0,0,0,0,0,0,0
63700,"Capoeira Grande - Guaratiba, Rio de Janeiro - RJ, Brasil",Sudeste,Rio de Janeiro,Rio de Janeiro,GUARATIBA,,CAPOEIRA GRANDE,-22.9826752,-43.6219747,"03/04/2024, 17:18:00",false,false,,Não identificado,,,false,0,0,0,0,0,0,0,0,0,0,0,0,0,0
63712,"Rua Piraquara, Vila Vintém - Realengo, Rio de Janeiro - Rio de Janeiro, Brasil",Sudeste,Rio de Janeiro,Rio de Janeiro,REALENGO,,VILA VINTEM,-22.87319947186337,-43.44202011823654,"04/04/2024, 04:59:00",true,true,14º BPM,Operação policial,,,false,0,0,0,0,0,0,0,0,0,0,0,0,0,0
63707,"Morro do Campinho, Complexo do Fubá, Rio de Janeiro - RJ, 21310-320, Brasil",Sudeste,Rio de Janeiro,Rio de Janeiro,CASCADURA,,MORRO DO CAMPINHO (COMPLEXO DO FUBA),-22.8850951874697	,-43.337939003183074,"04/04/2024, 05:35:00",true,true,09º BPM,Operação policial,,,true,3,1,0,0,0,0,0,0,0,0,0,0,0,0
63723,"Favela do Fontela - Vargem Pequena, Rio de Janeiro - RJ, 22795-711, Brasil",Sudeste,Rio de Janeiro,Rio de Janeiro,VARGEM PEQUENA,,FAVELA DO FONTELA,-22.994404385493600	,-43.44583357036130,"04/04/2024, 15:00:00",true,true,31BPM,Ação policial,,,false,0,1,0,0,0,0,0,0,0,0,0,0,0,0
63720,"Favela da Terra Nostra (Complexo da Pedreira) - Barros Filho, Rio de Janeiro - RJ, 21665-210, Brasil",Sudeste,Rio de Janeiro,Rio de Janeiro,BARROS FILHO,,FAVELA DA TERRA NOSTRA (COMPLEXO DA PEDREIRA),-22.831091302782387,-43.36796382486031,"04/04/2024, 15:15:00",false,false,,Disputa,,,false,1,0,0,0,0,0,0,0,0,0,0,0,0,0
63724,"Avenida Maracanã - Maracanã, Rio de Janeiro - RJ, Brasil",Sudeste,Rio de Janeiro,Rio de Janeiro,MARACANA,,,-22.9151895,-43.2287721,"04/04/2024, 17:05:00",false,false,,Tentativa/Roubo,,,false,1,1,0,0,0,0,0,0,0,0,0,0,0,0
63739,"Rua Pachêco Júnior - Brás de Pina, Rio de Janeiro - RJ, Brasil",Sudeste,Rio de Janeiro,Rio de Janeiro,BRAS DE PINA,,,-22.8319077,-43.3064376,"04/04/2024, 18:30:00",false,false,,Não identificado,,,false,0,0,0,0,0,0,0,0,0,0,0,0,0,0
63725,"Estrada Benvindo de Novaes, Favela do Fontela - Vargem Pequena, Rio de Janeiro - RJ, 22795-712, Brasil",Sudeste,Rio de Janeiro,Rio de Janeiro,VARGEM PEQUENA,,FAVELA DO FONTELA,-22.993780038259562,-43.44774649158308,"04/04/2024, 19:30:00",true,true,Não identificado,Ação policial,,,false,0,0,0,0,0,0,0,0,0,0,0,0,0,0
63731,"Morro da Babilônia - Leme, Rio de Janeiro - RJ, 22010-060, Brasil",Sudeste,Rio de Janeiro,Rio de Janeiro,LEME,,BABILONIA,-22.95851046,	-43.1704813,"05/04/2024, 04:10:00",true,true,UPP e CPP,Operação policial,,,false,0,1,0,0,0,0,0,0,0,0,0,0,0,0
63738,"Morro da Primavera - Cavalcanti, Rio de Janeiro - RJ, 21370-280, Brasil",Sudeste,Rio de Janeiro,Rio de Janeiro,CAVALCANTI,,MORRO DA PRIMAVERA,-22.86902669	,-43.31696145,"05/04/2024, 07:10:00",true,true,09º BPM,Operação policial,,,false,0,0,0,0,0,0,0,0,0,0,0,0,0,0
63770,"Rua Van Gogh - Del Castilho, Rio de Janeiro - RJ, Brasil",Sudeste,Rio de Janeiro,Rio de Janeiro,DEL CASTILHO,,,-22.8830902,-43.2729798,"05/04/2024, 09:00:00",false,true,,Tentativa/Roubo,,,false,0,0,0,1,0,0,0,0,0,0,0,0,0,0
63742,"Morro do Divino - Praça Seca, Rio de Janeiro - RJ, 21341-270, Brasil",Sudeste,Rio de Janeiro,Rio de Janeiro,PRACA SECA,,FAVELA MORRO DO DIVINO,-22.890407298854136,-43.34339652683898,"05/04/2024, 11:50:00",false,false,,Não identificado,,,false,0,0,0,0,0,0,0,0,0,0,0,0,0,0
63743,"Complexo da Pedreira- Costa Barros, Rio de Janeiro - RJ, 21515-570, Brasil",Sudeste,Rio de Janeiro,Rio de Janeiro,COSTA BARROS,,COMPLEXO DA PEDREIRA,-22.82425288,-43.36809439,"05/04/2024, 12:45:00",false,false,,Não identificado,,,false,0,0,0,0,0,0,0,0,0,0,0,0,0,0
63750,"Morro da Primavera - Cavalcanti, Rio de Janeiro - RJ, 21370-280, Brasil",Sudeste,Rio de Janeiro,Rio de Janeiro,CAVALCANTI,,MORRO DA PRIMAVERA,-22.86902669	,-43.31696145,"05/04/2024, 13:30:00",true,true,BPM,Operação policial,,,false,0,0,0,0,0,0,0,0,0,0,0,0,0,0
63748,"Rua Acapori - Gardênia Azul, Rio de Janeiro - RJ, Brasil",Sudeste,Rio de Janeiro,Rio de Janeiro,GARDENIA AZUL,,,-22.9606591,-43.351837,"05/04/2024, 14:00:00",false,false,,Disputa,,Ataques armados sobre rodas,false,1,0,0,0,0,0,0,0,0,0,0,0,1,0
63751,"Morro da Primavera - Cavalcanti, Rio de Janeiro - RJ, 21370-280, Brasil",Sudeste,Rio de Janeiro,Rio de Janeiro,CAVALCANTI,,MORRO DA PRIMAVERA,-22.86902669	,-43.31696145,"05/04/2024, 16:50:00",true,true,9 BPM,Operação policial,,,false,0,0,0,0,0,0,0,0,0,0,0,0,0,0
63752,"Avenida Antenor Navarro - Brás de Pina, Rio de Janeiro - RJ, Brasil",Sudeste,Rio de Janeiro,Rio de Janeiro,BRAS DE PINA,,,-22.8261299,-43.2899823,"05/04/2024, 20:35:00",false,false,,Não identificado,,,false,0,0,0,0,0,0,0,0,0,0,0,0,0,0
63771,"Rua Professora Amélia Pinto Chagas - Santa Cruz, Rio de Janeiro - RJ, Brasil",Sudeste,Rio de Janeiro,Rio de Janeiro,SANTA CRUZ,,FAVELA PARQUE HORTO FLORESTAL	,-22.9074874,-43.690889,"06/04/2024, 09:00:00",false,false,,Não identificado,,,false,1,0,0,0,0,0,0,0,0,0,0,0,0,0
63759,"Morro do Fubá, Campinho, Rio de Janeiro, RJ, Brasil",Sudeste,Rio de Janeiro,Rio de Janeiro,CAMPINHO,,MORRO DO FUBA (COMPLEXO DO FUBA),-22.888503421244362,-43.33970189206542,"06/04/2024, 10:00:00",true,true,9º BPM,Tentativa/Roubo,,,false,0,0,0,0,0,0,0,0,0,0,0,0,0,0
63764,"Linha Vermelha - São Cristóvão, Rio de Janeiro - RJ, Brasil",Sudeste,Rio de Janeiro,Rio de Janeiro,SAO CRISTOVAO,,,-22.8912442,-43.2225924,"06/04/2024, 15:00:00",false,false,,Tentativa/Roubo,,,false,0,0,0,0,0,0,0,0,0,0,0,0,0,0
63762,"Av. Governador Carlos Lacerda (Linha Amarela), Engenho de Dentro, Rio de Janeiro - Rio de Janeiro, Brasil",Sudeste,Rio de Janeiro,Rio de Janeiro,ENGENHO DE DENTRO,,,-22.892176800762506,-43.298218846321106,"06/04/2024, 15:28:00",false,false,,Não identificado,,,false,0,0,0,0,0,0,0,0,0,0,0,0,0,0
63763,"Morro Jorge Turco - Coelho Neto, Rio de Janeiro - RJ, 21545-360, Brasil",Sudeste,Rio de Janeiro,Rio de Janeiro,COELHO NETO,,MORRO JORGE TURCO,-22.8386111,-43.3447222,"06/04/2024, 17:56:00",true,true,09º BPM,Operação policial,,,false,0,4,0,0,0,0,0,0,0,0,0,0,0,0
63798,"Piraquê - Pedra de Guaratiba, Rio de Janeiro - RJ, 23025-070, Brasil",Sudeste,Rio de Janeiro,Rio de Janeiro,PEDRA DE GUARATIBA,,FAVELA DO PIRAQUE,-22.994271274225923,-43.608383015871894,"06/04/2024, 20:59:00",false,false,,Disputa,,,false,0,1,0,0,0,0,0,0,0,0,0,0,0,0
63769,"Terra Nostra - Costa Barros, Rio de Janeiro - RJ, 21650-210, Brasil",Sudeste,Rio de Janeiro,Rio de Janeiro,COSTA BARROS,,TERRA NOSTRA (COMPLEXO DA PEDREIRA),-22.8284063	,-43.3713024,"07/04/2024, 09:00:00",false,false,,Disputa,,,false,0,0,0,0,0,0,0,0,0,0,0,0,0,0
63810,"Rua São Dagoberto, Batan - Realengo, Rio de Janeiro - RJ, Brasil",Sudeste,Rio de Janeiro,Rio de Janeiro,REALENGO,,BATAN,-22.8612486,-43.4286585,"07/04/2024, 12:00:00",false,false,,Homicidio/Tentativa,,Feminicídio/tentativa,false,0,1,0,0,0,0,0,0,0,0,0,0,0,0
63813,"Rocinha, Rio de Janeiro - RJ, Brasil",Sudeste,Rio de Janeiro,Rio de Janeiro,ROCINHA,,ROCINHA,-22.987941,-43.2480087,"07/04/2024, 19:00:00",false,false,,Briga,,,false,1,0,0,0,0,0,0,0,0,0,0,0,0,0
63773,"Rua Cachambi - Cachambi, Rio de Janeiro - RJ, Brasil",Sudeste,Rio de Janeiro,Rio de Janeiro,CACHAMBI,,,-22.8881947,-43.27548,"08/04/2024, 02:42:00",true,true,03º BPM,Tentativa/Roubo,,,false,0,1,0,0,0,0,0,0,0,0,0,0,0,0
63776,"Chácara do Céu - Tijuca, Rio de Janeiro - RJ, 20530-390, Brasil",Sudeste,Rio de Janeiro,Rio de Janeiro,TIJUCA,,CHACARA DO CEU (TIJUCA),-22.9353782	,-43.2531083,"08/04/2024, 03:14:00",true,true,Não identificado,Ação policial,,,false,0,0,0,0,0,0,0,0,0,0,0,0,0,0
63775,"Morro do Jordão - Taquara, Rio de Janeiro - RJ, 22725-590, Brasil",Sudeste,Rio de Janeiro,Rio de Janeiro,TAQUARA,,MORRO DO JORDAO,-22.91094354	,-43.37403875,"08/04/2024, 03:15:00",true,true,18º BPM,Operação policial,,,false,0,0,0,0,0,0,0,0,0,0,0,0,0,0
63777,"Morro do Borel - Tijuca, Rio de Janeiro - RJ, 20530-400, Brasil",Sudeste,Rio de Janeiro,Rio de Janeiro,TIJUCA,,MORRO DO BOREL,-22.93888816,	-43.25350828,"08/04/2024, 03:18:00",true,true,CPP,Operação policial,,,false,0,0,0,0,0,0,0,0,0,0,0,0,0,0
63780,"Complexo do Chapadão, Rio de Janeiro - RJ, 21650-020, Brasil",Sudeste,Rio de Janeiro,Rio de Janeiro,COSTA BARROS,,COMPLEXO DO CHAPADAO,-22.82326393	,-43.37707903,"08/04/2024, 03:20:00",true,true,41º BPM,Operação policial,,,false,2,0,0,0,0,0,0,0,0,0,0,0,0,0
63774,"Rua Pedra Rasa - Ricardo de Albuquerque, Rio de Janeiro - RJ, Brasil",Sudeste,Rio de Janeiro,Rio de Janeiro,RICARDO DE ALBUQUERQUE,,PEDRA RASA (COMPLEXO DO CHAPADAO),-22.8311963,-43.3858821,"08/04/2024, 03:36:00",true,true,41º BPM,Operação policial,,,false,0,3,0,0,0,0,0,0,0,0,0,0,0,0
63781,"Guaporé - Brás de Pina, Rio de Janeiro - RJ, 21215-510, Brasil",Sudeste,Rio de Janeiro,Rio de Janeiro,BRAS DE PINA,,QUITUNGO-GUAPORE,-22.835000,	-43.300278,"08/04/2024, 05:29:00",false,false,,Não identificado,,,false,0,0,0,0,0,0,0,0,0,0,0,0,0,0
63801,"Quitungo-Guapore - Brás de Pina, Rio de Janeiro - RJ, Brasil",Sudeste,Rio de Janeiro,Rio de Janeiro,BRAS DE PINA,,QUITUNGO-GUAPORE,-22.8304639,-43.3016233,"08/04/2024, 12:45:00",true,true,16 BPM,Ação policial,,,false,0,0,0,0,0,0,0,0,0,0,0,0,0,0
63812,"R. da Mariana Dias (Morro do Jordão)- Tanque, Rio de Janeiro - RJ, 22733, Brasil",Sudeste,Rio de Janeiro,Rio de Janeiro,TANQUE,,MORRO DO JORDAO,"-22.908141396419595 ",-43.36840216860353,"08/04/2024, 13:00:00",true,true,18 BPM,Ação policial,,,false,0,1,0,0,0,0,0,0,0,0,0,0,0,0
63805,"Favela do Piraque - Guaratiba, Rio de Janeiro - RJ, 23025, Brasil",Sudeste,Rio de Janeiro,Rio de Janeiro,GUARATIBA,,FAVELA DO PIRAQUE,-22.994467425469974,-43.608937903180276,"08/04/2024, 14:15:00",false,false,,Não identificado,,,false,0,0,0,0,0,0,0,0,0,0,0,0,0,0
63808,"Morro do Campinho - Campinho, Rio de Janeiro - RJ, 21341-380, Brasil",Sudeste,Rio de Janeiro,Rio de Janeiro,CAMPINHO,,MORRO DO CAMPINHO (COMPLEXO DO FUBA),-22.88631095497146,-43.34086797542733,"08/04/2024, 15:25:00",false,false,,Disputa,,,false,0,0,0,0,0,0,0,0,0,0,0,0,0,0
63811,"Estrada do Lameirão - Santíssimo, Rio de Janeiro - RJ, Brasil",Sudeste,Rio de Janeiro,Rio de Janeiro,SANTISSIMO,,,-22.8727427,-43.5275105,"08/04/2024, 17:00:00",true,true,40 BPM,Ação policial,,,false,0,2,0,0,0,0,0,0,0,0,0,0,0,0
63814,"Santa Maria - Taquara, Rio de Janeiro - RJ, 22723-240, Brasil",Sudeste,Rio de Janeiro,Rio de Janeiro,TAQUARA,,COMUNIDADE SANTA MARIA,-22.91508487561071,-43.41978745724608,"09/04/2024, 05:40:00",false,false,,Não identificado,,,false,0,0,0,0,0,0,0,0,0,0,0,0,0,0
63834,"Morro do 48- Bangu, Rio de Janeiro - RJ, 23020-320, Brasil",Sudeste,Rio de Janeiro,Rio de Janeiro,BANGU,,MORRO DO 48,-22.894855591283346,	-43.478052649417776,"09/04/2024, 08:00:00",true,true,14 BPM,Ação policial,,,false,0,1,0,0,0,0,0,0,0,0,0,0,0,0
63832,"Avenida Dom Hélder Câmara - Del Castilho, Rio de Janeiro - RJ, Brasil",Sudeste,Rio de Janeiro,Rio de Janeiro,DEL CASTILHO,,,-22.8811046,-43.2720886,"09/04/2024, 11:00:00",false,false,,Disputa,,,false,1,0,0,0,0,0,0,0,0,0,0,0,0,0
63831,"Avenida Dom Hélder Câmara - Del Castilho, Rio de Janeiro - RJ, Brasil",Sudeste,Rio de Janeiro,Rio de Janeiro,DEL CASTILHO,,,-22.8811046,-43.2720886,"09/04/2024, 12:00:00",false,true,,Tentativa/Roubo,,,false,0,0,0,0,0,0,0,0,0,0,0,0,0,0
63836,"Rua Monsenhor Macdowell, Tijuca, Rio de Janeiro, Rio de Janeiro, Brasil",Sudeste,Rio de Janeiro,Rio de Janeiro,TIJUCA,,,-22.9300764,-43.2472348,"09/04/2024, 18:35:00",false,false,,Não identificado,,,false,0,0,0,0,0,0,0,0,0,0,0,0,0,0
63841,"Estrada Marechal Miguel Salazar Mendes de Moraes - Cidade de Deus, Rio de Janeiro - RJ, 22772-550, Brasil",Sudeste,Rio de Janeiro,Rio de Janeiro,CIDADE DE DEUS,,CIDADE DE DEUS,-22.94653044183098,-43.36167568773054,"09/04/2024, 19:30:00",false,false,,Não identificado,,,false,0,0,0,0,0,0,0,0,0,0,0,0,0,0
63835,"Av. Cesário de Melo - Campo Grande, Rio de Janeiro - RJ, 23050-102, Brasil",Sudeste,Rio de Janeiro,Rio de Janeiro,CAMPO GRANDE,,,-22.907503856134124," -43.5658978762557","09/04/2024, 20:40:00",false,false,,Não identificado,,,false,0,0,0,0,0,0,0,0,0,0,0,0,0,0
63840,"R. do Matoso - Tijuca, Rio de Janeiro - RJ, 20270-135, Brasil",Sudeste,Rio de Janeiro,Rio de Janeiro,TIJUCA,,,-22.917626263946286,-43.21195598012924,"09/04/2024, 21:00:00",false,false,,Não identificado,,,false,0,0,0,0,0,0,0,0,0,0,0,0,0,0
63839,"Comunidade Santa Maria - Jacarepaguá, Rio de Janeiro - RJ, 22723-630, Brasil",Sudeste,Rio de Janeiro,Rio de Janeiro,JACAREPAGUA,,COMUNIDADE SANTA MARIA,-22.914739	,-43.42013078,"10/04/2024, 00:32:00",false,false,,Não identificado,,,false,0,0,0,0,0,0,0,0,0,0,0,0,0,0
63838,"Morro do Fallet - Santa Teresa, Rio de Janeiro - RJ, 20251-250, Brasil",Sudeste,Rio de Janeiro,Rio de Janeiro,RIO COMPRIDO,,FALLET/FOGUETEIRO,-22.92641055	,-43.19702099,"10/04/2024, 02:36:00",true,true,05º BPM,Operação policial,,,false,0,0,0,0,0,0,0,0,0,0,0,0,0,0
63858,"R. Luís Barbosa, Morro dos Macacos - Vila Isabel, Rio de Janeiro - RJ, 20560-010, Brasil",Sudeste,Rio de Janeiro,Rio de Janeiro,VILA ISABEL,,MORRO DOS MACACOS,-22.91304978728076,-43.250946339950566,"10/04/2024, 12:00:00",false,false,,Homicidio/Tentativa,,,false,0,1,0,0,0,0,0,0,0,0,0,0,0,0
63856,"Rio das Pedras, Rio de Janeiro - RJ, Brasil",Sudeste,Rio de Janeiro,Rio de Janeiro,JACAREPAGUA,,RIO DAS PEDRAS,-22.9899253,-43.3216369,"10/04/2024, 16:30:00",false,false,,Não identificado,,,false,0,0,0,0,0,0,0,0,0,0,0,0,0,0
63873,"Av. das Américas - Barra da Tijuca, Rio de Janeiro - RJ, 22640-102, Brasil",Sudeste,Rio de Janeiro,Rio de Janeiro,BARRA DA TIJUCA,,,-22.999811276292657," -43.356066863421105","10/04/2024, 20:00:00",false,false,,Tentativa/Roubo,,,false,0,1,0,0,0,0,0,0,0,0,0,0,0,0
63900,"Padre Miguel, Rio de Janeiro - RJ, Brasil",Sudeste,Rio de Janeiro,Rio de Janeiro,PADRE MIGUEL,,,-22.8780905,-43.4482789,"10/04/2024, 23:00:00",false,false,,Tentativa/Roubo,,,false,1,0,0,0,0,0,0,0,0,0,0,0,0,0
63861,"Baixa do Sapateiro - Maré, São Paulo - SP, 13324-184, Brasil",Sudeste,Rio de Janeiro,Rio de Janeiro,MARE,,BAIXA DO SAPATEIRO (COMPLEXO DA MARE),-22.86007183,	-43.24258995,"11/04/2024, 03:20:00",true,true,COE,Operação policial,,,false,0,0,0,0,0,0,0,0,0,0,0,0,0,0
63862,"Vila Aliança - Bangu, Rio de Janeiro - RJ, 21842-160, Brasil",Sudeste,Rio de Janeiro,Rio de Janeiro,BANGU,,VILA ALIANCA,-22.86909773	,-43.47777013,"11/04/2024, 03:25:00",true,true,14º BPM,Operação policial,,,false,0,0,0,0,0,0,0,0,0,0,0,0,0,0
63872,"Tijolinho, Nova Holanda - Complexo da Maré, Rio de Janeiro - RJ, 21044-730, Brasil",Sudeste,Rio de Janeiro,Rio de Janeiro,MARE,,NOVA HOLANDA (COMPLEXO DA MARE),-22.855367735984466,-43.24087622043958,"11/04/2024, 03:52:00",true,true,COE,Operação policial,,,false,2,0,0,0,0,0,0,0,0,0,0,0,0,0
63863,"Engenho da Rainha, Rio de Janeiro - RJ, Brasil",Sudeste,Rio de Janeiro,Rio de Janeiro,ENGENHO DA RAINHA,,,-22.865215,-43.2970248,"11/04/2024, 03:56:00",true,true,03º BPM,Operação policial,,,false,0,0,0,0,0,0,0,0,0,0,0,0,0,0
63868,"Jacarezinho, Rio de Janeiro - RJ, 20785-180, Brasil",Sudeste,Rio de Janeiro,Rio de Janeiro,JACAREZINHO,,JACAREZINHO,-22.88736296,	-43.25766105,"11/04/2024, 06:20:00",false,false,,Não identificado,,,false,0,0,0,0,0,0,0,0,0,0,0,0,0,0
63884,"BRT Jardim Guadalupe - Avenida Brasil - Guadalupe, Rio de Janeiro - RJ, Brasil",Sudeste,Rio de Janeiro,Rio de Janeiro,GUADALUPE,,,-22.840797,-43.3702975,"11/04/2024, 14:00:00",true,true,BPVE,Tentativa/Roubo de cargas,,,false,0,0,0,0,0,0,0,0,0,0,0,0,0,0
63887,"Morro do Jordão - Tanque, Rio de Janeiro - RJ, 22725-640, Brasil",Sudeste,Rio de Janeiro,Rio de Janeiro,TANQUE,,MORRO DO JORDAO,-22.912248017073175,-43.3732662738037,"11/04/2024, 19:50:00",false,false,,Não identificado,,,false,0,0,0,0,0,0,0,0,0,0,0,0,0,0
63892,"Muzema, Itanhangá - Rio de Janeiro, RJ, Brasil",Sudeste,Rio de Janeiro,Rio de Janeiro,ITANHANGA,,MORRO DA MUZEMA,-22.98291530838734,-43.323366198786616,"12/04/2024, 03:51:00",false,false,,Não identificado,,,false,0,0,0,0,0,0,0,0,0,0,0,0,0,0
63907,"Rua Padre Januário - Inhaúma, Rio de Janeiro - RJ, Brasil",Sudeste,Rio de Janeiro,Rio de Janeiro,INHAUMA,,,-22.873366,-43.2829365,"12/04/2024, 17:00:00",true,true,3 BPM,Ação policial,,,false,0,1,0,0,0,0,0,0,0,0,0,0,0,0
63921,"Praça Soldado Mario Kosel Filho - Anil, Rio de Janeiro - RJ, Brasil",Sudeste,Rio de Janeiro,Rio de Janeiro,ANIL,,,-22.954391,-43.3398526,"12/04/2024, 17:20:00",false,false,,Homicidio/Tentativa,,Ataques armados sobre rodas,false,1,2,0,0,0,0,0,0,0,0,0,0,0,1
63906,"Jardim Água Branca - Realengo, Rio de Janeiro - RJ, 21720-050, Brasil",Sudeste,Rio de Janeiro,Rio de Janeiro,REALENGO,,JARDIM AGUA BRANCA,-22.86510981378662,-43.442822526066884,"12/04/2024, 19:25:00",false,false,,Não identificado,,,false,0,0,0,0,0,0,0,0,0,0,0,0,0,0
63908,"Rocha Miranda, Rio de Janeiro - RJ, Brasil",Sudeste,Rio de Janeiro,Rio de Janeiro,ROCHA MIRANDA,,,-22.8519449,-43.34677,"12/04/2024, 19:55:00",false,false,,Não identificado,,,false,0,0,0,0,0,0,0,0,0,0,0,0,0,0
63920,"Vila Kosmos - Vila da Penha, Rio de Janeiro - RJ, Brasil",Sudeste,Rio de Janeiro,Rio de Janeiro,VILA KOSMOS,,,-22.8499385,-43.3085557,"12/04/2024, 23:00:00",false,false,,Não identificado,,,false,0,0,0,0,0,0,0,0,0,0,0,0,0,0
63910,"Travessa Agra Filho, 63, Santa Teresa, Rio de Janeiro - Rio de Janeiro, Brazil",Sudeste,Rio de Janeiro,Rio de Janeiro,SANTA TERESA,,MORRO DA COROA,-22.92216870724213,-43.19434426724911,"13/04/2024, 02:30:00",false,false,,Não identificado,,,false,0,0,0,0,0,0,0,0,0,0,0,0,0,0
63915,"Morro da Coroa - Santa Teresa, Rio de Janeiro - RJ, Brasil",Sudeste,Rio de Janeiro,Rio de Janeiro,SANTA TERESA,,MORRO DA COROA,-22.923018,-43.19329,"13/04/2024, 03:20:00",false,false,,Não identificado,,,false,0,0,0,0,0,0,0,0,0,0,0,0,0,0
63917,"Morro Fallet / Fogueteiro - Catumbi, Rio de Janeiro - RJ, Brasil",Sudeste,Rio de Janeiro,Rio de Janeiro,RIO COMPRIDO,,FALLET/FOGUETEIRO,-22.9273933,-43.1972043,"13/04/2024, 07:17:00",false,false,,Não identificado,,,false,0,0,0,0,0,0,0,0,0,0,0,0,0,0
63923,"Rua Araraquara - Bento Ribeiro, Rio de Janeiro - RJ, Brasil",Sudeste,Rio de Janeiro,Rio de Janeiro,BENTO RIBEIRO,,,-22.8711279,-43.3592157,"13/04/2024, 11:03:00",false,true,,Tentativa/Roubo,,Outros,false,2,4,1,0,0,0,0,0,0,0,0,0,0,0
63925,"Favela do Piraquê - Rua da Capelinha - Guaratiba, Rio de Janeiro - RJ, Brasil",Sudeste,Rio de Janeiro,Rio de Janeiro,GUARATIBA,,FAVELA DO PIRAQUE,-22.9992301,-43.6115703,"13/04/2024, 14:00:00",true,true,27 BPM,Ação policial,,,false,0,1,0,0,0,0,0,0,0,0,0,0,0,0
63940,"Av. Cesário de Melo - Santa Cruz, Rio de Janeiro - RJ, 23590-060, Brasil",Sudeste,Rio de Janeiro,Rio de Janeiro,SANTA CRUZ,,,-22.92698925143127,-43.65203973688092,"13/04/2024, 15:15:00",false,false,,Homicidio/Tentativa,,,false,1,1,0,0,0,0,0,0,0,0,0,0,0,0
63939,"Morro do Fogueteiro, Rio de Janeiro - RJ, 20251-032, Brasil",Sudeste,Rio de Janeiro,Rio de Janeiro,RIO COMPRIDO,,FALLET/FOGUETEIRO,-22.925878352744704,-43.19952563173828,"13/04/2024, 23:20:00",false,false,,Não identificado,,,false,0,0,0,0,0,0,0,0,0,0,0,0,0,0
63931,"Mangueira, Rio de Janeiro - RJ, 20943-001, Brasil",Sudeste,Rio de Janeiro,Rio de Janeiro,MANGUEIRA,,MANGUEIRA,-22.90281677771076,-43.238974625197336,"14/04/2024, 02:39:00",false,false,,Não identificado,,,false,0,0,0,0,0,0,0,0,0,0,0,0,0,0
63929,"Morro do Tuiuti - São Cristóvão, Rio de Janeiro - RJ, 20920-000, Brasil",Sudeste,Rio de Janeiro,Rio de Janeiro,SAO CRISTOVAO,,MORRO DO TUIUTI,-22.8975895	,-43.2321904,"14/04/2024, 02:58:00",false,false,,Não identificado,,,false,0,0,0,0,0,0,0,0,0,0,0,0,0,0
63944,"Favela do Rola (Complexo do Rodo) - Santa Cruz, Rio de Janeiro - RJ, 21515-422, Brasil",Sudeste,Rio de Janeiro,Rio de Janeiro,SANTA CRUZ,,FAVELA DO ROLA 1 (COMPLEXO DO RODO),-22.92451817	,-43.67699148,"14/04/2024, 17:00:00",false,false,,Não identificado,,,false,0,0,0,0,0,0,0,0,0,0,0,0,0,0
63964,"Morro dos Macacos - Vila Isabel, Rio de Janeiro - RJ, 20551-630, Brasil",Sudeste,Rio de Janeiro,Rio de Janeiro,VILA ISABEL,,MORRO DOS MACACOS,-22.91189634	,-43.25524243,"14/04/2024, 21:00:00",false,false,,Não identificado,,,false,0,0,0,0,0,0,0,0,0,0,0,0,0,0
63963,"Rua Leopoldo Bulhões - Manguinhos, Rio de Janeiro - RJ, Brasil",Sudeste,Rio de Janeiro,Rio de Janeiro,MANGUINHOS,,COMPLEXO DE MANGUINHOS,-22.8813683,-43.2499253,"15/04/2024, 08:34:00",false,false,,Homicidio/Tentativa,,Ataques armados sobre rodas,false,1,0,0,0,0,0,0,0,0,0,0,0,0,0
63975,"Mercadão de Madureira - Avenida Ministro Edgard Romero - Madureira, Rio de Janeiro - RJ, Brasil",Sudeste,Rio de Janeiro,Rio de Janeiro,MADUREIRA,,,-22.8710707,-43.3360867,"15/04/2024, 14:00:00",false,true,,Tentativa/Roubo,,,false,0,0,0,1,0,0,0,0,0,0,0,0,0,0
63978,"Morro do Campinho - Campinho, Rio de Janeiro - RJ, 21341-370, Brasil",Sudeste,Rio de Janeiro,Rio de Janeiro,CAMPINHO,,MORRO DO CAMPINHO (COMPLEXO DO FUBA),-22.88749705911253,-43.341007450296104,"15/04/2024, 21:00:00",false,false,,Tiros a esmo,,,false,0,0,0,0,0,0,0,0,0,0,0,0,0,0
63992,"Avenida Brasil - Cordovil, Rio de Janeiro - RJ, Brasil",Sudeste,Rio de Janeiro,Rio de Janeiro,CORDOVIL,,,-22.8155791,-43.2905109,"16/04/2024, 06:00:00",false,true,,Tentativa/Roubo,,,false,1,0,0,0,0,0,0,0,0,0,0,0,0,0
63993,"Avenida Ministro Ivan Lins - Barra da Tijuca, Rio de Janeiro - RJ, Brasil",Sudeste,Rio de Janeiro,Rio de Janeiro,BARRA DA TIJUCA,,,-23.0128976,-43.2978054,"16/04/2024, 13:20:00",false,false,,Não identificado,,,false,0,1,0,0,0,0,0,0,0,0,0,0,0,0
63998," Morro do Jordão - Tanque, Rio de Janeiro - RJ, 22725-590, Brasil",Sudeste,Rio de Janeiro,Rio de Janeiro,TANQUE,,MORRO DO JORDAO,-22.91094354	,-43.37403875,"16/04/2024, 17:30:00",false,false,,Não identificado,,,false,0,0,0,0,0,0,0,0,0,0,0,0,0,0
64014,"Rua Potirendaba - Vila Valqueire, Rio de Janeiro - RJ, Brasil",Sudeste,Rio de Janeiro,Rio de Janeiro,VILA VALQUEIRE,,,-22.8789773,-43.36808,"16/04/2024, 18:19:00",false,true,,Tentativa/Roubo,,,false,0,1,0,0,0,0,0,0,0,0,0,0,0,0
64010,"Rua do Império - Santa Cruz, Rio de Janeiro - RJ, Brasil",Sudeste,Rio de Janeiro,Rio de Janeiro,SANTA CRUZ,RETA DA BASE,,-22.9189027,-43.6943288,"17/04/2024, 12:00:00",true,true,PM (8 DPJM-EIC),Operação policial,,,false,0,0,1,0,0,0,0,0,0,0,0,0,0,0
64013,"Linha Vermelha - Maré, Rio de Janeiro - RJ, Brasil",Sudeste,Rio de Janeiro,Rio de Janeiro,MARE,,COMPLEXO DA MARE,-22.8567414,-43.2382561,"17/04/2024, 12:30:00",true,true," 17 BPM, GM (Guarda Municipal)",Arrastão,,,false,0,0,0,0,0,0,0,0,0,0,0,0,0,0
64016,"Avenida Brasil - Maré, Rio de Janeiro - RJ, Brasil",Sudeste,Rio de Janeiro,Rio de Janeiro,MARE,,VILA DO JOAO (COMPLEXO DA MARE),-22.8754062795729,-43.242878552609255,"17/04/2024, 18:18:00",false,false,,Não identificado,,,false,0,0,0,0,0,0,0,0,0,0,0,0,0,0
64027,"Avenida Padre Guilherme Decaminada - Santa Cruz, Rio de Janeiro - RJ, Brasil",Sudeste,Rio de Janeiro,Rio de Janeiro,SANTA CRUZ,,,-22.8987744,-43.6788905,"18/04/2024, 06:00:00",false,false,,Não identificado,,,false,1,0,0,0,0,0,0,0,0,0,0,0,1,0
64063,"Favela do Quitungo - Brás de Pina, Rio de Janeiro - RJ, 21215-510, Brasil",Sudeste,Rio de Janeiro,Rio de Janeiro,BRAS DE PINA,,QUITUNGO-GUAPORE,-22.835000,-43.300278,"19/04/2024, 12:00:00",false,false,,Homicidio/Tentativa,,"Entrada na Favela por Engano,Outros",false,0,1,0,0,0,0,0,0,0,0,0,0,0,0
64049,"Gardênia Azul, Rio de Janeiro - RJ, Brasil",Sudeste,Rio de Janeiro,Rio de Janeiro,GARDENIA AZUL,,,-22.9582037,-43.3529536,"19/04/2024, 16:30:00",false,false,,Não identificado,,,false,0,0,0,0,0,0,0,0,0,0,0,0,0,0
64074,"Estrada dos Teixeiras - Taquara, Rio de Janeiro - RJ, Brasil",Sudeste,Rio de Janeiro,Rio de Janeiro,TAQUARA,,,-22.9133639,-43.415649,"20/04/2024, 16:00:00",true,true,18º BPM,Ação policial,,,false,2,1,0,0,0,0,0,0,0,0,0,0,0,0
64069,"Morro dos Macacos- Vila Isabel, Rio de Janeiro - RJ, 20551-232, Brasil",Sudeste,Rio de Janeiro,Rio de Janeiro,VILA ISABEL,,MORRO DOS MACACOS,-22.91230260723171,-43.25774676322936,"20/04/2024, 17:35:00",false,false,,Disputa,,,false,0,0,0,0,0,0,0,0,0,0,0,0,0,0
64070,"Morro do Campinho- Campinho, Rio de Janeiro - RJ, 21341-370, Brasil",Sudeste,Rio de Janeiro,Rio de Janeiro,CAMPINHO,,MORRO DO CAMPINHO (COMPLEXO DO FUBA),-22.88713134477432,-43.34041736431283,"20/04/2024, 19:00:00",false,false,,Não identificado,,,false,0,0,0,0,0,0,0,0,0,0,0,0,0,0
64080,"ESTAÇÃO DE TREM BRAS DE PINA - Rua Itabira - Brás de Pina, Rio de Janeiro - RJ, Brasil",Sudeste,Rio de Janeiro,Rio de Janeiro,BRAS DE PINA,,,-22.8304204,-43.2930241,"21/04/2024, 15:57:00",false,false,,Não identificado,,,false,0,0,0,0,0,0,0,0,0,0,0,0,0,0
64088,"Avenida Dom Hélder Câmara - Pilares, Rio de Janeiro - RJ, Brasil",Sudeste,Rio de Janeiro,Rio de Janeiro,PILARES,,,-22.8834362,-43.2966261,"21/04/2024, 23:00:00",true,true,3 BPM,Ação policial,,,false,0,1,0,0,0,0,0,0,0,0,0,0,0,0
64108,"Estrada Carvalho Ramos - Campo Grande, Rio de Janeiro - RJ, Brasil",Sudeste,Rio de Janeiro,Rio de Janeiro,CAMPO GRANDE,,,-22.8859234,-43.5891919,"22/04/2024, 13:00:00",false,false,,Não identificado,,,false,0,0,0,0,0,0,0,0,0,0,0,0,0,0
64113,"Andaraí, Rio de Janeiro - RJ, Brasil",Sudeste,Rio de Janeiro,Rio de Janeiro,ANDARAI,,,-22.922329,-43.2477454,"22/04/2024, 20:19:00",false,false,,Não identificado,,,false,0,0,0,0,0,0,0,0,0,0,0,0,0,0
64133,"Morro do Urubu - Piedade, Rio de Janeiro - RJ, 20750, Brasil",Sudeste,Rio de Janeiro,Rio de Janeiro,PIEDADE,,MORRO DO URUBU (COMPLEXO DO URUBU),-22.87657404,-43.30422326,"23/04/2024, 01:18:00",false,false,,Não identificado,,,false,0,0,0,0,0,0,0,0,0,0,0,0,0,0
64115,"Avenida Pastor Martin Luther King Junior- Inhauma, Rio de Janeiro - RJ, Brasil",Sudeste,Rio de Janeiro,Rio de Janeiro,INHAUMA,,,-22.87424538459676,-43.28632091865249,"23/04/2024, 02:02:00",false,false,,Tiros a esmo,,,false,0,0,0,0,0,0,0,0,0,0,0,0,0,0
64117,"Terreirão - Recreio dos Bandeirantes, Rio de Janeiro - RJ, Brasil",Sudeste,Rio de Janeiro,Rio de Janeiro,RECREIO DOS BANDEIRANTES,,FAVELA DO TERREIRAO,-23.0238782,-43.4778061,"23/04/2024, 04:48:00",false,false,,Não identificado,,,false,0,0,0,0,0,0,0,0,0,0,0,0,0,0
64129,"Favela Piraquê - Guaratiba, Rio de Janeiro - RJ, 23020-715, Brasil",Sudeste,Rio de Janeiro,Rio de Janeiro,GUARATIBA,,FAVELA DO PIRAQUE,-22.992765120199202,	-43.608855084658515,"23/04/2024, 11:20:00",false,false,,Disputa,,,false,2,0,0,0,0,0,0,0,0,0,0,0,0,0
64137,"São Cristóvão, Rio de Janeiro - RJ, Brasil",Sudeste,Rio de Janeiro,Rio de Janeiro,SAO CRISTOVAO,,,-22.8996469,-43.2227,"23/04/2024, 17:34:00",false,false,,Não identificado,,,false,0,0,0,0,0,0,0,0,0,0,0,0,0,0
64141,"Tijuca, Rio de Janeiro - RJ, Brasil",Sudeste,Rio de Janeiro,Rio de Janeiro,TIJUCA,,,-22.9324433,-43.2411073,"23/04/2024, 21:25:00",false,false,,Não identificado,,,false,0,0,0,0,0,0,0,0,0,0,0,0,0,0
64139,"Morro dos Macacos - Vila Isabel, Rio de Janeiro - RJ, 20551-630, Brasil",Sudeste,Rio de Janeiro,Rio de Janeiro,VILA ISABEL,,MORRO DOS MACACOS,-22.91189634,-43.25524243,"23/04/2024, 22:35:00",false,false,,Disputa,,,false,0,0,0,0,0,0,0,0,0,0,0,0,0,0
64143,"Rua das Oliveiras - Maré, Rio de Janeiro - RJ, Brasil",Sudeste,Rio de Janeiro,Rio de Janeiro,MARE,,NOVA HOLANDA (COMPLEXO DA MARE),-22.8614224,-43.2404702,"24/04/2024, 02:56:00",true,true,BOPE,Operação policial,,,false,0,0,0,0,0,0,0,0,0,0,0,0,0,0
64144,"Nova Holanda - Bonsucesso, Rio de Janeiro - RJ, 21042-680, Brasil",Sudeste,Rio de Janeiro,Rio de Janeiro,MARE,,NOVA HOLANDA (COMPLEXO DA MARE),-22.855000	,-43.243889,"24/04/2024, 05:30:00",true,true,COE,Operação policial,,,false,0,0,0,0,0,0,0,0,0,0,0,0,0,0
64162,"Cascadura, Rio de Janeiro - RJ, Brasil",Sudeste,Rio de Janeiro,Rio de Janeiro,CASCADURA,,,-22.8821983,-43.3247002,"24/04/2024, 15:03:00",false,false,,Não identificado,,,false,0,0,0,0,0,0,0,0,0,0,0,0,0,0
64160,"Rua Jorge Rudge, Morro dos Macacos - Vila Isabel, Rio de Janeiro - RJ, Brasil",Sudeste,Rio de Janeiro,Rio de Janeiro,VILA ISABEL,,MORRO DOS MACACOS,-22.9115961,-43.2399245,"24/04/2024, 20:00:00",false,false,,Não identificado,,,false,0,0,0,0,0,0,0,0,0,0,0,0,0,0
64166,"Aterro do Flamengo - Flamengo, Rio de Janeiro - RJ, Brasil",Sudeste,Rio de Janeiro,Rio de Janeiro,FLAMENGO,,,-22.9398993,-43.1696936,"25/04/2024, 04:00:00",false,true,,Tentativa/Roubo,,,false,1,0,0,0,0,0,0,0,0,0,0,0,0,0
64176,"Furquim Mendes - Jardim America, Rio de Janeiro - RJ, 21240-450, Brasil",Sudeste,Rio de Janeiro,Rio de Janeiro,JARDIM AMERICA,,FURQUIM MENDES,-22.805796757696225,-43.31907415770264,"25/04/2024, 14:00:00",true,true,16º BPM,Ação policial,,,false,0,1,0,0,0,0,0,0,0,0,0,0,0,0
64178,"Complexo do Alemão, Rio de Janeiro - RJ, Brasil",Sudeste,Rio de Janeiro,Rio de Janeiro,COMPLEXO DO ALEMAO,,COMPLEXO DO ALEMAO,-22.8613084,-43.2721368,"25/04/2024, 18:50:00",false,false,,Não identificado,,,false,0,0,0,0,0,0,0,0,0,0,0,0,0,0
64179,"Ladeira dos Tabajaras - Copacabana, Rio de Janeiro - RJ, Brasil",Sudeste,Rio de Janeiro,Rio de Janeiro,COPACABANA,,LADEIRA DOS TABAJARAS,-22.9641358,-43.1898909,"25/04/2024, 21:02:00",false,false,,Não identificado,,,false,0,0,0,0,0,0,0,0,0,0,0,0,0,0
64182,"Complexo do Alemão, Rio de Janeiro - RJ, 21043-100, Brasil",Sudeste,Rio de Janeiro,Rio de Janeiro,COMPLEXO DO ALEMAO,,COMPLEXO DO ALEMAO,-22.86027516	,-43.2743799,"26/04/2024, 03:10:00",true,true,"BOPE, GAM",Operação policial,,,false,0,0,0,0,0,0,0,0,0,0,0,0,0,0
64181,"Vila do Cruzeiro - Penha, Rio de Janeiro - RJ, 21070-370, Brasil",Sudeste,Rio de Janeiro,Rio de Janeiro,PENHA,,VILA CRUZEIRO (COMPLEXO DA PENHA),-22.848632637937747	,-43.28276462401774,"26/04/2024, 03:10:00",true,true,"BOPE, GAM, PCERJ",Operação policial,,,false,0,0,0,0,0,0,0,0,0,0,0,0,0,0
64196,"Morro. da Covanca - Tanque, Rio de Janeiro - RJ, 22735-020, Brasil",Sudeste,Rio de Janeiro,Rio de Janeiro,TANQUE,,MORRO DA COVANCA,-22.91525671	,-43.3460376,"26/04/2024, 15:27:00",true,true,18 BPM,Ação policial,,,false,1,0,0,0,0,0,0,0,0,0,0,0,0,0
64222,"Tomás Coelho, Rio de Janeiro - RJ, Brasil",Sudeste,Rio de Janeiro,Rio de Janeiro,TOMAS COELHO,,,-22.865079,-43.3090791,"26/04/2024, 19:00:00",true,true,RECOM,Ação policial,,,false,0,1,0,0,0,0,0,0,0,0,0,0,0,0
64200,"Estrada Padre Roser - Vila da Penha, Rio de Janeiro - RJ, Brasil",Sudeste,Rio de Janeiro,Rio de Janeiro,VILA DA PENHA,,,-22.8406576,-43.3148557,"26/04/2024, 19:35:00",true,true,não identificado,Ação policial,,Perseguição,false,0,0,0,0,0,0,0,0,0,0,0,0,0,0
64202,"Morro Santo André - Senador Camará, Rio de Janeiro - RJ, 21831-461, Brasil",Sudeste,Rio de Janeiro,Rio de Janeiro,SENADOR CAMARA,,MORRO SANTO ANDRE,-22.895833	,-43.482500,"27/04/2024, 02:07:00",false,false,,Não identificado,,,false,0,0,0,0,0,0,0,0,0,0,0,0,0,0
64204,"Favela Bateau Mouche - Praça Seca, Rio de Janeiro - RJ, 22733, Brasil",Sudeste,Rio de Janeiro,Rio de Janeiro,PRACA SECA,,FAVELA BATEAU MOUCHE,-22.9084897,-43.354266,"27/04/2024, 06:25:00",false,false,,Não identificado,,,false,0,0,0,0,0,0,0,0,0,0,0,0,0,0
64219,"Morro da Muzema - Itanhangá, Rio de Janeiro - RJ, 22753-090, Brasil",Sudeste,Rio de Janeiro,Rio de Janeiro,ITANHANGA,,MORRO DA MUZEMA,-22.98300420311525,-43.323355469950556,"27/04/2024, 13:15:00",false,false,,Não identificado,,,false,0,0,0,0,0,0,0,0,0,0,0,0,0,0
64227,"Grajaú, Rio de Janeiro - RJ, Brasil",Sudeste,Rio de Janeiro,Rio de Janeiro,GRAJAU,,,-22.923666,-43.2583192,"27/04/2024, 18:15:00",false,false,,Não identificado,,,false,0,0,0,0,0,0,0,0,0,0,0,0,0,0
64231,"Guadalupe, Rio de Janeiro - RJ, Brasil",Sudeste,Rio de Janeiro,Rio de Janeiro,GUADALUPE,,,-22.8401032,-43.3781182,"27/04/2024, 22:25:00",false,false,,Não identificado,,,false,0,0,0,0,0,0,0,0,0,0,0,0,0,0
64239,"Comunidade Santa Maria - Jacarepaguá, Rio de Janeiro - RJ, 22723-630, Brasil",Sudeste,Rio de Janeiro,Rio de Janeiro,JACAREPAGUA,,COMUNIDADE SANTA MARIA,-22.914739,	-43.42013078,"28/04/2024, 05:00:00",true,true,"18 BPM ",Ação policial,,,false,1,0,0,0,0,0,0,0,0,0,0,0,0,0
64236,"Quitungo - Brás de Pina, Rio de Janeiro - RJ, 21215-510, Brasil",Sudeste,Rio de Janeiro,Rio de Janeiro,BRAS DE PINA,,QUITUNGO-GUAPORE,-22.835000	,-43.300278,"28/04/2024, 17:18:00",false,false,,Não identificado,,,false,0,0,0,0,0,0,0,0,0,0,0,0,0,0
64253,"Favela da Tinta - Cordovil, Rio de Janeiro - RJ, 21250-280, Brasil",Sudeste,Rio de Janeiro,Rio de Janeiro,CORDOVIL,,FAVELA DA TINTA,-22.822307982626953,-43.300833035644416,"28/04/2024, 18:00:00",false,false,,Não identificado,,,false,0,0,0,0,0,0,0,0,0,0,0,0,0,0
64241,"Quitungo - Brás de Pina, Rio de Janeiro - RJ, 21215-510, Brasil",Sudeste,Rio de Janeiro,Rio de Janeiro,BRAS DE PINA,,QUITUNGO-GUAPORE,-22.835000	,-43.300278,"28/04/2024, 18:18:00",false,false,,Não identificado,,,false,0,0,0,0,0,0,0,0,0,0,0,0,0,0
64247,"Ilha da Gigoia - Barra da Tijuca, Rio de Janeiro - RJ, Brasil",Sudeste,Rio de Janeiro,Rio de Janeiro,BARRA DA TIJUCA,,,-23.0031224,-43.3095446,"29/04/2024, 04:00:00",true,true,Gaeco/MPRJ,Ação policial,,,false,0,0,0,0,0,0,0,0,0,0,0,0,0,0
64263,"Favela do Antares- Santa Cruz, Rio de Janeiro - RJ, 23510-360, Brasil",Sudeste,Rio de Janeiro,Rio de Janeiro,SANTA CRUZ,,FAVELA DE ANTARES,-22.9212928,-43.66281821,"29/04/2024, 11:20:00",false,false,,Não identificado,,,false,0,0,0,0,0,0,0,0,0,0,0,0,0,0
64274,"Complexo do Alemão, Rio de Janeiro - RJ, Brasil",Sudeste,Rio de Janeiro,Rio de Janeiro,COMPLEXO DO ALEMAO,,COMPLEXO DO ALEMAO,-22.8613084,-43.2721368,"29/04/2024, 18:00:00",false,false,,Não identificado,,,false,0,0,0,0,0,0,0,0,0,0,0,0,0,0
64273,"AP2 (Cidade de Deus) - Cidade de Deus, Rio de Janeiro - RJ, 22763-197, Brasil",Sudeste,Rio de Janeiro,Rio de Janeiro,CIDADE DE DEUS,,CIDADE DE DEUS,-22.945973173195238,-43.35791691677703,"29/04/2024, 18:52:00",false,false,,Não identificado,,,false,0,0,0,0,0,0,0,0,0,0,0,0,0,0
64275,"Rua Ari Leão - Maré, Rio de Janeiro - RJ, Brasil",Sudeste,Rio de Janeiro,Rio de Janeiro,MARE,,PARQUE UNIAO (COMPLEXO DA MARE),-22.8504365,-43.2441323,"30/04/2024, 03:45:00",true,true,PC,Operação policial,,,false,0,0,0,0,0,0,0,0,0,0,0,0,0,0
64292,"Quafá - Vila Kennedy, Rio de Janeiro - RJ, 21854, Brasil",Sudeste,Rio de Janeiro,Rio de Janeiro,VILA KENNEDY,,QUAFA (VILA KENNEDY),-22.851569,-43.487404,"30/04/2024, 07:00:00",true,true,"14º BPM ",Ação policial,,,false,0,1,0,0,0,0,0,0,0,0,0,0,0,0
64293,"R. Nicarágua - Penha, Rio de Janeiro - RJ, 21020-050, Brasil",Sudeste,Rio de Janeiro,Rio de Janeiro,PENHA,,,-22.840110504985706,-43.27839036315994,"30/04/2024, 15:30:00",false,false,,Homicidio/Tentativa,,,false,2,1,0,0,0,0,0,0,0,0,1,0,0,0
64296,"Estrada do Quitungo - Brás de Pina, Rio de Janeiro - RJ, Brasil",Sudeste,Rio de Janeiro,Rio de Janeiro,BRAS DE PINA,,QUITUNGO-GUAPORE,-22.8319059,-43.302209,"30/04/2024, 19:10:00",false,false,,Não identificado,,,false,0,0,0,0,0,0,0,0,0,0,0,0,0,0
64311,"Rua Comandante Coelho, Cordovil, Rio de Janeiro, Rio de Janeiro, Brasil",Sudeste,Rio de Janeiro,Rio de Janeiro,CORDOVIL,,,-22.8240607,-43.3047018,"01/05/2024, 19:49:00",false,false,,Não identificado,,,false,0,0,0,0,0,0,0,0,0,0,0,0,0,0
64310,"Morro dos Macacos - Sampaio, Rio de Janeiro - RJ, 20560, Brasil",Sudeste,Rio de Janeiro,Rio de Janeiro,VILA ISABEL,,MORRO DOS MACACOS,-22.91,-43.2575,"01/05/2024, 20:53:00",false,false,,Não identificado,,,false,0,0,0,0,0,0,0,0,0,0,0,0,0,0
64313,"Quitungo-Guaporé - Brás de Pina, Rio de Janeiro - RJ, 21215-510, Brasil",Sudeste,Rio de Janeiro,Rio de Janeiro,BRAS DE PINA,,QUITUNGO-GUAPORE,-22.835000,	-43.300278,"01/05/2024, 22:37:00",false,false,,Não identificado,,,false,0,0,0,0,0,0,0,0,0,0,0,0,0,0
64312,"Cordovil, Rio de Janeiro, Rio de Janeiro, Brasil",Sudeste,Rio de Janeiro,Rio de Janeiro,CORDOVIL,,,-22.821171,-43.2928274,"01/05/2024, 23:13:00",false,false,,Não identificado,,,false,0,0,0,0,0,0,0,0,0,0,0,0,0,0
64317,"Morro dos Macacos - Vila Isabel, Rio de Janeiro - RJ, 20551-630, Brasil",Sudeste,Rio de Janeiro,Rio de Janeiro,VILA ISABEL,,MORRO DOS MACACOS,-22.91189634	,-43.25524243,"02/05/2024, 00:03:00",false,false,,Não identificado,,,false,0,0,0,0,0,0,0,0,0,0,0,0,0,0
64314,"Cidade de Deus, Rio de Janeiro - RJ, 22763-011, Brasil",Sudeste,Rio de Janeiro,Rio de Janeiro,CIDADE DE DEUS,,CIDADE DE DEUS,-22.948443124187403," -43.35972220509027","02/05/2024, 02:00:00",true,true,18º BPM,Operação policial,,,false,0,0,0,0,0,0,0,0,0,0,0,0,0,0
64315,"Cidade de Deus, Rio de Janeiro - RJ, 22763-011, Brasil",Sudeste,Rio de Janeiro,Rio de Janeiro,CIDADE DE DEUS,,CIDADE DE DEUS,-22.948364086454937,-43.35963637439948,"02/05/2024, 04:15:00",true,true,18º BPM,Operação policial,,,false,0,1,0,0,0,0,0,0,0,0,0,0,0,0
64339,"R. Manoel Vitorino - Piedade, Rio de Janeiro - RJ, 20740-280, Brasil",Sudeste,Rio de Janeiro,Rio de Janeiro,PIEDADE,,,-22.890481945346554,-43.309865349737535,"02/05/2024, 12:00:00",false,false,,Homicidio/Tentativa,,,false,0,1,0,0,0,0,0,0,0,0,0,0,0,0
64329,"Vila Aliança - Bangu, Rio de Janeiro - RJ, 21842-160, Brasil",Sudeste,Rio de Janeiro,Rio de Janeiro,BANGU,,VILA ALIANCA,-22.86909773,-43.47777013,"02/05/2024, 12:00:00",true,true,"14º BPM, PC",Operação policial,,,false,0,0,0,0,0,0,0,0,0,0,0,0,0,0
64330,"Morro da Primavera - Cavalcanti, Rio de Janeiro - RJ, 21370-280, Brasil",Sudeste,Rio de Janeiro,Rio de Janeiro,CAVALCANTI,,MORRO DA PRIMAVERA,-22.86902669,-43.31696145,"02/05/2024, 13:00:00",true,true,Polícia Civil (DRE),Ação policial,,,false,2,0,0,0,0,0,0,0,0,0,0,0,0,0
64334,"Pantanal - São Simão (Morro dos Macacos) - Vila Isabel, Rio de Janeiro - RJ, 20550-210, Brasil",Sudeste,Rio de Janeiro,Rio de Janeiro,VILA ISABEL,,MORRO DOS MACACOS,-22.908262029723133,-43.24699556779247,"02/05/2024, 14:44:00",false,false,,Disputa,,,false,0,0,0,0,0,0,0,0,0,0,0,0,0,0
64340,"Morro da Primavera - Cavalcanti, Rio de Janeiro - RJ, 21370-280, Brasil",Sudeste,Rio de Janeiro,Rio de Janeiro,CAVALCANTI,,MORRO DA PRIMAVERA,-22.86902669	,-43.31696145,"02/05/2024, 14:50:00",true,true,9 BPM,Ação policial,,,false,0,0,0,0,0,0,0,0,0,0,0,0,0,0
64335,"Favela do Metrô - Mangueira, Rio de Janeiro - RJ, 20550-018, Brasil",Sudeste,Rio de Janeiro,Rio de Janeiro,MANGUEIRA,,MANGUEIRA,"-22.907758945832146 ",-43.23836232154725,"02/05/2024, 15:00:00",false,false,,Disputa,,,false,0,0,0,0,0,0,0,0,0,0,0,0,0,0
64336,"Morro da Primavera - Cavalcanti, Rio de Janeiro - RJ, 21370-280, Brasil",Sudeste,Rio de Janeiro,Rio de Janeiro,CAVALCANTI,,MORRO DA PRIMAVERA,-22.86902669,-43.31696145,"02/05/2024, 16:12:00",true,true,3 BPM,Ação policial,,,false,0,0,0,0,0,0,0,0,0,0,0,0,0,0
64337,"Estr. de Itararé, Nova Brasília - Complexo do Alemão, Rio de Janeiro - RJ, 21061-240, Brasil",Sudeste,Rio de Janeiro,Rio de Janeiro,COMPLEXO DO ALEMAO,,NOVA BRASILIA (COMPLEXO DO ALEMAO),-22.864899048656646,-43.26886171160889,"02/05/2024, 16:19:00",true,true,"2º UPP (16 BPM) Nova Brasília ",Ação policial,,Perseguição,false,0,2,0,0,0,0,0,0,0,0,0,0,0,0
64342,"Morro dos Macacos - Vila Isabel, Rio de Janeiro - RJ, 20551-630, Brasil",Sudeste,Rio de Janeiro,Rio de Janeiro,VILA ISABEL,,MORRO DOS MACACOS,-22.91189634,	-43.25524243,"02/05/2024, 20:17:00",false,false,,Disputa,,,false,0,0,0,0,0,0,0,0,0,0,0,0,0,0
64350,"Faz Quem Quer - Rocha Miranda, Rio de Janeiro - RJ, 21540-530, Brasil",Sudeste,Rio de Janeiro,Rio de Janeiro,ROCHA MIRANDA,,FAVELA FAZ QUEM QUER,-22.85346116,-43.34077327,"03/05/2024, 11:00:00",false,false,,Não identificado,,,false,0,0,0,0,0,0,0,0,0,0,0,0,0,0
64352,"Morro do Campinho - Campinho, Rio de Janeiro - RJ, 21341-370, Brasil",Sudeste,Rio de Janeiro,Rio de Janeiro,CAMPINHO,,MORRO DO CAMPINHO (COMPLEXO DO FUBA),-22.887259839113543,-43.340234974099815,"03/05/2024, 12:55:00",false,false,,Disputa,,,false,0,0,0,0,0,0,0,0,0,0,0,0,0,0
64355,"Brás de Pina, Rio de Janeiro - RJ, Brasil",Sudeste,Rio de Janeiro,Rio de Janeiro,BRAS DE PINA,,,-22.8344389,-43.3027813,"03/05/2024, 17:27:00",false,false,,Não identificado,,,false,0,0,0,0,0,0,0,0,0,0,0,0,0,0
64374,"Gardênia Azul, Rio de Janeiro - RJ, Brasil",Sudeste,Rio de Janeiro,Rio de Janeiro,GARDENIA AZUL,,,-22.9582037,-43.3529536,"04/05/2024, 15:37:00",false,false,,Não identificado,,,false,0,0,0,0,0,0,0,0,0,0,0,0,0,0
64375,"Cidade Alta - Cordovil, Rio de Janeiro - RJ, Brasil",Sudeste,Rio de Janeiro,Rio de Janeiro,CORDOVIL,,CIDADE ALTA (COMPLEXO DE ISRAEL),-22.819569,-43.2943808,"04/05/2024, 17:27:00",true,true,PC (DRFA),Operação policial,,,false,0,0,0,0,0,0,0,0,0,0,0,0,0,0
64376,"5 Bocas - Brás de Pina, Rio de Janeiro - RJ, 23047-590, Brasil",Sudeste,Rio de Janeiro,Rio de Janeiro,BRAS DE PINA,,FAVELA 5 BOCAS (COMPLEXO DE ISRAEL),-22.82247302	,-43.28508894,"04/05/2024, 17:35:00",true,true,PC (DRFA),Operação policial,,,false,0,0,0,0,0,0,0,0,0,0,0,0,0,0
64377,"Avenida Ernani Cardoso - Cascadura, Rio de Janeiro - RJ, Brasil",Sudeste,Rio de Janeiro,Rio de Janeiro,CASCADURA,,,-22.8824151,-43.3352074,"05/05/2024, 03:00:00",false,false,,Não identificado,,,false,0,0,0,0,0,0,0,0,0,0,0,0,0,0
64378,"Morro dos Macacos - Vila Isabel, Rio de Janeiro - RJ, 20551-630, Brasil",Sudeste,Rio de Janeiro,Rio de Janeiro,VILA ISABEL,,MORRO DOS MACACOS,-22.91189634,	-43.25524243,"05/05/2024, 04:02:00",false,false,,Não identificado,,,false,0,0,0,0,0,0,0,0,0,0,0,0,0,0
64380,"Praia do Flamengo - Flamengo, Rio de Janeiro - RJ, Brasil",Sudeste,Rio de Janeiro,Rio de Janeiro,FLAMENGO,,,-22.9319144,-43.1745536,"05/05/2024, 07:00:00",false,false,,Tentativa/Roubo,,,false,1,0,0,0,0,0,0,0,0,0,0,0,0,0
64379,"Gardênia Azul, Rio de Janeiro - RJ, Brasil",Sudeste,Rio de Janeiro,Rio de Janeiro,GARDENIA AZUL,,,-22.9582037,-43.3529536,"05/05/2024, 15:33:00",false,false,,Não identificado,,,false,0,0,0,0,0,0,0,0,0,0,0,0,0,0
64398,"Estrada de Jacarepaguá - Anil, Rio de Janeiro - RJ, Brasil",Sudeste,Rio de Janeiro,Rio de Janeiro,ANIL,,,-22.957747,-43.3360863,"05/05/2024, 19:00:00",false,false,,Homicidio/Tentativa,,,false,1,0,0,0,0,0,0,0,0,0,0,0,0,0
64396,"Morro do Turano - Rio Comprido, Rio de Janeiro - RJ, 20261-004, Brasil",Sudeste,Rio de Janeiro,Rio de Janeiro,RIO COMPRIDO,,MORRO DO TURANO,-22.92595723	,-43.21575894,"05/05/2024, 20:59:00",false,false,,Não identificado,,,false,0,0,0,0,0,0,0,0,0,0,0,0,0,0
64384,"Rua Brandão Monteiro - Jacarepaguá, Rio de Janeiro - RJ, Brasil",Sudeste,Rio de Janeiro,Rio de Janeiro,JACAREPAGUA,,FAVELA PARQUE DOIS IRMAOS (CURICICA),-22.9513367,-43.3934214,"06/05/2024, 01:30:00",false,false,,Não identificado,,,false,0,0,0,0,0,0,0,0,0,0,0,0,0,0
64397,"Morro do Campinho - Cascadura, Rio de Janeiro - RJ, 21310-320, Brasil",Sudeste,Rio de Janeiro,Rio de Janeiro,CASCADURA,,MORRO DO CAMPINHO (COMPLEXO DO FUBA),-22.8850951874697,	-43.337939003183074,"06/05/2024, 09:10:00",false,false,,Não identificado,,,false,0,0,0,0,0,0,0,0,0,0,0,0,0,0
64407,"Rua Manaus - Realengo, Rio de Janeiro - RJ, Brasil",Sudeste,Rio de Janeiro,Rio de Janeiro,REALENGO,,,-22.8653491,-43.4324978,"06/05/2024, 15:16:00",false,false,,Não identificado,,,false,0,0,0,0,0,0,0,0,0,0,0,0,0,0
64408,"Morro do Jordão - Tanque, Rio de Janeiro - RJ, 22725-590, Brasil",Sudeste,Rio de Janeiro,Rio de Janeiro,TANQUE,,MORRO DO JORDAO,-22.91094354,	-43.37403875,"06/05/2024, 16:48:00",false,false,,Não identificado,,,false,0,0,0,0,0,0,0,0,0,0,0,0,0,0
64409,"Costa Barros, Rio de Janeiro - RJ, Brasil",Sudeste,Rio de Janeiro,Rio de Janeiro,COSTA BARROS,,,-22.8246094,-43.3726806,"06/05/2024, 20:00:00",false,false,,Não identificado,,,false,0,0,0,0,0,0,0,0,0,0,0,0,0,0
64428,"Batanzinho (Vila União Mirim) - Realengo, Rio de Janeiro - RJ, 21730-230, Brasil",Sudeste,Rio de Janeiro,Rio de Janeiro,REALENGO,,FAVELA DO BATANZINHO (VILA UNIAO MIRIM),-22.865377635569164," -43.429294200666185","07/05/2024, 14:00:00",true,true,14 BPM,Ação policial,,,false,0,1,0,0,0,0,0,0,0,0,0,0,0,0
64424,"Rua General Miguel Costa - Guadalupe, Rio de Janeiro - RJ, Brasil",Sudeste,Rio de Janeiro,Rio de Janeiro,GUADALUPE,,,-22.8355797,-43.3736678,"07/05/2024, 15:30:00",false,false,,Não identificado,,,false,0,0,0,0,0,0,0,0,0,0,0,0,0,0
64439,"Avenida Brasil - Paciência, Rio de Janeiro - RJ, 23065-480, Brasil",Sudeste,Rio de Janeiro,Rio de Janeiro,PACIENCIA,,,-22.8809766,-43.6317964,"07/05/2024, 17:00:00",false,false,,Tentativa/Roubo,,,false,0,1,0,0,0,0,0,0,0,0,0,0,0,0
64429,"Vilar Carioca - Cosmos, Rio de Janeiro - RJ, 23060-390, Brasil",Sudeste,Rio de Janeiro,Rio de Janeiro,COSMOS,,VILAR CARIOCA,-22.9120556	,-43.6146683,"07/05/2024, 17:29:00",false,false,,Não identificado,,,false,0,0,0,0,0,0,0,0,0,0,0,0,0,0
64410,"Rua Matusalém, Curicica, Rio de Janeiro - Rio de Janeiro, Brasil",Sudeste,Rio de Janeiro,Rio de Janeiro,CURICICA,,FAVELA PARQUE DOIS IRMAOS (CURICICA),-22.952272220838605,-43.392066992819316,"07/05/2024, 20:30:00",false,false,,Não identificado,,,false,0,0,0,0,0,0,0,0,0,0,0,0,0,0
64444,"Anchieta, Rio de Janeiro - RJ, Brasil",Sudeste,Rio de Janeiro,Rio de Janeiro,ANCHIETA,,,-22.8208388,-43.396871,"08/05/2024, 00:02:00",false,false,,Não identificado,,,false,0,0,0,0,0,0,0,0,0,0,0,0,0,0
64446,"Rua Mané Garrincha - Gardênia Azul, Rio de Janeiro - RJ, Brasil",Sudeste,Rio de Janeiro,Rio de Janeiro,GARDENIA AZUL,,FAVELA VILA NOVA ESPERANCA (OU FAVELAO),-22.9560372,-43.3549374,"08/05/2024, 01:00:00",true,true,"18° BPM ",Ação policial,,,false,1,0,0,0,0,0,0,0,0,0,0,0,0,0
64432,"Vigário Geral, Rio de Janeiro - RJ, Brasil",Sudeste,Rio de Janeiro,Rio de Janeiro,VIGARIO GERAL,,,-22.8086939,-43.3071081,"08/05/2024, 03:00:00",true,true,"16º BPM, COE",Operação policial,,,false,0,0,0,0,0,0,0,0,0,0,0,0,0,0
64433,"Cidade Alta - Cordovil, Rio de Janeiro - RJ, Brasil",Sudeste,Rio de Janeiro,Rio de Janeiro,CORDOVIL,,CIDADE ALTA (COMPLEXO DE ISRAEL),-22.819569,-43.2943808,"08/05/2024, 03:10:00",true,true,"16º BPM, COE",Operação policial,,,false,0,0,0,0,0,0,0,0,0,0,0,0,0,0
64440,"Estrada Adhemar Bebiano - Inhaúma, Rio de Janeiro - RJ, Brasil",Sudeste,Rio de Janeiro,Rio de Janeiro,INHAUMA,,,-22.8716962,-43.281737,"08/05/2024, 06:41:00",true,true,03º BPM,Ação policial,,,false,0,0,0,0,0,0,0,0,0,0,0,0,0,0
64469,"Avenida Brasil - Coelho Neto, Rio de Janeiro - RJ, 20940-070, Brasil",Sudeste,Rio de Janeiro,Rio de Janeiro,COELHO NETO,,,-22.834036330469957,-43.3590021916043,"08/05/2024, 14:00:00",false,true,,Arrastão,,,false,0,0,0,0,0,0,0,0,0,0,0,0,0,0
64449,"Estrada dos Três Rios - Freguesia (Jacarepaguá), Rio de Janeiro - RJ, Brasil",Sudeste,Rio de Janeiro,Rio de Janeiro,FREGUESIA (JACAREPAGUA),,,-22.9358672,-43.3313319,"08/05/2024, 20:31:00",false,false,,Não identificado,,,false,0,0,0,0,0,0,0,0,0,0,0,0,0,0
64451,"Jardim Oceânico - Barra da Tijuca, Rio de Janeiro - RJ, Brasil",Sudeste,Rio de Janeiro,Rio de Janeiro,BARRA DA TIJUCA,,,-23.0110064,-43.3091914,"08/05/2024, 21:20:00",false,false,,Não identificado,,,false,0,0,0,0,0,0,0,0,0,0,0,0,0,0
64452,"Vila do Pinheiro - Maré, Rio de Janeiro - RJ, 21046-035, Brasil",Sudeste,Rio de Janeiro,Rio de Janeiro,MARE,,VILA DO PINHEIRO (COMPLEXO DA MARE),-22.869613475460696,-43.237506419564156,"09/05/2024, 02:55:00",true,true,BOPE,Operação policial,,,false,2,0,0,0,0,0,0,0,0,0,0,0,0,0
64464,"Vila do João - Maré, Rio de Janeiro - RJ, 21046-630, Brasil",Sudeste,Rio de Janeiro,Rio de Janeiro,MARE,,VILA DO JOAO (COMPLEXO DA MARE),-22.87117627,	-43.2410853,"09/05/2024, 06:20:00",true,true,BOPE,Operação policial,,,false,0,0,0,0,0,0,0,0,0,0,0,0,0,0
64460,"Morro do Timbau - Maré, Rio de Janeiro - RJ, 21042-050, Brasil",Sudeste,Rio de Janeiro,Rio de Janeiro,MARE,,MORRO DO TIMBAU (COMPLEXO DA MARE),-22.86250847,	-43.24132626,"09/05/2024, 07:45:00",true,true,BOPE,Operação policial,,,false,0,0,0,0,0,0,0,0,0,0,0,0,0,0
64461,"Morro da Muzema - Itanhangá, Rio de Janeiro - RJ, Brasil",Sudeste,Rio de Janeiro,Rio de Janeiro,ITANHANGA,,MORRO DA MUZEMA,-22.9819444,-43.3225,"09/05/2024, 07:55:00",false,false,,Não identificado,,,false,0,0,0,0,0,0,0,0,0,0,0,0,0,0
64493,"Avenida Brasil - Benfica, Rio de Janeiro - RJ, 20930-040, Brasil",Sudeste,Rio de Janeiro,Rio de Janeiro,BENFICA,,,-22.88671793772576,-43.23346617613495,"09/05/2024, 15:00:00",false,true,,Tentativa/Roubo,,,false,0,0,1,0,0,0,0,0,0,0,0,0,0,0
64475,"Rua Francisco Portela - Guadalupe, Rio de Janeiro - RJ, Brasil",Sudeste,Rio de Janeiro,Rio de Janeiro,GUADALUPE,,,-22.8377071,-43.3735426,"09/05/2024, 15:08:00",false,false,,Não identificado,,,false,0,0,0,0,0,0,0,0,0,0,0,0,0,0
64478,"Morro do Fubá (Complexo do Fubá)- Cascadura, Rio de Janeiro - RJ, 21311-050, Brasil",Sudeste,Rio de Janeiro,Rio de Janeiro,CASCADURA,,MORRO DO FUBA (COMPLEXO DO FUBA),-22.887122984185595,-43.32952685026246,"09/05/2024, 17:00:00",false,false,,Não identificado,,,false,0,0,0,0,0,0,0,0,0,0,0,0,0,0
64482,"Rua Fernando Lobo - Guadalupe, Rio de Janeiro - RJ, Brasil",Sudeste,Rio de Janeiro,Rio de Janeiro,GUADALUPE,,LOTEAMENTO FERNANDO LOBO,-22.8328106,-43.3823075,"09/05/2024, 19:45:00",false,false,,Não identificado,,,false,0,0,0,0,0,0,0,0,0,0,0,0,0,0
64481,"Favela da Tirol - Jacarepaguá, Rio de Janeiro - RJ, 22750-003, Brasil",Sudeste,Rio de Janeiro,Rio de Janeiro,FREGUESIA (JACAREPAGUA),,FAVELA DA TIROL,-22.939522513022624	,-43.32406392578123,"09/05/2024, 19:58:00",false,false,,Não identificado,,,false,0,0,0,0,0,0,0,0,0,0,0,0,0,0
64494,"R. Pão de Açúcar - Rocha Miranda, Rio de Janeiro - RJ, 21540-530, Brasil",Sudeste,Rio de Janeiro,Rio de Janeiro,ROCHA MIRANDA,,MORRO DO FAZ QUEM QUER (COMPLEXO DO CAJUEIRO),-22.852542796143897," -43.34207711349096","10/05/2024, 04:00:00",false,false,,Não identificado,,,false,0,0,0,0,0,0,0,0,0,0,0,0,0,0
64485,"Faz Quem Quer - Rocha Miranda, Rio de Janeiro - RJ, 21540-530, Brasil",Sudeste,Rio de Janeiro,Rio de Janeiro,ROCHA MIRANDA,,MORRO DO FAZ QUEM QUER (COMPLEXO DO CAJUEIRO),-22.85346116,	-43.34077327,"10/05/2024, 05:20:00",true,true,9 BPM,Operação policial,,,false,2,0,0,0,0,0,0,0,0,0,0,0,0,0
64506,"Barros Filho, Rio de Janeiro - RJ, Brasil",Sudeste,Rio de Janeiro,Rio de Janeiro,BARROS FILHO,,,-22.8361571,-43.3635172,"10/05/2024, 16:47:00",false,false,,Não identificado,,,false,0,0,0,0,0,0,0,0,0,0,0,0,0,0
64507,"Morro do Juramento, Vicente de Carvalho - Rio de Janeiro, RJ, Brasil",Sudeste,Rio de Janeiro,Rio de Janeiro,VICENTE DE CARVALHO,,MORRO DO JURAMENTO (COMPLEXO DO JURAMENTO),-22.859321508810282,-43.315138485180654,"10/05/2024, 19:40:00",false,false,,Disputa,,,false,1,0,0,0,0,0,0,0,0,0,0,0,0,0
64508,"Morro do Juramento, Vicente de Carvalho - Rio de Janeiro, RJ, Brasil",Sudeste,Rio de Janeiro,Rio de Janeiro,VICENTE DE CARVALHO,,MORRO DO JURAMENTO (COMPLEXO DO JURAMENTO),-22.860250809254314,-43.31694092963866,"10/05/2024, 20:40:00",false,false,,Disputa,,,false,0,0,0,0,0,0,0,0,0,0,0,0,0,0
64515,"Morro dos Macacos  - Vila Isabel, Rio de Janeiro - RJ, 20551-630, Brasil",Sudeste,Rio de Janeiro,Rio de Janeiro,VILA ISABEL,,MORRO DOS MACACOS,-22.91189634,-43.25524243,"11/05/2024, 03:30:00",false,false,,Não identificado,,,false,0,0,0,0,0,0,0,0,0,0,0,0,0,0
64510,"Cinco Bocas - Brás de Pina, Rio de Janeiro - RJ, 23047-590, Brasil",Sudeste,Rio de Janeiro,Rio de Janeiro,BRAS DE PINA,,FAVELA 5 BOCAS (COMPLEXO DE ISRAEL),-22.82247302,-43.28508894,"11/05/2024, 05:15:00",false,false,,Não identificado,,,false,0,0,0,0,0,0,0,0,0,0,0,0,0,0
64517,"Favela do Antares- Santa Cruz, Rio de Janeiro - RJ, 23510-360, Brasil",Sudeste,Rio de Janeiro,Rio de Janeiro,SANTA CRUZ,,FAVELA DE ANTARES,-22.9212928	,-43.66281821,"11/05/2024, 15:06:00",true,true,Polícia Civil,Operação policial,,,false,0,1,0,0,0,0,0,0,0,0,0,0,0,0
64518,"Nova Holanda (Complexo da Maré) - Maré, Rio de Janeiro - RJ, 21042-680, Brasil",Sudeste,Rio de Janeiro,Rio de Janeiro,MARE,,NOVA HOLANDA (COMPLEXO DA MARE),-22.855000,-43.243889,"11/05/2024, 18:32:00",false,false,,Tiros a esmo,,,false,0,0,0,0,0,0,0,0,0,0,0,0,0,0
64520,"R. Javata - Morro do Chapadão, Costa Barros, Rio de Janeiro - RJ, Brasil",Sudeste,Rio de Janeiro,Rio de Janeiro,COSTA BARROS,,JAVATA (COMPLEXO DO CHAPADAO),-22.8245849,-43.3765511,"11/05/2024, 19:57:00",false,false,,Não identificado,,,false,0,0,0,0,0,0,0,0,0,0,0,0,0,0
64525,"Méier, Rio de Janeiro - RJ, Brasil",Sudeste,Rio de Janeiro,Rio de Janeiro,MEIER,,,-22.9020826,-43.2803793,"12/05/2024, 00:00:00",false,false,,Não identificado,,,false,0,0,0,0,0,0,0,0,0,0,0,0,0,0
64523,"Morro Santo Amaro - Catete, Rio de Janeiro - RJ, 22211, Brasil",Sudeste,Rio de Janeiro,Rio de Janeiro,CATETE,,SANTO AMARO,-22.9236111,-43.1805556,"12/05/2024, 03:40:00",false,false,,Não identificado,,,false,0,0,0,0,0,0,0,0,0,0,0,0,0,0
64541,"Gardênia Azul, Rio de Janeiro - RJ, Brasil",Sudeste,Rio de Janeiro,Rio de Janeiro,GARDENIA AZUL,,,-22.9582037,-43.3529536,"13/05/2024, 07:00:00",true,true,BPChq e 18º BPM,Ação policial,,,false,0,0,0,0,0,0,0,0,0,0,0,0,0,0
64550,"Tijuquinha - Itanhangá, Rio de Janeiro - RJ, Brasil",Sudeste,Rio de Janeiro,Rio de Janeiro,ITANHANGA,,FAVELA TIJUQUINHA,-22.9914508,-43.3115352,"13/05/2024, 16:00:00",true,true,31 BPM,Ação policial,,,false,0,1,0,0,0,0,0,0,0,0,0,1,0,0
64551,"Morro do Jordão, Tanque, Rio de Janeiro - RJ, 22725-590, Brasil",Sudeste,Rio de Janeiro,Rio de Janeiro,TANQUE,,MORRO DO JORDAO,-22.9109435,-43.3740387,"13/05/2024, 18:00:00",true,true,18 BPM,Ação policial,,,false,2,0,0,0,0,0,0,0,0,0,0,0,0,0
64572,"Av. Meriti - Vila da Penha, Rio de Janeiro - RJ, 21211-006, Brasil",Sudeste,Rio de Janeiro,Rio de Janeiro,VILA DA PENHA,,,-22.84204603203629,-43.313730655294805,"13/05/2024, 19:00:00",true,true,16 BPM,Ação policial,,Perseguição,false,1,0,0,0,0,0,0,0,0,0,0,0,0,0
64555,"Vicente de Carvalho, Rio de Janeiro - Brasil",Sudeste,Rio de Janeiro,Rio de Janeiro,VICENTE DE CARVALHO,,,-22.85693761830576,-43.32040609140167,"14/05/2024, 02:00:00",false,false,,Não identificado,,,false,0,0,0,0,0,0,0,0,0,0,0,0,0,0
64554,"Madureira, Rio de Janeiro - RJ, 21360-160, Brasil",Sudeste,Rio de Janeiro,Rio de Janeiro,MADUREIRA,,,-22.867720296661666,-43.33664681702069,"14/05/2024, 02:00:00",false,false,,Não identificado,,,false,0,0,0,0,0,0,0,0,0,0,0,0,0,0
64552,"Morro do Urubu (Complexo do Urubu), R. Jacareí,  Pilares, Rio de Janeiro - RJ, 20750-250, Brasil",Sudeste,Rio de Janeiro,Rio de Janeiro,PILARES,,MORRO DO URUBU (COMPLEXO DO URUBU),-22.8757208,-43.3013434,"14/05/2024, 04:28:00",false,false,,Não identificado,,,false,0,0,0,0,0,0,0,0,0,0,0,0,0,0
64558,"Para Pedro, Colégio, Rio de Janeiro - RJ, 21235-290, Brasil",Sudeste,Rio de Janeiro,Rio de Janeiro,COLEGIO,,FAVELA PARA PEDRO,-22.8388372,-43.3336524,"14/05/2024, 07:00:00",true,true,41BPM,Operação policial,,,false,1,0,0,0,0,0,0,0,0,0,0,0,0,0
64571,"Rua Manhuaçu - Vargem Grande, Rio de Janeiro - RJ, Brasil",Sudeste,Rio de Janeiro,Rio de Janeiro,VARGEM GRANDE,,,-22.9810026,-43.4950297,"14/05/2024, 11:40:00",false,false,,Homicidio/Tentativa,,,false,1,0,0,0,0,0,0,0,0,0,0,0,0,0
64567,"Guadalupe, Rio de Janeiro - RJ, 21660-020, Brasil",Sudeste,Rio de Janeiro,Rio de Janeiro,GUADALUPE,,,-22.843642916951236,-43.37551109283751,"14/05/2024, 12:05:00",true,true,BPVE,Ação policial,,,false,1,0,0,0,0,0,0,0,0,0,0,0,0,0
64565,"Rebu - Senador Camará, Rio de Janeiro - RJ, 21833-120, Brasil",Sudeste,Rio de Janeiro,Rio de Janeiro,SENADOR CAMARA,,REBU (COMPLEXO DO REBU DE SENADOR CAMARA),-22.87887626	,-43.49526128,"14/05/2024, 13:21:00",true,true,14º BPM,Ação policial,,,false,0,0,0,0,0,0,0,0,0,0,0,0,0,0
64570,"Barão de Itapagipe - Rio Comprido, Rio de Janeiro - RJ, 20261-240, Brasil",Sudeste,Rio de Janeiro,Rio de Janeiro,RIO COMPRIDO,,,-22.918889007891703,-43.21012687270812,"14/05/2024, 17:30:00",true,true,BPChq,Tentativa/Roubo,,,false,1,0,0,0,0,0,0,0,0,0,0,0,0,0
64574,"Vila Isabel, Rio de Janeiro - RJ, Brasil",Sudeste,Rio de Janeiro,Rio de Janeiro,VILA ISABEL,,,-22.9165886,-43.2502461,"14/05/2024, 20:27:00",false,false,,Não identificado,,,false,0,0,0,0,0,0,0,0,0,0,0,0,0,0
64577,"Acari, Rio de Janeiro - RJ, Brasil",Sudeste,Rio de Janeiro,Rio de Janeiro,ACARI,,FAVELA DE ACARI,-22.8255154,-43.3445447,"15/05/2024, 06:05:00",false,false,,Não identificado,,,false,0,0,0,0,0,0,0,0,0,0,0,0,0,0
64595,"Cidade de Deus (Favela 15) - Cidade de Deus, Rio de Janeiro - RJ, 22773-270, Brasil",Sudeste,Rio de Janeiro,Rio de Janeiro,CIDADE DE DEUS,,CIDADE DE DEUS,-22.94594768956474,-43.36524187790986,"16/05/2024, 03:00:00",false,false,,Não identificado,,,false,0,0,0,0,0,0,0,0,0,0,0,0,0,0
64596,"Maré, Rio de Janeiro - RJ, 21042-210, Brasil",Sudeste,Rio de Janeiro,Rio de Janeiro,MARE,,COMPLEXO DA MARE,-22.86280015133291,-43.24609276878663,"16/05/2024, 03:10:00",false,false,,Não identificado,,,false,0,0,0,0,0,0,0,0,0,0,0,0,0,0
64597,"Conjunto do Ipase - Vila Kosmos, Rio de Janeiro - RJ, 21210-600, Brasil",Sudeste,Rio de Janeiro,Rio de Janeiro,VILA KOSMOS,,CONJUNTO DO IPASE,-22.847347551687616,-43.302724991401675,"16/05/2024, 04:00:00",false,false,,Não identificado,,,false,0,0,0,0,0,0,0,0,0,0,0,0,0,0
64598,"Furquim Mendes,  Vigário Geral, Rio de Janeiro - RJ, 21241-340, Brasil",Sudeste,Rio de Janeiro,Rio de Janeiro,VIGARIO GERAL,,FURQUIM MENDES,-22.8063506,-43.3157375,"16/05/2024, 05:00:00",true,true,18 BPM,Operação policial,,,false,0,0,0,0,0,0,0,0,0,0,0,0,0,0
64614,"Avenida Antenor Navarro - Brás de Pina, Rio de Janeiro - RJ, Brasil",Sudeste,Rio de Janeiro,Rio de Janeiro,BRAS DE PINA,,,-22.8261299,-43.2899823,"16/05/2024, 14:41:00",false,false,,Não identificado,,,false,0,0,0,0,0,0,0,0,0,0,0,0,0,0
64625,"Aterro do flamengo - Flamengo, Rio de Janeiro - RJ, Brasil",Sudeste,Rio de Janeiro,Rio de Janeiro,FLAMENGO,,,-22.9338884,-43.1733567,"16/05/2024, 19:00:00",false,true,,Tentativa/Roubo,,,false,1,0,0,0,0,0,0,0,0,0,0,0,0,0
64626,"Morro do Barbante (Vila Joaniza) - Galeão, Rio de Janeiro - RJ, 21941-660, Brasil",Sudeste,Rio de Janeiro,Rio de Janeiro,GALEAO,,MORRO DO BARBANTE (OU VILA JOANIZA),-22.81324966	,-43.22954715,"16/05/2024, 19:00:00",true,true,17 BPM,Ação policial,,,false,0,0,0,0,0,0,0,0,0,0,0,0,0,0
64623,"Morro da Mangueira - Mangueira, Rio de Janeiro - RJ, Brasil",Sudeste,Rio de Janeiro,Rio de Janeiro,MANGUEIRA,,MANGUEIRA,-22.9025508,-43.2370745,"16/05/2024, 19:25:00",false,false,,Não identificado,,,false,0,0,0,0,0,0,0,0,0,0,0,0,0,0
64627,"Rua Poeraba,Favela Paraopeba Inhoaíba, Rio de Janeiro, Rio de Janeiro, Brasil",Sudeste,Rio de Janeiro,Rio de Janeiro,INHOAIBA,BAIRRO AURORA,FAVELA PARAOPEBA,-22.9178608,-43.58205,"16/05/2024, 20:24:00",false,false,,Não identificado,,,false,0,0,0,0,0,0,0,0,0,0,0,0,0,0
64628,"Estrada da Covanca - Tanque, Rio de Janeiro - RJ, Brasil",Sudeste,Rio de Janeiro,Rio de Janeiro,TANQUE,,,-22.9151126,-43.3472132,"17/05/2024, 04:19:00",true,true,18º BPM,Ação policial,,,false,0,3,0,0,0,0,0,0,0,0,0,0,0,0
64631,"Vila Aliança - Bangu, Rio de Janeiro - RJ, Brasil",Sudeste,Rio de Janeiro,Rio de Janeiro,BANGU,,VILA ALIANCA,-22.8694071,-43.4790849,"17/05/2024, 04:38:00",true,true,14º BPM,Operação policial,,,false,0,0,0,0,0,0,0,0,0,0,0,0,0,0
64632,"Vila Aliança - Bangu, Rio de Janeiro - RJ, Brasil",Sudeste,Rio de Janeiro,Rio de Janeiro,BANGU,,VILA ALIANCA,-22.8694071,-43.4790849,"17/05/2024, 05:29:00",true,true,14º BPM,Operação policial,,,false,0,0,0,0,0,0,0,0,0,0,0,0,0,0
64648,"Vila da Penha, Rio de Janeiro - RJ, 21221-350, Brasil",Sudeste,Rio de Janeiro,Rio de Janeiro,VILA DA PENHA,,,-22.842563421572674,-43.311076195700835,"17/05/2024, 11:40:00",false,false,,Não identificado,,,false,0,0,0,0,0,0,0,0,0,0,0,0,0,0
64683,"Estr. da Boiúna,  Taquara, Rio de Janeiro - RJ, 22723-021, Brasil",Sudeste,Rio de Janeiro,Rio de Janeiro,TAQUARA,,,-22.9152543,-43.4007293,"17/05/2024, 12:00:00",false,true,,Suicídio,,,false,0,0,1,0,0,0,0,0,0,0,0,0,0,0
64667,"Avenida Brasil - Coelho Neto, Rio de Janeiro - RJ, Brasil",Sudeste,Rio de Janeiro,Rio de Janeiro,COELHO NETO,,,-22.8305375,-43.3489533,"17/05/2024, 13:00:00",true,true,BPVE,Tentativa/Roubo,,,false,0,1,0,0,0,0,0,0,0,0,0,0,0,0
64646,"Morro do Jorge Turco, Rio de Janeiro - RJ, 21510-270, Brasil",Sudeste,Rio de Janeiro,Rio de Janeiro,COELHO NETO,,MORRO JORGE TURCO,-22.8393783,-43.3469868,"17/05/2024, 14:00:00",true,true,9BPM,Ação policial,,,false,0,3,0,0,0,0,0,0,0,0,0,0,0,0
64647,"Vila Aliança, Bangu, Rio de Janeiro - RJ, 21842-340, Brasil",Sudeste,Rio de Janeiro,Rio de Janeiro,BANGU,,VILA ALIANCA,-22.869311186297445,-43.479175130688475,"17/05/2024, 15:20:00",true,true," 14° BPM",Operação policial,,,false,0,0,0,0,0,0,0,0,0,0,0,0,0,0
64659,"Rua Manoel Vitorino - Encantado, Rio de Janeiro - RJ, Brasil",Sudeste,Rio de Janeiro,Rio de Janeiro,ENCANTADO,,,-22.8937047,-43.30588,"17/05/2024, 17:00:00",false,true,não se aplica,Briga,,,false,0,0,1,0,0,0,0,0,0,0,0,0,0,0
64650,"Morro do Dendê, Tauá, Rio de Janeiro - RJ, 21922-490, Brasil",Sudeste,Rio de Janeiro,Rio de Janeiro,TAUA,,MORRO DO DENDE,-22.80156778086763,-43.18517175032152,"17/05/2024, 19:00:00",true,true,BOPE,Operação policial,,,false,0,0,0,0,0,0,0,0,0,0,0,0,0,0
64720,"Rio das Pedras, Rio de Janeiro - RJ, Brasil",Sudeste,Rio de Janeiro,Rio de Janeiro,ITANHANGA,,RIO DAS PEDRAS,-22.9899253,-43.3216369,"18/05/2024, 03:00:00",false,false,,Não identificado,,,false,0,0,0,0,0,0,0,0,0,0,0,0,0,0
64666,"Magalhães Bastos, Rio de Janeiro - RJ, Brasil",Sudeste,Rio de Janeiro,Rio de Janeiro,MAGALHAES BASTOS,,,-22.8711722,-43.4145531,"18/05/2024, 04:19:00",true,true,14º BPM,Ação policial,,Perseguição,false,0,0,0,0,0,0,0,0,0,0,0,0,0,0
64661,"Morro do Muzema, Itanhangá, Rio de Janeiro, RJ, Brasil",Sudeste,Rio de Janeiro,Rio de Janeiro,ITANHANGA,,MORRO DA MUZEMA,-22.982233780196637,-43.322368417033076,"18/05/2024, 05:50:00",true,true,31º BPM,Ação policial,,,false,0,0,0,0,0,0,0,0,0,0,0,0,0,0
64660,"Praia da Reserva - Barra da Tijuca, Rio de Janeiro - RJ, Brasil",Sudeste,Rio de Janeiro,Rio de Janeiro,BARRA DA TIJUCA,,,-23.0131041,-43.3943647,"18/05/2024, 06:00:00",false,false,,Tentativa/Roubo,,,false,0,1,0,0,0,0,0,0,0,0,0,0,0,0
64663,"Rua Aroeira - Jacarepaguá, Rio de Janeiro - RJ, Brasil",Sudeste,Rio de Janeiro,Rio de Janeiro,JACAREPAGUA,,,-22.9658504,-43.3315192,"18/05/2024, 16:41:00",true,true,18º BPM,Ação policial,,,false,0,1,0,0,0,0,0,0,0,0,0,0,0,0
64673,"Estrada João Paulo - Barros Filho, Rio de Janeiro - RJ, Brasil",Sudeste,Rio de Janeiro,Rio de Janeiro,BARROS FILHO,,,-22.8387957,-43.3624022,"19/05/2024, 06:00:00",true,true,41 BPM,Ação policial,,,false,2,1,0,0,0,0,0,0,0,0,0,0,0,0
64676,"Faz Quem Quer - Rocha Miranda, Rio de Janeiro - RJ, 21540-530, Brasil",Sudeste,Rio de Janeiro,Rio de Janeiro,ROCHA MIRANDA,,FAVELA FAZ QUEM QUER,-22.85346116	,-43.34077327,"19/05/2024, 13:43:00",false,false,,Não identificado,,,false,0,0,0,0,0,0,0,0,0,0,0,0,0,0
64694,"Vila Kennedy, Rio de Janeiro - RJ, 21852-001, Brasil",Sudeste,Rio de Janeiro,Rio de Janeiro,VILA KENNEDY,,VILA KENNEDY,-22.85389257320866,-43.486268480950926,"20/05/2024, 08:00:00",false,false,,Não identificado,,,false,0,0,0,0,0,0,0,0,0,0,0,0,0,0
64703,"Brás de Pina - Rio de Janeiro - RJ, 21215-310, Brasil",Sudeste,Rio de Janeiro,Rio de Janeiro,BRAS DE PINA,,,-22.830506473988304,-43.29304131842001,"20/05/2024, 19:40:00",false,false,,Não identificado,,,false,0,0,0,0,0,0,0,0,0,0,0,0,0,0
64707,"Morro do Faz Quem Quer, Rocha Miranda, Rio de Janeiro - RJ, 21540-780, Brasil",Sudeste,Rio de Janeiro,Rio de Janeiro,ROCHA MIRANDA,,MORRO DO FAZ QUEM QUER (COMPLEXO DO CAJUEIRO),-22.85372202918948,-43.338902576057436,"21/05/2024, 00:25:00",false,false,,Não identificado,,,false,0,0,0,0,0,0,0,0,0,0,0,0,0,0
64706,"Morro dos Prazeres, Santa Teresa, Rio de Janeiro - RJ, 20241-410, Brasil",Sudeste,Rio de Janeiro,Rio de Janeiro,SANTA TERESA,,MORRO DOS PRAZERES,-22.933812581111585,-43.20467932624125,"21/05/2024, 03:00:00",false,false,,Não identificado,,,false,0,0,0,0,0,0,0,0,0,0,0,0,0,0
64719,"Faz Quem Quer - Rocha Miranda, Rio de Janeiro - RJ, 21540-530, Brasil",Sudeste,Rio de Janeiro,Rio de Janeiro,ROCHA MIRANDA,,FAVELA FAZ QUEM QUER,-22.85346116,	-43.34077327,"21/05/2024, 12:52:00",true,true,09º BPM,Operação policial,,,false,0,0,0,0,0,0,0,0,0,0,0,0,0,0
64716,"Quitungo-Guapore - Brás de Pina, Rio de Janeiro - RJ, 21215-510, Brasil",Sudeste,Rio de Janeiro,Rio de Janeiro,BRAS DE PINA,,COMPLEXO DE ISRAEL,-22.835000,	-43.300278,"21/05/2024, 12:53:00",true,true," 16ºBPM (Olaria), BOPE",Ação policial,,,false,0,0,0,0,0,0,0,0,0,0,0,0,0,0
64723,"Vila do João (Complexo da Maré) - Maré, Rio de Janeiro - RJ, 21046-630, Brasil",Sudeste,Rio de Janeiro,Rio de Janeiro,MARE,,VILA DO JOAO (COMPLEXO DA MARE),-22.87117627	,-43.2410853,"21/05/2024, 15:27:00",true,true,PM,Ação policial,,,false,0,0,0,0,0,0,0,0,0,0,0,0,0,0
64724,"Morro da Muzema, Itanhangá - Rio de Janeiro, RJ, Brasil",Sudeste,Rio de Janeiro,Rio de Janeiro,ITANHANGA,,MORRO DA MUZEMA,-22.982928135779467,-43.32195776703139,"21/05/2024, 16:55:00",false,false,,Não identificado,,,false,0,0,0,0,0,0,0,0,0,0,0,0,0,0
64725,"Morro da Silveira (Quiririm) - Vila Valqueire, Rio de Janeiro - RJ, 21330-580, Brasil",Sudeste,Rio de Janeiro,Rio de Janeiro,VILA VALQUEIRE,,MORRO DA SILVEIRA (QUIRIRIM),-22.886051761860777	,-43.35896630450058,"21/05/2024, 17:00:00",false,false,,Não identificado,,,false,0,0,0,0,0,0,0,0,0,0,0,0,0,0
64726,"Cidade de Deus, Rio de Janeiro - RJ, 22763-340, Brasil",Sudeste,Rio de Janeiro,Rio de Janeiro,CIDADE DE DEUS,,CIDADE DE DEUS,-22.94851953593628,-43.359887486169434,"21/05/2024, 18:35:00",false,false,,Não identificado,,,false,0,0,0,0,0,0,0,0,0,0,0,0,0,0
64747,"Morro do 18 - Piedade, Rio de Janeiro - RJ, 20740-600, Brasil",Sudeste,Rio de Janeiro,Rio de Janeiro,PIEDADE,,MORRO DO 18 (COMPLEXO DO 18),-22.905011856611303,-43.31769304011568,"22/05/2024, 02:31:00",true,true,03 BPM,Operação policial,,,false,0,1,0,0,0,0,0,0,0,0,0,0,0,0
64732,"Morro da Muzema, Itanhangá - Rio de Janeiro, RJ, Brasil",Sudeste,Rio de Janeiro,Rio de Janeiro,ITANHANGA,,MORRO DA MUZEMA,-22.98252022	,-43.32289413,"22/05/2024, 03:50:00",false,false,,Não identificado,,,false,0,0,0,0,0,0,0,0,0,0,0,0,0,0
64733,"Morro do Barbante - Galeão, Rio de Janeiro - RJ, 21941-660, Brasil",Sudeste,Rio de Janeiro,Rio de Janeiro,GALEAO,,MORRO DO BARBANTE (OU VILA JOANIZA),-22.81324966	,-43.22954715,"22/05/2024, 04:10:00",true,true,17º BPM,Ação policial,,,false,0,0,0,0,0,0,0,0,0,0,0,0,0,0
64736,"Morro da Muzema, Itanhangá - Rio de Janeiro, RJ, Brasil",Sudeste,Rio de Janeiro,Rio de Janeiro,ITANHANGA,,MORRO DA MUZEMA,-22.98252022	,-43.32289413,"22/05/2024, 04:50:00",true,true,Não identificado,Ação policial,,,false,0,0,0,0,0,0,0,0,0,0,0,0,0,0
64738,"Morro do Campinho (Complexo do Fubá) - Cascadura, Rio de Janeiro - RJ, 21310-320, Brasil",Sudeste,Rio de Janeiro,Rio de Janeiro,CASCADURA,,MORRO DO CAMPINHO (COMPLEXO DO FUBA),-22.8850951874697	,-43.337939003183074,"22/05/2024, 05:30:00",true,true,09º BPM,Operação policial,,,false,0,0,0,0,0,0,0,0,0,0,0,0,0,0
64743,"Avenida Oliveira Belo - Vila da Penha, Rio de Janeiro - RJ, Brasil",Sudeste,Rio de Janeiro,Rio de Janeiro,VILA DA PENHA,,,-22.844639,-43.3100291,"22/05/2024, 06:45:00",false,false,,Não identificado,,,false,0,0,0,0,0,0,0,0,0,0,0,0,0,0
64753,"Av. Ernani Cardoso, Morro do Campinho (Complexo do Fubá) -  Campinho, Rio de Janeiro - RJ, 21310-310, Brasil",Sudeste,Rio de Janeiro,Rio de Janeiro,CAMPINHO,,MORRO DO CAMPINHO (COMPLEXO DO FUBA),-22.883119504146677,-43.33895281534424,"22/05/2024, 13:00:00",false,false,,Disputa,,,false,1,0,0,0,0,0,0,0,0,0,1,0,0,0
64751,"Rua Capitão Menezes - Praça Seca, Rio de Janeiro - RJ, Brasil",Sudeste,Rio de Janeiro,Rio de Janeiro,PRACA SECA,,,-22.8923402,-43.3482302,"22/05/2024, 14:30:00",true,true,18 BPM,Ação policial,,,false,0,0,0,0,0,0,0,0,0,0,0,0,0,0
64752,"Campinho, Rio de Janeiro - RJ, Brasil",Sudeste,Rio de Janeiro,Rio de Janeiro,CAMPINHO,,,-22.8834352,-43.3538259,"22/05/2024, 15:40:00",false,false,,Não identificado,,,false,0,0,0,0,0,0,0,0,0,0,0,0,0,0
64755,"Furquim Mendes - Vigário Geral, Rio de Janeiro - RJ, Brasil",Sudeste,Rio de Janeiro,Rio de Janeiro,VIGARIO GERAL,,FURQUIM MENDES,-22.8060539,-43.3149972,"22/05/2024, 17:00:00",true,true,16 BPM,Ação policial,,,false,0,1,0,0,0,0,0,0,0,0,0,0,0,0
64756,"Morro da Muzema, Itanhangá - Rio de Janeiro, RJ, Brasil",Sudeste,Rio de Janeiro,Rio de Janeiro,ITANHANGA,,MORRO DA MUZEMA,-22.98252022	,-43.32289413,"22/05/2024, 21:08:00",true,true,31º BPM,Ação policial,,,false,0,0,0,0,0,0,0,0,0,0,0,0,0,0
64757,"Morro da Muzema, Itanhangá - Rio de Janeiro, RJ, Brasil",Sudeste,Rio de Janeiro,Rio de Janeiro,ITANHANGA,,MORRO DA MUZEMA,-22.98252022	,-43.32289413,"23/05/2024, 02:28:00",true,true,31º BPM,Ação policial,,,false,0,0,0,0,0,0,0,0,0,0,0,0,0,0
64759,"Complexo do Alemão, Rio de Janeiro - RJ, Brasil",Sudeste,Rio de Janeiro,Rio de Janeiro,COMPLEXO DO ALEMAO,,COMPLEXO DO ALEMAO,-22.8613084,-43.2721368,"23/05/2024, 03:27:00",true,true,Polícia Federal,Operação policial,,,false,0,0,0,0,0,0,0,0,0,0,0,0,0,0
64758,"Rua Ministro Moreira de Abreu - Olaria, Rio de Janeiro - RJ, Brasil",Sudeste,Rio de Janeiro,Rio de Janeiro,OLARIA,,PEDRA DO SAPO (COMPLEXO DO ALEMAO),-22.8522579,-43.2810982,"23/05/2024, 03:34:00",true,true,Polícia Federal,Operação policial,,,false,0,0,0,0,0,0,0,0,0,0,0,0,0,0
64770,"Estrada do Porto Velho - Cordovil, Rio de Janeiro - RJ, Brasil",Sudeste,Rio de Janeiro,Rio de Janeiro,CORDOVIL,,,-22.8207138,-43.2917724,"23/05/2024, 06:00:00",false,false,,Não identificado,,,false,0,1,0,0,0,0,0,0,0,0,0,0,0,0
64764,"Parque Esperança, Complexo do Chapadão - Anchieta, Rio de Janeiro - RJ, 21645-470, Brasil",Sudeste,Rio de Janeiro,Rio de Janeiro,ANCHIETA,,PARQUE ESPERANCA (COMPLEXO DO CHAPADAO),-22.82534697	,-43.39553606,"23/05/2024, 08:02:00",true,true,41º BPM,Ação policial,,,false,2,0,0,0,0,0,0,0,0,0,1,0,0,0
64773,"Avenida Brasil - Santa Cruz, Rio de Janeiro - RJ, Brasil",Sudeste,Rio de Janeiro,Rio de Janeiro,SANTA CRUZ,,,-22.8876023,-43.6552922,"23/05/2024, 09:00:00",false,false,,Tentativa/Roubo,,,false,0,1,0,0,0,0,0,0,0,0,0,0,0,0
64775,"Morro do Campinho, Cascadura, Rio de Janeiro - RJ, 21310-320, Brasil",Sudeste,Rio de Janeiro,Rio de Janeiro,CASCADURA,,MORRO DO CAMPINHO (COMPLEXO DO FUBA),-22.8850952,-43.337939,"23/05/2024, 18:20:00",false,false,,Não identificado,,,false,0,0,0,0,0,0,0,0,0,0,0,0,0,0
64777,"Morro do Fubá, Cascadura, Rio de Janeiro - RJ, 21311-120, Brasil",Sudeste,Rio de Janeiro,Rio de Janeiro,CASCADURA,,MORRO DO FUBA (COMPLEXO DO FUBA),-22.89211870188359,-43.334149750926215,"23/05/2024, 19:00:00",false,false,,Não identificado,,,false,0,0,0,0,0,0,0,0,0,0,0,0,0,0
64779," Praça Seca, Rio de Janeiro - RJ, 21321-035, Brasil",Sudeste,Rio de Janeiro,Rio de Janeiro,PRACA SECA,,,-22.892664342776,-43.34944628447978,"23/05/2024, 19:00:00",false,false,,Não identificado,,,false,0,0,0,0,0,0,0,0,0,0,0,0,0,0
64783,"Cidade de Deus, Rio de Janeiro - RJ, Brasil",Sudeste,Rio de Janeiro,Rio de Janeiro,CIDADE DE DEUS,,CIDADE DE DEUS,-22.9465337,-43.3697151,"24/05/2024, 03:58:00",true,true,18º BPM,Operação policial,,,false,0,0,0,0,0,0,0,0,0,0,0,0,0,0
64789,"Rocha Miranda, Rio de Janeiro - RJ, Brasil",Sudeste,Rio de Janeiro,Rio de Janeiro,ROCHA MIRANDA,,,-22.8519449,-43.34677,"24/05/2024, 08:00:00",true,true,"9 BPM ",Ação policial,,,false,1,0,0,0,0,0,0,0,0,0,0,0,0,0
66332,"Quitungo-Guaporé - Brás de Pina, Rio de Janeiro - RJ, 21215-510, Brasil",Sudeste,Rio de Janeiro,Rio de Janeiro,BRAS DE PINA,,QUITUNGO-GUAPORE,-22.835000,-43.300278,"24/05/2024, 11:00:00",true,true,"PC (DRFA), PM",Operação policial,,,false,0,2,0,0,0,0,0,0,0,0,0,0,0,0
64792,"Rua Sebastião Araujo - Favela Vila São Jorge, Cosmos, Rio de Janeiro - RJ, Brasil",Sudeste,Rio de Janeiro,Rio de Janeiro,COSMOS,,FAVELA VILA SAO JORGE,-22.9124113,-43.6103848,"24/05/2024, 12:00:00",false,false,,Homicidio/Tentativa,,,false,1,0,0,0,0,0,0,0,0,0,0,0,1,0
64797,"Rua Edgard Werneck, Cidade de Deus, Rio de Janeiro - RJ, 22763-011, Brasil",Sudeste,Rio de Janeiro,Rio de Janeiro,CIDADE DE DEUS,,CIDADE DE DEUS,-22.947812487885866,-43.3600706048935,"25/05/2024, 06:00:00",true,true,18° BPM,Ação policial,,,false,0,0,0,0,0,0,0,0,0,0,0,0,0,0
64803,"Rua Limites - Realengo, Rio de Janeiro - RJ, Brasil",Sudeste,Rio de Janeiro,Rio de Janeiro,REALENGO,,,-22.8836356,-43.4384666,"25/05/2024, 12:00:00",true,true,14 BPM,Tentativa/Roubo,,Perseguição,false,0,1,0,0,0,0,0,0,0,0,0,0,0,0
64801,"Morro da Muzema, Itanhangá - Rio de Janeiro, RJ, Brasil",Sudeste,Rio de Janeiro,Rio de Janeiro,ITANHANGA,,MORRO DA MUZEMA,-22.98252022	,-43.32289413,"25/05/2024, 13:14:00",true,true,BOPE,Disputa,,,false,0,0,0,0,0,0,0,0,0,0,0,0,0,0
64805,"Morro dos Macacos - Vila Isabel, Rio de Janeiro - RJ, 20551-232, Brasil",Sudeste,Rio de Janeiro,Rio de Janeiro,VILA ISABEL,,MORRO DOS MACACOS,-22.91302401690162,-43.25704938888549,"25/05/2024, 17:30:00",false,false,,Não identificado,,,false,0,0,0,0,0,0,0,0,0,0,0,0,0,0
64807,"Morro dos Macacos - Vila Isabel, Rio de Janeiro - RJ, 20551-232, Brasil",Sudeste,Rio de Janeiro,Rio de Janeiro,VILA ISABEL,,MORRO DOS MACACOS,-22.912813608891906,-43.2573056741272,"25/05/2024, 18:30:00",false,false,,Disputa,,,false,0,0,0,0,0,0,0,0,0,0,0,0,0,0
64808,"Catiri - Bangu, Rio de Janeiro - RJ, Brasil",Sudeste,Rio de Janeiro,Rio de Janeiro,BANGU,,CATIRI,-22.8579082,-43.4720611,"25/05/2024, 18:45:00",false,false,,Não identificado,,,false,0,0,0,0,0,0,0,0,0,0,0,0,0,0
64822,"Condomínio Moradas - Itanhangá, Rio de Janeiro - RJ, Brasil",Sudeste,Rio de Janeiro,Rio de Janeiro,ITANHANGA,,,-22.9770903,-43.3299409,"25/05/2024, 19:00:00",false,false,,Não identificado,,,false,0,0,0,0,0,0,0,0,0,0,0,0,0,0
64811,"Complexo da Pedreira - Costa Barros, Rio de Janeiro - RJ, Brasil",Sudeste,Rio de Janeiro,Rio de Janeiro,COSTA BARROS,,COMPLEXO DA PEDREIRA,-22.8207158,-43.3647849,"25/05/2024, 23:14:00",false,false,,Disputa,,,false,0,0,0,0,0,0,0,0,0,0,0,0,0,0
64816,"Complexo da Pedreira, Costa Barros, Rio de Janeiro - RJ, 21650-300, Brasil",Sudeste,Rio de Janeiro,Rio de Janeiro,COSTA BARROS,,COMPLEXO DA PEDREIRA,-22.82410577483003,-43.37001282667571,"26/05/2024, 00:00:00",false,false,,Disputa,,,false,0,0,0,0,0,0,0,0,0,0,0,0,0,0
64825,"Rua das Camélias - Campo Grande, Rio de Janeiro - RJ, Brasil",Sudeste,Rio de Janeiro,Rio de Janeiro,CAMPO GRANDE,,,-22.8444372,-43.5324822,"26/05/2024, 12:00:00",false,false,,Briga,,,false,1,0,0,0,0,0,0,0,0,0,0,0,0,0
64824,"Favela da Terra Nostra - Barros Filho, Rio de Janeiro - RJ, 21670-511, Brasil",Sudeste,Rio de Janeiro,Rio de Janeiro,BARROS FILHO,,FAVELA DA TERRA NOSTRA (COMPLEXO DA PEDREIRA),-22.830857086156083,-43.36978284025878,"26/05/2024, 16:13:00",false,false,,Não identificado,,,false,0,0,0,0,0,0,0,0,0,0,0,0,0,0
64826,"Morro dos Macacos - Vila Isabel, Rio de Janeiro - RJ, Brasil",Sudeste,Rio de Janeiro,Rio de Janeiro,VILA ISABEL,,MORRO DOS MACACOS,-22.91,-43.2575,"26/05/2024, 20:41:00",false,false,,Não identificado,,,false,0,0,0,0,0,0,0,0,0,0,0,0,0,0
64828,"Favela da Tirol - Jacarepaguá, Rio de Janeiro - RJ, 22750-003, Brasil",Sudeste,Rio de Janeiro,Rio de Janeiro,FREGUESIA (JACAREPAGUA),,FAVELA DA TIROL,-22.939522513022624	,-43.32406392578123,"26/05/2024, 20:48:00",false,false,,Não identificado,,,false,0,0,0,0,0,0,0,0,0,0,0,0,0,0
64849,"Travessa Goiás - Quintino Bocaiúva, Rio de Janeiro - RJ, Brasil",Sudeste,Rio de Janeiro,Rio de Janeiro,QUINTINO BOCAIUVA,,,-22.8875711,-43.3213961,"26/05/2024, 23:00:00",false,false,,Homicidio/Tentativa,,,false,2,0,0,0,0,0,0,0,0,0,0,0,0,0
64829,"Rio das Pedras - Jacarepaguá, Rio de Janeiro - RJ, 22753-212, Brasil",Sudeste,Rio de Janeiro,Rio de Janeiro,JACAREPAGUA,,RIO DAS PEDRAS,-22.9694183	,-43.33525902,"27/05/2024, 01:20:00",false,false,,Disputa,,,false,0,0,0,0,0,0,0,0,0,0,0,0,0,0
64832,"Complexo da Maré - Maré, Rio de Janeiro - RJ, Brasil",Sudeste,Rio de Janeiro,Rio de Janeiro,MARE,,COMPLEXO DA MARE,-22.8739666,-43.2394661,"27/05/2024, 01:47:00",true,true,"BOPE, BPVE, 22º BPM",Operação policial,,,false,0,0,0,0,0,0,0,0,0,0,0,0,0,0
64837,"Rio das Pedras - Jacarepaguá, Rio de Janeiro - RJ, 22753-212, Brasil",Sudeste,Rio de Janeiro,Rio de Janeiro,FREGUESIA (JACAREPAGUA),,RIO DAS PEDRAS,-22.9694183	,-43.33525902,"27/05/2024, 03:00:00",false,false,,Disputa,,,false,0,0,0,0,0,0,0,0,0,0,0,0,0,0
64841,"Vila Kennedy, Rio de Janeiro - RJ, 23098-030, Brasil",Sudeste,Rio de Janeiro,Rio de Janeiro,VILA KENNEDY,,VILA KENNEDY,-22.85399886133852,-43.487700797483825,"27/05/2024, 07:00:00",true,true,14 BPM,Ação policial,,,false,1,1,0,0,0,0,0,0,0,0,0,0,0,0
64834,"Rua Aimoré - Penha, Rio de Janeiro - RJ, Brasil",Sudeste,Rio de Janeiro,Rio de Janeiro,PENHA,,,-22.8454793,-43.2861226,"27/05/2024, 07:50:00",false,false,,Não identificado,,,false,0,0,0,0,0,0,0,0,0,0,0,0,0,0
64846,"Nova Holanda, Maré, Rio de Janeiro - RJ, 21044-690, Brasil",Sudeste,Rio de Janeiro,Rio de Janeiro,MARE,,NOVA HOLANDA (COMPLEXO DA MARE),-22.85437422243387,-43.24135471349182,"27/05/2024, 11:30:00",false,false,,Não identificado,,,false,0,0,0,0,0,0,0,0,0,0,0,0,0,0
64845,"Loteamento Parque Celeste, Vicente de Carvalho, Rio de Janeiro - RJ, 21371-010, Brasil",Sudeste,Rio de Janeiro,Rio de Janeiro,VICENTE DE CARVALHO,,LOTEAMENTO PARQUE CELESTE,-22.8553906,-43.3156463,"27/05/2024, 12:00:00",false,false,,Não identificado,,,false,0,0,0,0,0,0,0,0,0,0,0,0,0,0
64855,"Complexo do Chapadão - Pavuna, Rio de Janeiro - RJ, 21650-020, Brasil",Sudeste,Rio de Janeiro,Rio de Janeiro,PAVUNA,,COMPLEXO DO CHAPADAO,-22.82326393	,-43.37707903,"27/05/2024, 13:30:00",true,true,"41 BPM, 9BPM, 16BPM",Disputa,,,false,1,1,0,0,0,0,0,0,0,0,0,0,0,0
64848,"Complexo da Pedreira - Costa Barros, Rio de Janeiro - RJ, 21515-570, Brasil",Sudeste,Rio de Janeiro,Rio de Janeiro,COSTA BARROS,,COMPLEXO DA PEDREIRA,-22.82425288	,-43.36809439,"27/05/2024, 14:48:00",false,false,,Disputa,,,false,0,0,0,0,0,0,0,0,0,0,0,0,0,0
64850,"Complexo da Pedreira - Costa Barros, Rio de Janeiro - RJ, 21515-570, Brasil",Sudeste,Rio de Janeiro,Rio de Janeiro,COSTA BARROS,,COMPLEXO DA PEDREIRA,-22.82425288	,-43.36809439,"27/05/2024, 16:26:00",false,false,,Disputa,,,false,0,0,0,0,0,0,0,0,0,0,0,0,0,0
64852,"Complexo da Pedreira - Costa Barros, Rio de Janeiro - RJ, 21515-570, Brasil",Sudeste,Rio de Janeiro,Rio de Janeiro,COSTA BARROS,,COMPLEXO DA PEDREIRA,-22.82425288,-43.36809439,"27/05/2024, 17:26:00",false,false,,Disputa,,,false,0,0,0,0,0,0,0,0,0,0,0,0,0,0
64857,"Chatuba - Penha, Rio de Janeiro - RJ, 21070-820, Brasil",Sudeste,Rio de Janeiro,Rio de Janeiro,PENHA,,CHATUBA (COMPLEXO DA PENHA),-22.846265984342025,-43.290944209856406,"28/05/2024, 02:00:00",false,false,,Não identificado,,,false,0,0,0,0,0,0,0,0,0,0,0,0,0,0
64858,"Vicente de Carvalho, Rio de Janeiro - RJ, 21370-620, Brasil",Sudeste,Rio de Janeiro,Rio de Janeiro,VICENTE DE CARVALHO,,,-22.857026595715883,-43.31397414788513,"28/05/2024, 02:00:00",false,false,,Não identificado,,,false,0,0,0,0,0,0,0,0,0,0,0,0,0,0
64856," Conjunto do Ipase, Vila Kosmos, Rio de Janeiro - RJ, 21210-840, Brasil",Sudeste,Rio de Janeiro,Rio de Janeiro,VILA KOSMOS,,CONJUNTO DO IPASE,-22.84890474343992,-43.30401242209015,"28/05/2024, 02:55:00",true,true,"16°BPM, 41°BPM, 3°BPM, COE",Operação policial,,,false,0,0,0,0,0,0,0,0,0,0,0,0,0,0
64863,"Favela Beira-Rio - Pavuna, Rio de Janeiro - RJ, 21535-030, Brasil",Sudeste,Rio de Janeiro,Rio de Janeiro,PAVUNA,,FAVELA BEIRA-RIO,-22.820272760709507,-43.34755501586915,"28/05/2024, 08:00:00",true,true,41 BPM,Ação policial,,,false,0,0,0,0,0,0,0,0,0,0,0,0,0,0
64864,"Favela Da Terra Nostra - Costa Barros, Rio de Janeiro - RJ, 21650-210, Brasil",Sudeste,Rio de Janeiro,Rio de Janeiro,COSTA BARROS,,FAVELA DA TERRA NOSTRA (COMPLEXO DA PEDREIRA),-22.8284063,-43.3713024,"28/05/2024, 13:21:00",false,false,,Disputa,,,false,0,0,0,0,0,0,0,0,0,0,0,0,0,0
64866,"Complexo da Pedreira - Costa Barros, Rio de Janeiro - RJ, Brasil",Sudeste,Rio de Janeiro,Rio de Janeiro,COSTA BARROS,,COMPLEXO DA PEDREIRA,-22.8246094,-43.3726806,"28/05/2024, 14:21:00",false,false,,Disputa,,,false,0,0,0,0,0,0,0,0,0,0,0,0,0,0
64867,"Favela da 13 (Cidade de Deus) - Cidade de Deus, Rio de Janeiro - RJ, 22775-690, Brasil",Sudeste,Rio de Janeiro,Rio de Janeiro,CIDADE DE DEUS,,CIDADE DE DEUS,-22.947906529397056," -43.36944314541729","28/05/2024, 15:10:00",false,false,,Não identificado,,,false,0,0,0,0,0,0,0,0,0,0,0,0,0,0
64871,"Favela Novo Rio (Marcão) - Gardênia Azul, Rio de Janeiro - RJ, 22765-560, Brasil",Sudeste,Rio de Janeiro,Rio de Janeiro,GARDENIA AZUL,,FAVELA NOVO RIO (MARCAO),-22.9608807,-43.3489255,"28/05/2024, 20:16:00",true,true,BPChq,Ação policial,,,false,0,0,0,1,0,0,0,0,0,0,0,0,0,0
64877,"Morro do Barbante (Vila Joaniza) - Galeão, Rio de Janeiro - RJ, 21941-660, Brasil",Sudeste,Rio de Janeiro,Rio de Janeiro,GALEAO,,MORRO DO BARBANTE (OU VILA JOANIZA),-22.81324966	,-43.22954715,"29/05/2024, 06:00:00",false,false,,Não identificado,,,false,0,0,0,0,0,0,0,0,0,0,0,0,0,0
64889,"Favela Cavalo de Aço - Senador Camará, Rio de Janeiro - RJ, 23010-530, Brasil",Sudeste,Rio de Janeiro,Rio de Janeiro,SENADOR CAMARA,,COMUNIDADE CAVALO DE ACO,-22.8798776,-43.50272009,"29/05/2024, 10:30:00",false,true,,Homicidio/Tentativa,,"Outros,Entrada na Favela por Engano",true,2,0,1,0,0,0,0,0,1,0,0,0,0,0
65668,"Avenida Canal do Anil - Gardênia Azul, Rio de Janeiro - RJ, Brasil",Sudeste,Rio de Janeiro,Rio de Janeiro,GARDENIA AZUL,,CHICO CITY (FAVELA DO CANAL DO ANIL),-22.959469,-43.3436275,"29/05/2024, 15:00:00",false,false,,Homicidio/Tentativa,,Feminicídio/tentativa,false,1,0,0,0,0,0,0,0,0,0,0,0,0,0
64905,"Anchieta, Rio de Janeiro - RJ, Brasil",Sudeste,Rio de Janeiro,Rio de Janeiro,ANCHIETA,,,-22.8208388,-43.396871,"29/05/2024, 16:30:00",false,false,,Não identificado,,,false,0,0,0,0,0,0,0,0,0,0,0,0,0,0
64893,"Taquara, Rio de Janeiro - RJ, Brasil",Sudeste,Rio de Janeiro,Rio de Janeiro,TAQUARA,,,-22.9229954,-43.3742313,"29/05/2024, 17:00:00",false,false,,Não identificado,,,false,0,0,0,0,0,0,0,0,0,0,0,0,0,0
64894,"Conjunto do Bairro 13 (Complexo da Pedreira) - Barros Filho, Rio de Janeiro - RJ, 21665-210, Brasil",Sudeste,Rio de Janeiro,Rio de Janeiro,BARROS FILHO,,CONJUNTO DO BAIRRO 13 (COMPLEXO DA PEDREIRA),-22.832083744727196,	-43.36782071958148,"29/05/2024, 17:00:00",false,false,,Não identificado,,,false,0,0,0,0,0,0,0,0,0,0,0,0,0,0
64895,"Morro do Urubu - Piedade, Rio de Janeiro - RJ, 20750, Brasil",Sudeste,Rio de Janeiro,Rio de Janeiro,PIEDADE,,MORRO DO URUBU (COMPLEXO DO URUBU),-22.87657404,-43.30422326,"29/05/2024, 20:12:00",false,false,,Não identificado,,,false,0,0,0,0,0,0,0,0,0,0,0,0,0,0
64904,"Rua Rio da Prata - Bangu, Rio de Janeiro - RJ, 21820-093, Brasil",Sudeste,Rio de Janeiro,Rio de Janeiro,BANGU,,COMUNIDADE DO RIO DA PRATA,-22.88614981620284,-43.474901600555405,"30/05/2024, 02:38:00",false,false,,Não identificado,,,false,0,0,0,0,0,0,0,0,0,0,0,0,0,0
64897,"Rua Iara, Morro Jorge Turco - Colégio, Rio de Janeiro - RJ, 21545-300, Brasil",Sudeste,Rio de Janeiro,Rio de Janeiro,COLEGIO,,MORRO JORGE TURCO,-22.8378724,-43.340855,"30/05/2024, 02:59:00",true,true,09º BPM,Ação policial,,,true,5,0,0,0,0,0,0,0,0,0,0,0,0,0
64907,"Favela Terra Nostra - Costa Barros, Rio de Janeiro - RJ, 21650-210, Brasil",Sudeste,Rio de Janeiro,Rio de Janeiro,COSTA BARROS,,TERRA NOSTRA (COMPLEXO DA PEDREIRA),-22.8284063,-43.3713024,"30/05/2024, 07:00:00",true,true,41 BPM,Ação policial,,,false,0,2,0,0,0,0,0,0,0,0,0,0,0,0
64916,"Favela Terra Nostra (Complexo da Pedreira) - Costa Barros, Rio de Janeiro - RJ, 21650-210, Brasil",Sudeste,Rio de Janeiro,Rio de Janeiro,COSTA BARROS,,TERRA NOSTRA (COMPLEXO DA PEDREIRA),-22.8284063,-43.3713024,"30/05/2024, 17:00:00",true,true,41 BPM,Ação policial,,,false,0,1,0,0,0,0,0,0,0,0,0,0,0,0
64917,"Complexo do Chapadão, Costa Barros, Rio de Janeiro - RJ, 21650-020, Brasil",Sudeste,Rio de Janeiro,Rio de Janeiro,COSTA BARROS,,COMPLEXO DO CHAPADAO,-22.82326393	,-43.37707903,"30/05/2024, 21:16:00",false,false,,Não identificado,,,false,0,0,0,0,0,0,0,0,0,0,0,0,0,0
64925,"Rua Silvio Terra - Barros Filho, Rio de Janeiro - RJ, Brasil",Sudeste,Rio de Janeiro,Rio de Janeiro,BARROS FILHO,,FAVELA DO IRAQUE (COMPLEXO DO CHAPADAO),-22.8332737,-43.3713557,"31/05/2024, 10:00:00",true,true,41 BPM,Ação policial,,,true,4,2,0,0,0,0,0,0,0,0,0,0,0,0
64926,"Rua Itapoan - Benfica, Rio de Janeiro - RJ, Brasil",Sudeste,Rio de Janeiro,Rio de Janeiro,BENFICA,,,-22.8975328,-43.2394915,"31/05/2024, 14:58:00",false,false,,Não identificado,,,false,0,0,0,0,0,0,0,0,0,0,0,0,0,0
64927,"Favela da Tirol - Freguesia de Jacarepaguá, Rio de Janeiro - RJ, 22750-003, Brasil",Sudeste,Rio de Janeiro,Rio de Janeiro,FREGUESIA (JACAREPAGUA),,FAVELA DA TIROL,-22.939522513022624,	-43.32406392578123,"31/05/2024, 15:50:00",false,false,,Não identificado,,,false,0,0,0,0,0,0,0,0,0,0,0,0,0,0
64929,"Favela da Tirol - Freguesia de Jacarepaguá, Rio de Janeiro - RJ, 22750-003, Brasil",Sudeste,Rio de Janeiro,Rio de Janeiro,FREGUESIA (JACAREPAGUA),,FAVELA DA TIROL,-22.9398637,-43.3237266,"31/05/2024, 17:26:00",false,false,,Não identificado,,,false,0,0,0,0,0,0,0,0,0,0,0,0,0,0
64930,"Morro do Campinho (Complexo do Fubá) - Campinho, Rio de Janeiro - RJ, 21310-420, Brasil",Sudeste,Rio de Janeiro,Rio de Janeiro,CAMPINHO,,MORRO DO CAMPINHO (COMPLEXO DO FUBA),-22.885174262109867,-43.339483955575645,"31/05/2024, 18:10:00",true,true,PM,Disputa,,,false,0,0,0,0,0,0,0,0,0,0,0,0,0,0
64931,"Morro do Campinho (Complexo do Fubá) - Campinho, Rio de Janeiro - RJ, 21310-420, Brasil",Sudeste,Rio de Janeiro,Rio de Janeiro,CAMPINHO,,MORRO DO CAMPINHO (COMPLEXO DO FUBA),-22.885885931798303,-43.339247921182334,"31/05/2024, 19:10:00",true,true,PM,Disputa,,,false,2,2,0,0,0,0,0,0,0,0,0,0,1,0
64938,"Morro da Fé (Complexo da Penha) - Vila da Penha, Rio de Janeiro, RJ, Brasil",Sudeste,Rio de Janeiro,Rio de Janeiro,VILA DA PENHA,,MORRO DA FE (COMPLEXO DA PENHA),-22.84466841	,-43.29477785,"01/06/2024, 00:45:00",false,false,,Não identificado,,,false,0,0,0,0,0,0,0,0,0,0,0,0,0,0
64936,"Av. Pastor Martin Luther King Jr. - Engenho da Rainha, Rio de Janeiro - RJ, 20761-121, Brasil",Sudeste,Rio de Janeiro,Rio de Janeiro,ENGENHO DA RAINHA,,,-22.8674341,-43.2995701,"01/06/2024, 06:48:00",true,true,03º BPM,Ação policial,,,false,0,0,0,0,0,0,0,0,0,0,0,0,0,0
66799,"Estrada da Covanca - Tanque, Rio de Janeiro - RJ, Brasil",Sudeste,Rio de Janeiro,Rio de Janeiro,TANQUE,,,-22.9151126,-43.3472132,"01/06/2024, 07:00:00",true,true,18 BPM,Tentativa/Roubo,,,true,3,2,0,0,0,0,0,0,0,0,0,0,0,0
64941,"Avenida Amaro Cavalcanti - Todos os Santos, Rio de Janeiro - RJ, 20735-041, Brasil",Sudeste,Rio de Janeiro,Rio de Janeiro,TODOS OS SANTOS,,,-22.897160473079158,-43.28677132352601,"01/06/2024, 07:30:00",false,true,,Tentativa/Roubo,,,false,1,1,0,0,0,0,0,0,0,0,0,0,0,0
64952,"Rua Itapoan - Benfica, Rio de Janeiro - RJ, Brasil",Sudeste,Rio de Janeiro,Rio de Janeiro,BENFICA,,,-22.8975328,-43.2394915,"02/06/2024, 10:29:00",false,false,,Não identificado,,,false,0,0,0,0,0,0,0,0,0,0,0,0,0,0
64950,"Rua General Canabarro - Maracanã, Rio de Janeiro - RJ, Brasil",Sudeste,Rio de Janeiro,Rio de Janeiro,MARACANA,,,-22.9127236,-43.2247706,"02/06/2024, 12:00:00",false,false,,Não identificado,,,false,0,0,0,0,0,0,0,0,0,0,0,0,0,0
64951,"Rua Padre Manso - Madureira, Rio de Janeiro - RJ, Brasil",Sudeste,Rio de Janeiro,Rio de Janeiro,MADUREIRA,,,-22.8797586,-43.3373623,"02/06/2024, 14:44:00",false,false,,Não identificado,,,false,0,0,0,0,0,0,0,0,0,0,0,0,0,0
64953,"Rua Mirataia - Pechincha, Rio de Janeiro - RJ, Brasil",Sudeste,Rio de Janeiro,Rio de Janeiro,PECHINCHA,,,-22.9368291,-43.3626115,"02/06/2024, 14:50:00",false,false,,Não identificado,,,false,0,0,0,0,0,0,0,0,0,0,0,0,0,0
64958,"Rua Visconde de Niterói - Mangueira, Rio de Janeiro - RJ, Brasil",Sudeste,Rio de Janeiro,Rio de Janeiro,MANGUEIRA,,MANGUEIRA,-22.9061192,-43.2391643,"02/06/2024, 15:00:00",false,false,,Ataque a civis,,"Ataques armados sobre rodas,Outros",false,0,1,0,0,0,0,0,0,0,0,0,0,0,0
64972,"Rua Guaiba - Brás de Pina, Rio de Janeiro - RJ, Brasil",Sudeste,Rio de Janeiro,Rio de Janeiro,BRAS DE PINA,,QUITUNGO-GUAPORE,-22.8363611,-43.2946259,"03/06/2024, 05:35:00",false,false,,Homicidio/Tentativa,,"Entrada na Favela por Engano,Outros",false,0,2,0,0,0,0,0,0,0,0,0,0,0,0
64960,"Rua Matias da Cunha, Morro do Engenho da Rainha, Rio de Janeiro - RJ, 20761-030, Brasil",Sudeste,Rio de Janeiro,Rio de Janeiro,PILARES,,MORRO DO ENGENHO DA RAINHA,-22.875461796399538,-43.289535118246455,"03/06/2024, 07:03:00",true,true,03º BPM,Ação policial,,,false,0,1,0,0,0,0,0,0,0,0,0,0,0,0
64973,"Favela do Rebu/Cavalo de Aço - Senador Camará, Rio de Janeiro - RJ, 21833-329, Brasil",Sudeste,Rio de Janeiro,Rio de Janeiro,SENADOR CAMARA,,REBU (COMPLEXO DO REBU DE SENADOR CAMARA),"-22.878303624796747 ",-43.49808779084972,"03/06/2024, 13:00:00",true,true,14 BPM,Operação policial,,,false,0,0,0,0,0,0,0,0,0,0,0,0,0,0
64993,"Morro do Engenho da Rainha - Engenho da Rainha, Rio de Janeiro - RJ, 20765-630, Brasil",Sudeste,Rio de Janeiro,Rio de Janeiro,ENGENHO DA RAINHA,,MORRO DO ENGENHO DA RAINHA,-22.87239083,-43.29229679,"04/06/2024, 09:30:00",true,true,3 BPM,Ação policial,,,false,0,0,0,0,0,0,0,0,0,0,0,0,0,0
65001,"Morro da Pedreira - Pavuna, Rio de Janeiro - RJ, 21532, Brasil",Sudeste,Rio de Janeiro,Rio de Janeiro,PAVUNA,,MORRO DA PEDREIRA (COMPLEXO DA PEDREIRA),-22.82312466	,-43.35986703,"04/06/2024, 16:10:00",false,false,,Não identificado,,,false,0,0,0,0,0,0,0,0,0,0,0,0,0,0
64998," Avenida Ernani Cardoso - Campinho, Rio de Janeiro - RJ, Brasil",Sudeste,Rio de Janeiro,Rio de Janeiro,CAMPINHO,,,-22.8819729,-43.3389099,"04/06/2024, 19:15:00",false,false,,Não identificado,,,false,0,0,0,0,0,0,0,0,0,0,0,0,0,0
65002,"Rua Gusmão Lôbo - Cidade de Deus, Rio de Janeiro - RJ, 22775-780, Brasil",Sudeste,Rio de Janeiro,Rio de Janeiro,CIDADE DE DEUS,,CIDADE DE DEUS,-22.941834080196706,-43.37152657050018,"04/06/2024, 20:59:00",true,true,18º BPM,Ação policial,,,false,1,0,0,0,0,0,0,0,0,0,0,0,0,0
65013,"Avenida Brasil, Vila do João - Maré, Rio de Janeiro - RJ, Brasil",Sudeste,Rio de Janeiro,Rio de Janeiro,MARE,,VILA DO JOAO (COMPLEXO DA MARE),-22.874247583820786,-43.24393626165466,"05/06/2024, 14:00:00",false,true," 4º BPM",Tentativa/Roubo,,,false,0,0,0,1,0,0,0,0,0,0,0,0,0,0
65012,"Bangu, Rio de Janeiro - RJ, 21820-120, Brasil",Sudeste,Rio de Janeiro,Rio de Janeiro,BANGU,,,-22.87689921644624,-43.471631690807335,"05/06/2024, 14:30:00",true,true,PC,Ação policial,,,false,1,0,0,0,0,0,0,0,0,0,0,0,0,0
65011,"Cidade de Deus, Cidade de Deus, Rio de Janeiro - RJ, 22773-270, Brasil",Sudeste,Rio de Janeiro,Rio de Janeiro,CIDADE DE DEUS,,CIDADE DE DEUS,-22.945777261250587,-43.365982183467096,"05/06/2024, 15:00:00",false,false,,Não identificado,,,false,0,0,0,0,0,0,0,0,0,0,0,0,0,0
65018,"Estrada do Camboatá, Guadalupe, Rio de Janeiro - Rio de Janeiro, Brasil",Sudeste,Rio de Janeiro,Rio de Janeiro,GUADALUPE,,,-22.836161689719862,-43.38214114308357,"05/06/2024, 22:45:00",false,false,,Não identificado,,,false,0,0,0,0,0,0,0,0,0,0,0,0,0,0
65020,"Avenida Brasil - Deodoro, Rio de Janeiro - RJ, Brasil",Sudeste,Rio de Janeiro,Rio de Janeiro,DEODORO,,,-22.8506123,-43.3853161,"06/06/2024, 04:30:00",false,true,,Tentativa/Roubo,,,false,1,0,0,0,0,0,0,0,0,0,0,0,0,0
65026,"Favela da Chacrinha - Praça Seca, Rio de Janeiro - RJ, 22733-040, Brasil",Sudeste,Rio de Janeiro,Rio de Janeiro,PRACA SECA,,FAVELA DA CHACRINHA,-22.90255713041051,-43.36108849682604,"06/06/2024, 09:00:00",true,true,18° BPM,Ação policial,,,false,0,0,0,0,0,0,0,0,0,0,0,0,0,0
65028,"R. José Bonifácio, Cachambi, Rio de Janeiro - RJ, 20770-240, Brasil",Sudeste,Rio de Janeiro,Rio de Janeiro,CACHAMBI,,,-22.887927952383052,-43.28430359325409,"06/06/2024, 10:00:00",false,false,,Não identificado,,,false,0,0,0,0,0,0,0,0,0,0,0,0,0,0
65074,"Complexo de Israel - Brás de Pina, Rio de Janeiro - RJ, Brasil",Sudeste,Rio de Janeiro,Rio de Janeiro,BRAS DE PINA,,COMPLEXO DE ISRAEL,-22.8344389,-43.3027813,"06/06/2024, 12:00:00",false,false,,Não identificado,,,false,0,0,0,0,0,0,0,0,0,0,0,0,0,0
65034,"Estrada da Boiúna - Taquara, Rio de Janeiro - RJ, Brasil",Sudeste,Rio de Janeiro,Rio de Janeiro,TAQUARA,,,-22.9114313,-43.4057241,"06/06/2024, 18:00:00",true,true,18 BPM,Ação policial,,,false,0,0,0,0,0,0,0,0,0,0,0,0,0,0
65040,"Morro do Campinho - Cascadura, Rio de Janeiro - RJ, 21310-320, Brasil",Sudeste,Rio de Janeiro,Rio de Janeiro,CASCADURA,,MORRO DO CAMPINHO (COMPLEXO DO FUBA),-22.8850951874697	,-43.337939003183074,"06/06/2024, 23:20:00",false,false,,Não identificado,,,false,0,0,0,0,0,0,0,0,0,0,0,0,0,0
65039,"Morro da Congonha - Madureira, Rio de Janeiro - RJ, 21360-202, Brasil",Sudeste,Rio de Janeiro,Rio de Janeiro,MADUREIRA,,MORRO DA CONGONHA (COMPLEXO DO CAJUEIRO),-22.86285092,	-43.33422047,"07/06/2024, 03:20:00",false,false,,Não identificado,,,false,2,0,0,0,0,0,0,0,0,0,0,0,0,0
65038,"Morro do Juramento, Vicente de Carvalho - Rio de Janeiro, RJ, Brasil",Sudeste,Rio de Janeiro,Rio de Janeiro,VICENTE DE CARVALHO,,MORRO DO JURAMENTO (COMPLEXO DO JURAMENTO),-22.86204124	,-43.31545844,"07/06/2024, 04:15:00",false,false,,Disputa,,,false,0,0,0,0,0,0,0,0,0,0,0,0,0,0
65044,"Conjunto César Maia - Vargem Pequena, Rio de Janeiro - RJ, 22783-116, Brasil",Sudeste,Rio de Janeiro,Rio de Janeiro,VARGEM PEQUENA,,CONJUNTO CESAR MAIA,-22.9905516	,-43.43146907,"07/06/2024, 05:00:00",false,false,,Não identificado,,,false,0,0,0,0,0,0,0,0,0,0,0,0,0,0
65043,"Morro do Juramento, Vicente de Carvalho - Rio de Janeiro, RJ, Brasil",Sudeste,Rio de Janeiro,Rio de Janeiro,VICENTE DE CARVALHO,,MORRO DO JURAMENTO (COMPLEXO DO JURAMENTO),-22.86204124	,-43.31545844,"07/06/2024, 06:00:00",true,true,41º BPM,Operação policial,,,false,0,0,0,0,0,0,0,0,0,0,0,0,0,0
65047,"Morro do Juramento, Vicente de Carvalho - Rio de Janeiro, RJ, Brasil",Sudeste,Rio de Janeiro,Rio de Janeiro,VICENTE DE CARVALHO,,MORRO DO JURAMENTO (COMPLEXO DO JURAMENTO),-22.86204124	,-43.31545844,"07/06/2024, 07:25:00",true,true,41º BPM,Operação policial,,Tiros de Helicóptero,false,0,0,0,0,0,0,0,0,0,0,0,0,0,0
65050,"Morro do Campinho - Cascadura, Rio de Janeiro - RJ, 21310-320, Brasil",Sudeste,Rio de Janeiro,Rio de Janeiro,CASCADURA,,MORRO DO CAMPINHO (COMPLEXO DO FUBA),-22.8850951874697	,-43.337939003183074,"07/06/2024, 08:37:00",false,false,,Não identificado,,,false,0,0,0,0,0,0,0,0,0,0,0,0,0,0
65057,"Favela do Tirol - Jacarepaguá, Rio de Janeiro - RJ, 22750-003, Brasil",Sudeste,Rio de Janeiro,Rio de Janeiro,FREGUESIA (JACAREPAGUA),,FAVELA DA TIROL,-22.939522513022624,-43.32406392578123,"07/06/2024, 13:00:00",true,true,18 BPM,Ação policial,,,true,4,0,0,0,0,0,0,0,0,0,0,0,0,0
65062,"Morro do Juramento, Vicente de Carvalho - Rio de Janeiro, RJ, Brasil",Sudeste,Rio de Janeiro,Rio de Janeiro,VICENTE DE CARVALHO,,MORRO DO JURAMENTO (COMPLEXO DO JURAMENTO),-22.86204124	,-43.31545844,"07/06/2024, 14:20:00",false,false,,Não identificado,,,false,0,0,0,0,0,0,0,0,0,0,0,0,0,0
65058,"Complexo do Rodo - Santa Cruz, Rio de Janeiro - RJ, 23510-190, Brasil",Sudeste,Rio de Janeiro,Rio de Janeiro,SANTA CRUZ,,COMPLEXO DO RODO,-22.92394841,-43.67415134,"07/06/2024, 14:55:00",true,true,"Draco, Ssinte (Subsecretaria de Inteligência da Polícia Civil)",Operação policial,,,false,1,2,0,0,0,0,0,0,0,0,0,0,0,0
65073,"Complexo de Israel - Brás de Pina, Rio de Janeiro - RJ, Brasil",Sudeste,Rio de Janeiro,Rio de Janeiro,BRAS DE PINA,,COMPLEXO DE ISRAEL,-22.8344389,-43.3027813,"07/06/2024, 19:00:00",false,false,,Não identificado,,,false,0,0,0,0,0,0,0,0,0,0,0,0,0,0
65066,"Morro do Santo André - Senador Camará, Rio de Janeiro - RJ, 21831-461, Brasil",Sudeste,Rio de Janeiro,Rio de Janeiro,SENADOR CAMARA,,MORRO SANTO ANDRE,-22.895833	,-43.482500,"08/06/2024, 07:50:00",true,true,14º BPM,Ação policial,,,false,0,2,0,0,0,0,0,0,0,0,0,0,0,0
65117,"Tijuca, Rio de Janeiro - RJ, Brasil",Sudeste,Rio de Janeiro,Rio de Janeiro,TIJUCA,,,-22.9324433,-43.2411073,"08/06/2024, 08:15:00",false,false,,Não identificado,,,false,0,0,0,0,0,0,0,0,0,0,0,0,0,0
65065,"Morro do Querosene (Complexo do São Carlos) - Rio de Janeiro, RJ, Brasil",Sudeste,Rio de Janeiro,Rio de Janeiro,RIO COMPRIDO,,MORRO DO QUEROSENE (COMPLEXO DO SAO CARLOS),-22.923056,	-43.200278,"08/06/2024, 08:35:00",false,false,,Não identificado,,,false,0,0,0,0,0,0,0,0,0,0,0,0,0,0
65072,"R. Ourique, Favela 5 Bocas (Complexo de Israel) - Brás de Pina, Rio de Janeiro - RJ, 21011-130, Brasil",Sudeste,Rio de Janeiro,Rio de Janeiro,BRAS DE PINA,,FAVELA 5 BOCAS (COMPLEXO DE ISRAEL),-22.823491547592546,-43.286009616177374,"08/06/2024, 12:00:00",true,true,16 BPM,Ação policial,,,false,0,0,0,0,0,0,0,0,0,0,0,0,0,0
65068,"Favela Terra Nostra (Complexo da Pedreira) - Barros Filho, Rio de Janeiro - RJ, 21665, Brasil",Sudeste,Rio de Janeiro,Rio de Janeiro,BARROS FILHO,,FAVELA DA TERRA NOSTRA (COMPLEXO DA PEDREIRA),-22.83070566005435,-43.371150289170004,"08/06/2024, 12:16:00",false,false,,Disputa,,,false,2,0,0,0,0,0,0,0,0,0,0,0,0,0
65069,"Conjunto Habitacional Haroldo Filho (B13) - Barros Filho, Rio de Janeiro - RJ, 21665-210, Brasil",Sudeste,Rio de Janeiro,Rio de Janeiro,BARROS FILHO,,CONJUNTO HABITACIONAL HAROLDO DE ANDRADE (B13),-22.83167985	,-43.36762807,"08/06/2024, 13:11:00",false,false,,Disputa,,,false,0,0,0,0,0,0,0,0,0,0,0,0,0,0
65083,"Nova Holanda - Complexo da Maré, Rio de Janeiro - RJ, 21044-510, Brasil",Sudeste,Rio de Janeiro,Rio de Janeiro,MARE,,NOVA HOLANDA (COMPLEXO DA MARE),-22.854298055050023,-43.2413462658539,"08/06/2024, 20:00:00",true,true,22º BPM,Ação policial,,,false,0,2,0,0,0,0,0,0,0,0,0,0,0,0
65084,"Rua Teodoro da Silva - Vila Isabel, Rio de Janeiro - RJ, 20560-005, Brasil",Sudeste,Rio de Janeiro,Rio de Janeiro,VILA ISABEL,,,-22.917534136986788,-43.24547382750854,"09/06/2024, 08:59:00",false,false,,Homicidio/Tentativa,,Ataques armados sobre rodas,false,1,0,0,0,0,0,0,0,0,0,0,0,0,0
65082,"Favela do Muquiço - Guadalupe, Rio de Janeiro - RJ, 21670-220, Brasil",Sudeste,Rio de Janeiro,Rio de Janeiro,GUADALUPE,,FAVELA DO MUQUICO,-22.84999622,	-43.37689349,"09/06/2024, 09:24:00",true,true,09º BPM,Ação policial,,,false,1,0,0,0,0,0,0,0,0,0,0,0,0,0
65085,"Morro do Campinho (Complexo do Fubá) - Campinho, Rio de Janeiro, RJ, Brasil",Sudeste,Rio de Janeiro,Rio de Janeiro,CAMPINHO,,MORRO DO CAMPINHO (COMPLEXO DO FUBA),-22.887191902225005,-43.33771974208069,"09/06/2024, 13:20:00",false,false,,Não identificado,,,false,0,0,0,0,0,0,0,0,0,0,0,0,0,0
65093,"Quitungo-Guaporé - Brás de Pina, Rio de Janeiro - RJ, 21215-510, Brasil",Sudeste,Rio de Janeiro,Rio de Janeiro,BRAS DE PINA,,QUITUNGO-GUAPORE,-22.835000,	-43.300278,"10/06/2024, 02:01:00",false,false,,Não identificado,,,false,0,0,0,0,0,0,0,0,0,0,0,0,0,0
65094,"Av. Antenor Navarro - Brás de Pina, Rio de Janeiro - RJ, 21012-250, Brasil",Sudeste,Rio de Janeiro,Rio de Janeiro,BRAS DE PINA,,,-22.825660189667765,-43.28999302883606,"10/06/2024, 02:55:00",false,false,,Não identificado,,,false,0,0,0,0,0,0,0,0,0,0,0,0,0,0
65088,"Morro da Muzema, Itanhangá - Rio de Janeiro, RJ, Brasil",Sudeste,Rio de Janeiro,Rio de Janeiro,ITANHANGA,,MORRO DA MUZEMA,-22.98252022	,-43.32289413,"10/06/2024, 04:05:00",false,false,,Não identificado,,,false,0,0,0,0,0,0,0,0,0,0,0,0,0,0
65106,"Morro da Muzema, Itanhangá Rio de Janeiro, RJ, Brasil",Sudeste,Rio de Janeiro,Rio de Janeiro,ITANHANGA,,MORRO DA MUZEMA,-22.98235230708549,-43.32243279004943,"10/06/2024, 12:00:00",true,true,BOPE,Ação policial,,,false,0,0,0,1,0,0,0,0,0,0,0,0,0,0
65105,"Vila Kennedy, Rio de Janeiro - RJ, Brasil",Sudeste,Rio de Janeiro,Rio de Janeiro,VILA KENNEDY,,VILA KENNEDY,-22.8572405,-43.4892386,"10/06/2024, 14:00:00",true,true,"14BPM ",Ação policial,,,false,0,0,0,0,0,0,0,0,0,0,0,0,0,0
65110,"Conjunto César Maia - Vargem Pequena, Rio de Janeiro - RJ, Brasil",Sudeste,Rio de Janeiro,Rio de Janeiro,VARGEM PEQUENA,,CONJUNTO CESAR MAIA,-22.9894187,-43.4338728,"10/06/2024, 15:20:00",false,false,,Não identificado,,,false,0,0,0,0,0,0,0,0,0,0,0,0,0,0
65107,"Conjunto César Maia - Vargem Pequena, Rio de Janeiro - RJ, Brasil",Sudeste,Rio de Janeiro,Rio de Janeiro,VARGEM PEQUENA,,CONJUNTO CESAR MAIA,-22.9894187,-43.4338728,"10/06/2024, 16:05:00",false,false,,Não identificado,,,false,0,0,0,0,0,0,0,0,0,0,0,0,0,0
65111,"Vila do João - Maré, Rio de Janeiro - RJ, 21046-350, Brasil",Sudeste,Rio de Janeiro,Rio de Janeiro,MARE,,VILA DO JOAO (COMPLEXO DA MARE),-22.86973806632814,-43.23778035938567,"11/06/2024, 02:20:00",true,true,"BOPE, SSI, 22 BPM",Operação policial,,,false,0,0,0,0,0,0,0,0,0,0,0,0,0,0
65112,"Morro da Serrinha - Madureira, Rio de Janeiro - RJ, 21360-680, Brasil",Sudeste,Rio de Janeiro,Rio de Janeiro,MADUREIRA,,MORRO DA SERRINHA (COMPLEXO DA SERRINHA),-22.86347468830024,-43.32748306007996,"11/06/2024, 03:12:00",true,true,9 BPM,Operação policial,,,false,0,0,0,0,0,0,0,0,0,0,0,0,0,0
65113,"Baixa do Sapateiro - Maré, Rio de Janeiro - RJ, Brasil",Sudeste,Rio de Janeiro,Rio de Janeiro,MARE,,BAIXA DO SAPATEIRO (COMPLEXO DA MARE),-22.858909,-43.24398559999999,"11/06/2024, 05:00:00",true,true,"BOPE, SSI, 22 BPM",Operação policial,,,true,4,6,2,1,0,0,0,0,0,0,0,0,0,1
65115,"Morro da Serrinha - Madureira, Rio de Janeiro - RJ, 21360-370, Brasil",Sudeste,Rio de Janeiro,Rio de Janeiro,MADUREIRA,,MORRO DA SERRINHA (COMPLEXO DA SERRINHA),-22.865432083707816,-43.327461602407844,"11/06/2024, 05:10:00",true,true,9 BPM,Operação policial,,,false,0,2,0,0,0,0,0,0,0,0,0,0,0,0
65114,"Praça do 18, Baixa do Sapateiro - Maré, Rio de Janeiro - RJ, 21044-170, Brasil",Sudeste,Rio de Janeiro,Rio de Janeiro,MARE,,BAIXA DO SAPATEIRO (COMPLEXO DA MARE),-22.85922535927158,-43.242011494165034,"11/06/2024, 06:10:00",true,true,"BOPE, SSI, 22 BPM",Operação policial,,,false,0,0,0,0,0,0,0,0,0,0,0,0,0,0
65126,"Morro do Timbau - Complexo da Maré, Rio de Janeiro - RJ, 21042-050, Brasil",Sudeste,Rio de Janeiro,Rio de Janeiro,MARE,,MORRO DO TIMBAU (COMPLEXO DA MARE),-22.86250847,	-43.24132626,"11/06/2024, 10:21:00",true,true,"BOPE, SSI, 22º BPM",Operação policial,,,false,0,0,0,0,0,0,0,0,0,0,0,0,0,0
65127,"Av. Pres. Castelo Branco - Maracanã, Rio de Janeiro - RJ, 20271-130, Brasil",Sudeste,Rio de Janeiro,Rio de Janeiro,MARACANA,,,-22.909868183008925,-43.23549857066204,"11/06/2024, 10:30:00",false,false,,Não identificado,,,false,0,0,0,0,0,0,0,0,0,0,0,0,0,0
65135,"Vilar Carioca - Cosmos, Rio de Janeiro - RJ, 23060-390, Brasil",Sudeste,Rio de Janeiro,Rio de Janeiro,COSMOS,,VILAR CARIOCA,-22.9120556,	-43.6146683,"11/06/2024, 19:00:00",false,false,,Disputa,,,false,0,0,0,0,0,0,0,0,0,0,0,0,0,0
65134,"Favela do Parque Arará - Rua Horácio Cardoso Franco - Benfica, Rio de Janeiro - RJ, Brasil",Sudeste,Rio de Janeiro,Rio de Janeiro,BENFICA,,PARQUE ARARA,-22.8910195,-43.23869,"11/06/2024, 19:00:00",true,true,"UPP Mangueira ",Ação policial,,,false,0,2,0,0,0,0,0,0,0,0,0,0,0,0
65133,"Morro dos Macacos - Vila Isabel, Rio de Janeiro - RJ, 20551-230, Brasil",Sudeste,Rio de Janeiro,Rio de Janeiro,VILA ISABEL,,MORRO DOS MACACOS,-22.913834362911206,-43.25556880950927,"11/06/2024, 20:10:00",false,false,,Disputa,,,false,0,0,0,0,0,0,0,0,0,0,0,0,0,0
65141,"Morro da Congonha, Complexo do Cajueiro - Madureira, Rio de Janeiro - RJ, 21360-202, Brasil",Sudeste,Rio de Janeiro,Rio de Janeiro,MADUREIRA,,MORRO DA CONGONHA (COMPLEXO DO CAJUEIRO),-22.86285092,	-43.33422047,"11/06/2024, 21:02:00",false,false,,Tiros a esmo,,,false,0,0,0,0,0,0,0,0,0,0,0,0,0,0
65136,"R. Itaúnas - Campo Grande, Rio de Janeiro - RJ, 23068-155, Brasil",Sudeste,Rio de Janeiro,Rio de Janeiro,CAMPO GRANDE,,,-22.8863809,-43.5969623,"11/06/2024, 21:44:00",false,false,,Não identificado,,,false,0,0,0,0,0,0,0,0,0,0,0,0,0,0
65142,"Clínica da Família Adib Jatene - Maré, Rio de Janeiro - RJ, Brasil",Sudeste,Rio de Janeiro,Rio de Janeiro,MARE,,VILA DO PINHEIRO (COMPLEXO DA MARE),-22.8656506,-43.2393318,"11/06/2024, 22:00:00",true,true,"BOPE, SSI, 22º BPM",Operação policial,,,false,0,0,0,0,0,0,0,0,0,0,0,0,0,0
65146,"Praça do Patriarca - Madureira, Rio de Janeiro - RJ, Brasil",Sudeste,Rio de Janeiro,Rio de Janeiro,MADUREIRA,,,-22.8780489,-43.3418382,"12/06/2024, 11:00:00",false,false,,Homicidio/Tentativa,,,false,1,0,0,0,0,0,0,0,0,0,0,0,0,0
65148,"Avenida Brasil - Guadalupe, Rio de Janeiro - RJ, Brasil",Sudeste,Rio de Janeiro,Rio de Janeiro,GUADALUPE,,,-22.8427743,-43.3733091,"12/06/2024, 13:00:00",false,true,,Tentativa/Roubo,,,false,0,0,0,0,0,0,0,0,0,0,0,0,0,0
65153,"Morro dos Macacos - Vila Isabel, Rio de Janeiro - RJ, 20551-630, Brasil",Sudeste,Rio de Janeiro,Rio de Janeiro,VILA ISABEL,,MORRO DOS MACACOS,-22.91189634,-43.25524243,"12/06/2024, 22:30:00",false,false,,Não identificado,,,false,0,0,0,0,0,0,0,0,0,0,0,0,0,0
65152,"R. Girassol, número 3 - Paciência, Rio de Janeiro - RJ, 23575-464, Brasil",Sudeste,Rio de Janeiro,Rio de Janeiro,PACIENCIA,,FAVELA DO GOUVEIA,-22.927819518365600,-43.624812894720400,"13/06/2024, 02:10:00",false,false,,Não identificado,,,false,0,0,0,0,0,0,0,0,0,0,0,0,0,0
65158,"Morro do Timbau - Maré, Rio de Janeiro - RJ, Brasil",Sudeste,Rio de Janeiro,Rio de Janeiro,MARE,,MORRO DO TIMBAU (COMPLEXO DA MARE),-22.8622222,-43.2405556,"13/06/2024, 08:35:00",false,false,,Não identificado,,,false,0,0,0,0,0,0,0,0,0,0,0,0,0,0
65167,"Morro do Urubu (Complexo do Urubu) - Piedade, Rio de Janeiro - RJ, 20750, Brasil",Sudeste,Rio de Janeiro,Rio de Janeiro,PIEDADE,,MORRO DO URUBU (COMPLEXO DO URUBU),-22.87657404	,-43.30422326,"13/06/2024, 13:00:00",true,true,3 BPM,Ação policial,,,false,0,0,0,0,0,0,0,0,0,0,0,0,0,0
65168,"Rua Magno Martins - Freguesia (Ilha), Rio de Janeiro - RJ, Brasil",Sudeste,Rio de Janeiro,Rio de Janeiro,BANCARIOS,,,-22.7881157,-43.1746112,"13/06/2024, 16:45:00",true,true,17 BPM,Ação policial,,,false,0,1,0,0,0,0,0,0,0,0,0,1,0,0
65170,"Conjunto Cesar Maia - Vargem Pequena, Rio de Janeiro - RJ, 22783-116, Brasil",Sudeste,Rio de Janeiro,Rio de Janeiro,VARGEM PEQUENA,,CONJUNTO CESAR MAIA,-22.9905516	,-43.43146907,"14/06/2024, 02:50:00",false,false,,Não identificado,,,false,0,0,0,0,0,0,0,0,0,0,0,0,0,0
65171,"Morro do Final Feliz (Complexo do Chapadão) - Anchieta, Rio de Janeiro - RJ, 21655-590, Brasil",Sudeste,Rio de Janeiro,Rio de Janeiro,ANCHIETA,,MORRO DO FINAL FELIZ (COMPLEXO DO CHAPADAO),-22.82534108	,-43.38715996,"14/06/2024, 04:00:00",true,true,41º BPM,Operação policial,,,false,0,0,0,0,0,0,0,0,0,0,0,0,0,0
65177,"Quitungo-Guaporé - Brás de Pina, Rio de Janeiro - RJ, 21215-510, Brasil",Sudeste,Rio de Janeiro,Rio de Janeiro,BRAS DE PINA,,QUITUNGO-GUAPORE,-22.835000	,-43.300278,"14/06/2024, 07:43:00",false,false,,Não identificado,,,false,0,0,0,0,0,0,0,0,0,0,0,0,0,0
65179,"Nova Holanda - Complexo da Maré, Rio de Janeiro - RJ, 21042-680, Brasil",Sudeste,Rio de Janeiro,Rio de Janeiro,MARE,,NOVA HOLANDA (COMPLEXO DA MARE),-22.854505672947923,-43.241914894165056,"14/06/2024, 08:13:00",false,false,,Não identificado,,,false,0,0,0,0,0,0,0,0,0,0,0,0,0,0
65184,"R. Cap. Couto Menezes - Madureira, Rio de Janeiro - RJ, Brasil",Sudeste,Rio de Janeiro,Rio de Janeiro,MADUREIRA,,,-22.8799958,-43.3446793,"14/06/2024, 16:00:00",true,true,9 BPM,Tentativa/Roubo,,Ataques armados sobre rodas,false,0,0,0,0,0,0,0,0,0,0,0,0,0,0
65192,"Cidade Alta - Cordovil, Rio de Janeiro - RJ, Brasil",Sudeste,Rio de Janeiro,Rio de Janeiro,CORDOVIL,,CIDADE ALTA (COMPLEXO DE ISRAEL),-22.819569,-43.2943808,"15/06/2024, 18:35:00",false,false,,Não identificado,,,false,0,0,0,0,0,0,0,0,0,0,0,0,0,0
66800,"Batan - Realengo, Rio de Janeiro - RJ, 21730-410, Brasil",Sudeste,Rio de Janeiro,Rio de Janeiro,REALENGO,,BATAN,-22.86244519,-43.42516286,"15/06/2024, 21:00:00",true,true,14 BPM,Ação policial,,,true,3,0,0,0,0,0,0,0,0,0,0,0,0,0
65210,"Av. Pastor Martin Luther King Jr. - Vicente de Carvalho, Rio de Janeiro - RJ, Brasil",Sudeste,Rio de Janeiro,Rio de Janeiro,VICENTE DE CARVALHO,,,-22.8539625,-43.3136305,"16/06/2024, 13:00:00",true,true,41 BPM,Arrastão,,,false,0,0,0,0,0,0,0,0,0,0,0,0,0,0
65204,"Morro do Jordão - Tanque, Rio de Janeiro - RJ, 22725-590, Brasil",Sudeste,Rio de Janeiro,Rio de Janeiro,TANQUE,,MORRO DO JORDAO,-22.91094354,-43.37403875,"16/06/2024, 14:10:00",false,false,,Não identificado,,,false,0,0,0,0,0,0,0,0,0,0,0,0,0,0
65203,"Rua Cacequi, Brás de Pina, Rio de Janeiro, Rio de Janeiro, Brasil",Sudeste,Rio de Janeiro,Rio de Janeiro,BRAS DE PINA,,,-22.8384574,-43.3011816,"16/06/2024, 15:02:00",false,false,,Não identificado,,,false,0,0,0,0,0,0,0,0,0,0,0,0,0,0
65207,"Estr. de Itararé - Complexo do Alemão, Rio de Janeiro - RJ, 21061-240, Brasil",Sudeste,Rio de Janeiro,Rio de Janeiro,COMPLEXO DO ALEMAO,,COMPLEXO DO ALEMAO,-22.860420,-43.267655,"17/06/2024, 02:30:00",true,true,UPP,Tentativa/Roubo de cargas,,,false,0,0,0,0,0,0,0,0,0,0,0,0,0,0
65227,"Morro da Mineira - Catumbi, Rio de Janeiro - RJ, 20211-320, Brasil",Sudeste,Rio de Janeiro,Rio de Janeiro,CATUMBI,,MORRO DA MINEIRA (COMPLEXO DO SAO CARLOS),"-22.91844405821879 ",-43.19841100404748,"17/06/2024, 05:00:00",false,false,,Disputa,,,false,2,1,0,0,0,0,0,0,0,1,0,0,0,0
65221,"Morro da Muzema, Itanhangá, Rio de Janeiro, RJ, Brasil",Sudeste,Rio de Janeiro,Rio de Janeiro,ITANHANGA,,MORRO DA MUZEMA,-22.982441202183868,-43.32271173978698,"17/06/2024, 06:00:00",true,true,Grupamento de Ações Táticas,Ação policial,,,false,0,0,0,0,0,0,0,0,0,0,0,0,0,0
65228,"Vila Kennedy, Rio de Janeiro - RJ, Brasil",Sudeste,Rio de Janeiro,Rio de Janeiro,VILA KENNEDY,,VILA KENNEDY,-22.8572405,-43.4892386,"17/06/2024, 07:00:00",true,true,14° BPM,Ação policial,,,false,0,1,0,0,0,0,0,0,0,0,0,0,0,0
65234,"Morro do Engenho - R. Afonso de Albuquerque - Engenho da Rainha, Rio de Janeiro - RJ, 20761-050, Brasil",Sudeste,Rio de Janeiro,Rio de Janeiro,ENGENHO DA RAINHA,,MORRO DO ENGENHO DA RAINHA,-22.874164697993592,-43.29188783201598,"17/06/2024, 12:00:00",true,true,3 BPM,Operação policial,,,false,1,0,0,0,0,0,0,0,0,0,0,0,1,0
65238,"Estrada do Tindiba - Taquara, Rio de Janeiro - RJ, Brasil",Sudeste,Rio de Janeiro,Rio de Janeiro,TAQUARA,,,-22.9241489,-43.3714082,"17/06/2024, 12:00:00",false,true,,Tentativa/Roubo,,,false,1,1,0,0,0,0,0,0,0,0,0,0,0,0
65235,"R. Professor Lacé, Morro da Baiana - Complexo do Alemão, Rio de Janeiro - RJ, 21060-120, Brasil",Sudeste,Rio de Janeiro,Rio de Janeiro,COMPLEXO DO ALEMAO,,MORRO DA BAIANA (COMPLEXO DO ALEMAO),-22.857249523545015,-43.26562333275392,"17/06/2024, 14:54:00",true,true,22 BPM,Ação policial,,,false,1,0,0,0,0,0,0,0,0,0,0,0,0,0
65260,"Estrada Benvindo de Novaes - Recreio dos Bandeirantes, Rio de Janeiro - RJ, Brasil",Sudeste,Rio de Janeiro,Rio de Janeiro,RECREIO DOS BANDEIRANTES,,,-23.0090554,-43.4600744,"18/06/2024, 02:00:00",false,true,,Tentativa/Roubo,,,false,1,1,0,0,0,0,0,0,0,0,1,0,0,0
65241,"Saída 7 da linha amarela - Avenida dos Democráticos - Bonsucesso, Rio de Janeiro - RJ, Brasil",Sudeste,Rio de Janeiro,Rio de Janeiro,BONSUCESSO,,,-22.8707541,-43.2582292,"18/06/2024, 03:00:00",true,true,22 BPM,Tentativa/Roubo,,,false,2,1,0,0,0,0,0,0,0,0,0,0,1,0
65253,"Parque União - Complexo da Maré, Rio de Janeiro - RJ, 21044-360, Brasil",Sudeste,Rio de Janeiro,Rio de Janeiro,MARE,,PARQUE UNIAO (COMPLEXO DA MARE),-22.85115502,	-43.24390164,"18/06/2024, 10:55:00",true,true,DRFA,Operação policial,,,false,0,0,0,0,0,0,0,0,0,0,0,0,0,0
65254,"Parque União - Complexo da Maré, Rio de Janeiro - RJ, 21044-360, Brasil",Sudeste,Rio de Janeiro,Rio de Janeiro,MARE,,PARQUE UNIAO (COMPLEXO DA MARE),-22.85115502	,-43.24390164,"18/06/2024, 11:30:00",true,true,DRFA,Operação policial,,,false,0,0,0,0,0,0,0,0,0,0,0,0,0,0
65259,"Morro do Fubá (Complexo do Fubá) - Cascadura, Rio de Janeiro - RJ, 21311-130, Brasil",Sudeste,Rio de Janeiro,Rio de Janeiro,CASCADURA,,MORRO DO FUBA (COMPLEXO DO FUBA),-22.892324971301786	,-43.33377861518315,"18/06/2024, 15:15:00",false,false,,Não identificado,,,false,0,0,0,0,0,0,0,0,0,0,0,0,0,0
65263,"Praça Maracana - Maracanã, Rio de Janeiro - RJ, Brasil",Sudeste,Rio de Janeiro,Rio de Janeiro,MARACANA,,,-22.9132662,-43.2359248,"18/06/2024, 18:00:00",true,true,6BPM,Ação policial,,Perseguição,false,0,1,0,0,0,0,0,0,0,0,0,0,0,0
65265,"Conjunto César Maia - Vargem Pequena, Rio de Janeiro - RJ, 22783-116, Brasil",Sudeste,Rio de Janeiro,Rio de Janeiro,VARGEM PEQUENA,,CONJUNTO CESAR MAIA,-22.9905516	,-43.43146907,"18/06/2024, 20:20:00",false,false,,Não identificado,,,false,0,0,0,0,0,0,0,0,0,0,0,0,0,0
65267,"Morro do Andaraí - Andaraí, Rio de Janeiro - RJ, 20541-240, Brasil",Sudeste,Rio de Janeiro,Rio de Janeiro,ANDARAI,,MORRO DO ANDARAI,-22.93296722,	-43.25643623,"19/06/2024, 03:25:00",true,true,CORE,Operação policial,,,false,0,0,0,0,0,0,0,0,0,0,0,0,0,0
65268,"Nova Divinéia - Grajaú, Rio de Janeiro - RJ, 20561, Brasil",Sudeste,Rio de Janeiro,Rio de Janeiro,GRAJAU,,NOVA DIVINEIA,-22.93000062	,-43.26350586,"19/06/2024, 03:42:00",true,true,CORE,Operação policial,,,false,0,0,0,0,0,0,0,0,0,0,0,0,0,0
65272,"Morro da Coroa, Rio de Janeiro - RJ, 20251-310, Brasil",Sudeste,Rio de Janeiro,Rio de Janeiro,SANTA TERESA,,MORRO DA COROA,-22.92186302	,-43.19362214,"19/06/2024, 05:31:00",false,false,,Não identificado,,,false,0,0,0,0,0,0,0,0,0,0,0,0,0,0
65280,"Fallet/Fogueteiro - Santa Teresa, Rio de Janeiro - RJ, 20251-250, Brasil",Sudeste,Rio de Janeiro,Rio de Janeiro,SANTA TERESA,,FALLET/FOGUETEIRO,-22.92641055	,-43.19702099,"19/06/2024, 07:00:00",true,true,CORE,Operação policial,,,false,1,0,0,0,0,0,0,0,0,0,0,0,0,0
65282,"Gardênia Azul, Rio de Janeiro - RJ, Brasil",Sudeste,Rio de Janeiro,Rio de Janeiro,GARDENIA AZUL,,,-22.9582037,-43.3529536,"19/06/2024, 08:51:00",true,true,18º BPM,Ação policial,,,false,0,1,0,0,0,0,0,0,0,0,0,0,0,0
65295,"Avenida Marechal Fontenelle - Jardim Sulacap, Rio de Janeiro - RJ, Brasil",Sudeste,Rio de Janeiro,Rio de Janeiro,JARDIM SULACAP,,,-22.885414,-43.3966255,"19/06/2024, 12:15:00",false,true,,Tentativa/Roubo,,,false,1,0,0,0,0,0,0,0,0,0,0,0,0,0
65298,"Avenida Ayrton Senna - Gardênia Azul, Rio de Janeiro - RJ, Brasil",Sudeste,Rio de Janeiro,Rio de Janeiro,BARRA OLIMPICA,,,-22.9596532,-43.3573582,"19/06/2024, 13:00:00",false,false,,Não identificado,,,false,1,0,0,0,0,0,0,0,0,0,0,0,0,0
65300,"Rua Tancredo Neves - Taquara, Rio de Janeiro - RJ, Brasil",Sudeste,Rio de Janeiro,Rio de Janeiro,TAQUARA,,JARDIM SHANGRILA,-22.9179114,-43.4096688,"19/06/2024, 13:00:00",false,false,,Não identificado,,,false,0,1,0,0,0,0,0,0,0,0,0,0,0,1
65294,"Rua Arare, Barata  - Realengo, Rio de Janeiro - RJ, Brasil",Sudeste,Rio de Janeiro,Rio de Janeiro,REALENGO,,BARATA,-22.897515,-43.4379001,"19/06/2024, 18:40:00",false,false,,Não identificado,,,false,0,0,0,0,0,0,0,0,0,0,0,0,0,0
65308,"Morro do Juramento - Vicente de Carvalho, Rio de Janeiro - RJ, Brasil",Sudeste,Rio de Janeiro,Rio de Janeiro,VICENTE DE CARVALHO,,MORRO DO JURAMENTO (COMPLEXO DO JURAMENTO),-22.8627778,-43.3152778,"20/06/2024, 16:35:00",false,false,,Não identificado,,,false,0,0,0,0,0,0,0,0,0,0,0,0,0,0
65330,"Morro da Dona Dalva - Itanhangá, Rio de Janeiro - RJ, Brasil",Sudeste,Rio de Janeiro,Rio de Janeiro,ITANHANGA,,MORRO DONA DALVA,-22.9907432,-43.3195926,"21/06/2024, 17:45:00",true,true,BOPE,Operação policial,,,true,3,2,0,0,0,0,0,0,0,0,0,0,0,0
65331,"Morro da Muzema - Itanhangá, Rio de Janeiro - RJ, Brasil",Sudeste,Rio de Janeiro,Rio de Janeiro,ITANHANGA,,MORRO DA MUZEMA,-22.9819444,-43.3225,"21/06/2024, 19:30:00",false,false,,Não identificado,,,false,0,0,0,0,0,0,0,0,0,0,0,0,0,0
65347,"Rua Professor Souza Pinto - Guaratiba, Rio de Janeiro - RJ, Brasil",Sudeste,Rio de Janeiro,Rio de Janeiro,GUARATIBA,,JARDIM GUARATIBA,-22.9774425,-43.6521268,"22/06/2024, 12:00:00",false,false,,Tentativa/Roubo,,,false,0,1,0,0,0,0,0,0,0,0,0,0,0,0
65336,"Chico City - Gardênia Azul, Rio de Janeiro - RJ, 22763-627, Brasil",Sudeste,Rio de Janeiro,Rio de Janeiro,GARDENIA AZUL,,CHICO CITY (FAVELA DO CANAL DO ANIL),-22.962938342345655,-43.34673884124756,"22/06/2024, 13:40:00",true,true,18 BPM,Ação policial,,,false,0,1,0,0,0,0,0,0,0,0,0,0,0,0
65390,"Campo Grande, Rio de Janeiro - RJ, Brasil",Sudeste,Rio de Janeiro,Rio de Janeiro,CAMPO GRANDE,,,-22.907662,-43.5659086,"22/06/2024, 22:00:00",false,false,,Ataque a civis,,Outros,false,0,0,0,0,0,0,0,0,0,0,0,0,0,0
65370,"Av. Brasil - Penha, Rio de Janeiro - RJ, Brasil",Sudeste,Rio de Janeiro,Rio de Janeiro,PENHA,,,-22.8294072,-43.2710391,"22/06/2024, 23:00:00",false,false,,Tentativa/Roubo,,Ataques armados sobre rodas,false,1,0,0,0,0,0,0,0,0,0,0,0,0,0
65383,"Acari, Rio de Janeiro - RJ, 21531-060, Brasil",Sudeste,Rio de Janeiro,Rio de Janeiro,ACARI,,FAVELA DE ACARI,-22.82529478,-43.34453914,"23/06/2024, 03:30:00",true,true,"41 BPM ",Operação policial,,,false,0,0,0,0,0,0,0,0,0,0,0,0,0,0
65343,"Conjunto Ipase - Vila Kosmos, Rio de Janeiro - RJ, 21210-840, Brasil",Sudeste,Rio de Janeiro,Rio de Janeiro,VILA KOSMOS,,CONJUNTO DO IPASE,-22.84845508,-43.30446505,"23/06/2024, 07:10:00",false,false,,Não identificado,,,false,0,0,0,0,0,0,0,0,0,0,0,0,0,0
65346,"Rua Nova, Rio das Pedras - Rio de Janeiro - RJ, 22753-040, Brasil",Sudeste,Rio de Janeiro,Rio de Janeiro,JACAREPAGUA,,RIO DAS PEDRAS,-22.971365745092793," -43.33613444337934","23/06/2024, 12:00:00",false,false,,Briga,,,false,1,0,0,0,0,0,0,0,0,0,0,0,0,0
65345,"Conjunto do IPASE - Vila Kosmos, Rio de Janeiro - RJ, 21210-840, Brasil",Sudeste,Rio de Janeiro,Rio de Janeiro,VILA KOSMOS,,CONJUNTO DO IPASE,-22.84845508	,-43.30446505,"23/06/2024, 12:40:00",false,false,,Não identificado,,,false,0,0,0,0,0,0,0,0,0,0,0,0,0,0
65358,"Favela do Sertão - Rio das Pedras, Rio de Janeiro - RJ, 22753-630, Brasil",Sudeste,Rio de Janeiro,Rio de Janeiro,ANIL,,FAVELA DO SERTAO,-22.96538225,	-43.3208615,"24/06/2024, 00:45:00",false,false,,Não identificado,,,false,0,0,0,0,0,0,0,0,0,0,0,0,0,0
65366,"Rio das Pedras, Rio de Janeiro - RJ, Brasil",Sudeste,Rio de Janeiro,Rio de Janeiro,ITANHANGA,,RIO DAS PEDRAS,-22.9899253,-43.3216369,"24/06/2024, 02:30:00",false,false,,Disputa,,,false,0,0,0,0,0,0,0,0,0,0,0,0,0,0
65367,"Conjunto César Maia - Vargem Pequena, Rio de Janeiro - RJ, 22783-116, Brasil",Sudeste,Rio de Janeiro,Rio de Janeiro,VARGEM PEQUENA,,CONJUNTO CESAR MAIA,-22.9905516	,-43.43146907,"24/06/2024, 02:30:00",false,false,,Não identificado,,,false,0,0,0,0,0,0,0,0,0,0,0,0,0,0
65350,"Vila Aliança - Bangu, Rio de Janeiro - RJ, 21842-160, Brasil",Sudeste,Rio de Janeiro,Rio de Janeiro,BANGU,,VILA ALIANCA,-22.86909773,	-43.47777013,"24/06/2024, 04:08:00",false,false,,Não identificado,,,false,0,0,0,0,0,0,0,0,0,0,0,0,0,0
65374,"Rua Jornalista Mario Galvão - Vila Kosmos, Rio de Janeiro - RJ, Brasil",Sudeste,Rio de Janeiro,Rio de Janeiro,VILA KOSMOS,,,-22.8561568,-43.3048265,"24/06/2024, 05:00:00",true,true,41 BPM,Ação policial,,,false,0,0,0,0,0,0,0,0,0,0,0,0,0,0
65372,"Morro do Juramento - Vicente de Carvalho, Rio de Janeiro - RJ, Brasil",Sudeste,Rio de Janeiro,Rio de Janeiro,VICENTE DE CARVALHO,,MORRO DO JURAMENTO (COMPLEXO DO JURAMENTO),-22.8627778,-43.3152778,"24/06/2024, 13:00:00",false,false,,Não identificado,,,false,0,0,0,0,0,0,0,0,0,0,0,0,0,0
65375,"Favela da Tirol - Freguesia de Jacarepaguá, Rio de Janeiro - RJ, 22750-003, Brasil",Sudeste,Rio de Janeiro,Rio de Janeiro,FREGUESIA (JACAREPAGUA),,FAVELA DA TIROL,-22.939690479124184,-43.32409611228942,"24/06/2024, 20:20:00",false,false,,Não identificado,,,false,0,0,0,0,0,0,0,0,0,0,0,0,0,0
65377,"Complexo da Pedreira, Estrada de Botafogo - Costa Barros, Rio de Janeiro - RJ, Brasil",Sudeste,Rio de Janeiro,Rio de Janeiro,COSTA BARROS,,COMPLEXO DA PEDREIRA,-22.8207158,-43.3647849,"24/06/2024, 20:40:00",false,false,,Não identificado,,,false,0,0,0,0,0,0,0,0,0,0,0,0,0,0
65379,"Cavalcanti, Rio de Janeiro - RJ, Brasil",Sudeste,Rio de Janeiro,Rio de Janeiro,CAVALCANTI,,,-22.8707457,-43.3129764,"25/06/2024, 04:41:00",false,false,,Não identificado,,,false,0,0,0,0,0,0,0,0,0,0,0,0,0,0
65384,"Morro do 18 - Água Santa, Rio de Janeiro - RJ, 20740-540, Brasil",Sudeste,Rio de Janeiro,Rio de Janeiro,AGUA SANTA,,MORRO DO 18 (COMPLEXO DO 18),-22.900821449915632,-43.317768141968095,"25/06/2024, 08:10:00",false,false,,Não identificado,,,false,0,0,0,0,0,0,0,0,0,0,0,0,0,0
65398,"Gardênia Azul, Rio de Janeiro - RJ, Brasil",Sudeste,Rio de Janeiro,Rio de Janeiro,GARDENIA AZUL,,,-22.9582037,-43.3529536,"26/06/2024, 04:04:00",true,true,18º BPM,Ação policial,,,false,0,0,0,0,0,0,0,0,0,0,0,0,0,0
65401,"Rua Mar Grande - Cordovil, Rio de Janeiro - RJ, Brasil",Sudeste,Rio de Janeiro,Rio de Janeiro,CORDOVIL,,CIDADE ALTA (COMPLEXO DE ISRAEL),-22.8163585,-43.2906717,"26/06/2024, 07:00:00",false,false,,Disputa,,,false,0,0,0,0,0,0,0,0,0,0,0,0,0,0
65407,"Morro do Chaves - Barros Filho, Rio de Janeiro - RJ, 21515-000, Brasil",Sudeste,Rio de Janeiro,Rio de Janeiro,BARROS FILHO,,MORRO DO CHAVES (COMPLEXO DA PEDREIRA),-22.83352157,-43.36290336,"26/06/2024, 12:00:00",false,false,,Disputa,,,false,1,4,0,0,0,0,0,0,0,1,0,1,0,1
65422,"Rua Professor Gabizo - Maracanã, Rio de Janeiro - RJ, Brasil",Sudeste,Rio de Janeiro,Rio de Janeiro,MARACANA,,,-22.9165931,-43.2218437,"26/06/2024, 18:00:00",false,false,,Tentativa/Roubo,,,false,0,1,0,0,0,0,0,0,0,0,0,0,0,0
65408,"Favela da Chacrinha- Praça Seca, Rio de Janeiro - RJ, 22733-040, Brasil",Sudeste,Rio de Janeiro,Rio de Janeiro,PRACA SECA,,FAVELA DA CHACRINHA,-22.90216180739987,-43.362300855300774,"26/06/2024, 18:00:00",false,false,,Não identificado,,,false,0,0,0,0,0,0,0,0,0,0,0,0,0,0
65410,"Complexo da Serrinha - Madureira, Rio de Janeiro - RJ, Brasil",Sudeste,Rio de Janeiro,Rio de Janeiro,MADUREIRA,,MORRO DA SERRINHA (COMPLEXO DA SERRINHA),-22.8653569,-43.3272011,"27/06/2024, 04:28:00",true,true,"9BPM, 18BPM, 31BPM, 41BPM e  40BPM",Operação policial,,,false,0,0,0,0,0,0,0,0,0,0,0,0,0,0
65411,"Morro do Campinho (Complexo do Fubá) - Cascadura, Rio de Janeiro - RJ, 21310-320, Brasil",Sudeste,Rio de Janeiro,Rio de Janeiro,CASCADURA,,MORRO DO CAMPINHO (COMPLEXO DO FUBA),-22.8850951874697	,-43.337939003183074,"27/06/2024, 04:41:00",false,false,,Não identificado,,,false,0,0,0,0,0,0,0,0,0,0,0,0,0,0
65414,"Morro do Urubu - Rua Luís Vargas - Piedade, Rio de Janeiro - RJ, Brasil",Sudeste,Rio de Janeiro,Rio de Janeiro,PIEDADE,,MORRO DO URUBU (COMPLEXO DO URUBU),-22.87972,-43.3049007,"27/06/2024, 05:53:00",true,true,NI,Ação policial,,,false,0,0,0,0,0,0,0,0,0,0,0,0,0,0
65415,"Morro da Serrinha (Complexo da Serrinha) - Madureira, Rio de Janeiro - RJ, 21360-320, Brasil",Sudeste,Rio de Janeiro,Rio de Janeiro,MADUREIRA,,MORRO DA SERRINHA (COMPLEXO DA SERRINHA),-22.86651325	,-43.32711774,"27/06/2024, 06:30:00",true,true,"9BPM, 18BPM, 31BPM, 41BPM e 40BPM",Operação policial,,,false,0,0,0,0,0,0,0,0,0,0,0,0,0,0
65418,"Morro da Patolinha (Complexo da Serrinha), Rio de Janeiro - RJ, 21370-060, Brasil",Sudeste,Rio de Janeiro,Rio de Janeiro,MADUREIRA,,MORRO DA PATOLINHA (COMPLEXO DA SERRINHA),-22.87390389,	-43.32973778,"27/06/2024, 07:43:00",true,true,"9BPM, 18BPM, 31BPM, 41BPM e 40BPM ",Operação policial,,,false,0,0,0,0,0,0,0,0,0,0,0,0,0,0
65417,"Morro do Campinho (Complexo do Fubá) - Cascadura, Rio de Janeiro - RJ, 21310-320, Brasil",Sudeste,Rio de Janeiro,Rio de Janeiro,CAMPINHO,,MORRO DO CAMPINHO (COMPLEXO DO FUBA),-22.8850951874697,	-43.337939003183074,"27/06/2024, 07:44:00",false,false,,Não identificado,,,false,0,0,0,0,0,0,0,0,0,0,0,0,0,0
65421,"Morro do Fubá (Complexo do Fubá) - Cascadura, Rio de Janeiro - RJ, 21311-130, Brasil",Sudeste,Rio de Janeiro,Rio de Janeiro,CASCADURA,,MORRO DO FUBA (COMPLEXO DO FUBA),-22.892324971301786,	-43.33377861518315,"27/06/2024, 08:14:00",true,true,14º BPM,Ação policial,,,false,0,2,0,0,0,0,0,0,0,0,0,0,0,0
65427,"Avenida Engenheiro Gastão Rangel - Santa Cruz, Rio de Janeiro - RJ, Brasil",Sudeste,Rio de Janeiro,Rio de Janeiro,SANTA CRUZ,,,-22.9327103,-43.6823655,"27/06/2024, 09:00:00",false,false,,Homicidio/Tentativa,,,false,1,0,0,0,0,0,0,0,0,0,0,0,0,0
65432,"Complexo do Alemão, Rio de Janeiro - RJ, Brasil",Sudeste,Rio de Janeiro,Rio de Janeiro,COMPLEXO DO ALEMAO,,COMPLEXO DO ALEMAO,-22.8613084,-43.2721368,"28/06/2024, 02:50:00",true,true,Não identificado,Ação policial,,,false,0,0,0,0,0,0,0,0,0,0,0,0,0,0
65433,"Engenho da Rainha, Rio de Janeiro - RJ, Brasil",Sudeste,Rio de Janeiro,Rio de Janeiro,ENGENHO DA RAINHA,,MORRO DO ENGENHO DA RAINHA,-22.865215,-43.2970248,"28/06/2024, 03:15:00",false,false,,Não identificado,,,false,0,0,0,0,0,0,0,0,0,0,0,0,0,0
65434,"Vila Cruzeiro (Complexo da Penha) - Penha, Rio de Janeiro - RJ, 21070-370, Brasil",Sudeste,Rio de Janeiro,Rio de Janeiro,PENHA,,VILA CRUZEIRO (COMPLEXO DA PENHA),-22.848632637937747,	-43.28276462401774,"28/06/2024, 03:15:00",true,true,"CORE, DRFA",Operação policial,,,false,0,2,0,0,0,0,0,0,0,0,0,0,0,1
65435,"Buraco Quente - Morro da Mangueira, Rio de Janeiro - RJ, 20943-135, Brasil",Sudeste,Rio de Janeiro,Rio de Janeiro,MANGUEIRA,,BURACO QUENTE (MANGUEIRA),-22.904167	,-43.238333,"28/06/2024, 03:30:00",true,true,"BOPE, BPChq, COE, PC",Operação policial,,,false,1,0,0,0,0,0,0,0,0,0,0,0,0,0
65446,"Carobinha - Campo Grande, Rio de Janeiro - RJ, Brasil",Sudeste,Rio de Janeiro,Rio de Janeiro,CAMPO GRANDE,,FAVELA DA CAROBINHA,-22.8552526,-43.5333182,"28/06/2024, 11:50:00",false,false,,Não identificado,,,false,0,0,0,0,0,0,0,0,0,0,0,0,0,0
65453,"Engenho de Dentro, Rio de Janeiro - RJ, Brasil",Sudeste,Rio de Janeiro,Rio de Janeiro,ENGENHO DE DENTRO,,,-22.8939154,-43.2954699,"28/06/2024, 19:20:00",false,false,,Não identificado,,,false,0,0,0,0,0,0,0,0,0,0,0,0,0,0
65455,"Avenida Professor Manoel de Abreu - Maracanã, Rio de Janeiro - RJ, Brasil",Sudeste,Rio de Janeiro,Rio de Janeiro,MARACANA,,,-22.9137067,-43.2341342,"28/06/2024, 19:40:00",false,false,,Homicidio/Tentativa,,Ataques armados sobre rodas,false,0,2,0,0,0,0,0,0,0,0,0,0,0,0
65470,"Rua Barão de Mesquita - Tijuca, Rio de Janeiro - RJ, Brasil",Sudeste,Rio de Janeiro,Rio de Janeiro,TIJUCA,,,-22.9243118,-43.241363,"29/06/2024, 20:30:00",false,false,,Não identificado,,,false,0,0,0,0,0,0,0,0,0,0,0,0,0,0
65472,"Morro da Camarista - Engenho de Dentro, Rio de Janeiro - RJ, 20730-130, Brasil",Sudeste,Rio de Janeiro,Rio de Janeiro,ENGENHO DE DENTRO,,MORRO DA CAMARISTA (COMPLEXO DO LINS),-22.914568438026468,-43.29823658655762,"30/06/2024, 19:45:00",false,false,,Não identificado,,,false,0,0,0,0,0,0,0,0,0,0,0,0,0,0
65474,"Proença Rosa - Honório Gurgel, Rio de Janeiro - RJ, Brasil",Sudeste,Rio de Janeiro,Rio de Janeiro,HONORIO GURGEL,,PROENCA ROSA,-22.8386653,-43.36074319999999,"30/06/2024, 22:00:00",false,false,,Disputa,,,false,0,0,0,0,0,0,0,0,0,0,0,0,0,0
65483,"Jardim São Jorge - Campo Grande, Rio de Janeiro - RJ, 23055, Brasil",Sudeste,Rio de Janeiro,Rio de Janeiro,CAMPO GRANDE,VILA SAO JORGE,,-22.914588060674916,-43.585567838931276,"30/06/2024, 22:20:00",false,false,,Não identificado,,,false,0,0,0,0,0,0,0,0,0,0,0,0,0,0
65508,"Quitungo-Guapore - Brás de Pina, Rio de Janeiro - RJ, 21215-510, Brasil",Sudeste,Rio de Janeiro,Rio de Janeiro,BRAS DE PINA,,QUITUNGO-GUAPORE,-22.835000,-43.300278,"02/07/2024, 11:00:00",false,false,,Não identificado,,,false,0,0,0,0,0,0,0,0,0,0,0,0,0,0
65512,"Favela 5 Bocas (Complexo de Israel) - Brás de Pina, Rio de Janeiro - RJ, 23047-590, Brasil",Sudeste,Rio de Janeiro,Rio de Janeiro,BRAS DE PINA,,FAVELA 5 BOCAS (COMPLEXO DE ISRAEL),-22.82247302,	-43.28508894,"02/07/2024, 20:40:00",false,false,,Não identificado,,,false,0,0,0,0,0,0,0,0,0,0,0,0,0,0
65517,"Morro do Urubu - Pilares, Rio de Janeiro - RJ, 20750-160, Brasil",Sudeste,Rio de Janeiro,Rio de Janeiro,PILARES,,MORRO DO URUBU (COMPLEXO DO URUBU),-22.876643234655468,-43.302281340673225,"03/07/2024, 01:00:00",true,true,03º BPM,Operação policial,,,false,0,0,0,0,0,0,0,0,0,0,0,0,0,0
65514,"Parque União - Complexo da Maré, Rio de Janeiro - RJ, 21044-360, Brasil",Sudeste,Rio de Janeiro,Rio de Janeiro,MARE,,PARQUE UNIAO (COMPLEXO DA MARE),-22.85115502	,-43.24390164,"03/07/2024, 03:20:00",true,true,DRE,Operação policial,,,false,0,0,0,0,0,0,0,0,0,0,0,0,0,0
65519,"Cidade de Deus, Rio de Janeiro - RJ, Brasil",Sudeste,Rio de Janeiro,Rio de Janeiro,CIDADE DE DEUS,,CIDADE DE DEUS,-22.9465337,-43.3697151,"03/07/2024, 03:32:00",true,true,18º BPM,Operação policial,,,true,6,0,0,0,0,0,0,0,0,0,0,0,0,0
65516,"Parque União - Complexo da Maré, Rio de Janeiro - RJ, 21044-360, Brasil",Sudeste,Rio de Janeiro,Rio de Janeiro,MARE,,PARQUE UNIAO (COMPLEXO DA MARE),-22.85115502	,-43.24390164,"03/07/2024, 04:40:00",true,true,DRE,Operação policial,,,false,0,0,0,0,0,0,0,0,0,0,0,0,0,0
65518,"Morro do Urubu - Pilares, Rio de Janeiro - RJ, 20750-160, Brasil",Sudeste,Rio de Janeiro,Rio de Janeiro,PILARES,,MORRO DO URUBU (COMPLEXO DO URUBU),-22.87660369485665,-43.30261393459107,"03/07/2024, 05:37:00",true,true,03º BPM,Operação policial,,,false,0,0,1,0,0,0,0,0,0,0,0,0,0,0
65525,"Morro dos Macacos - Vila Isabel, Rio de Janeiro - RJ, 20551-630, Brasil",Sudeste,Rio de Janeiro,Rio de Janeiro,VILA ISABEL,,MORRO DOS MACACOS,-22.91189634	,-43.25524243,"03/07/2024, 08:12:00",false,false,,Não identificado,,,false,0,0,0,0,0,0,0,0,0,0,0,0,0,0
65532,"Rua Barreira do Vasco - Benfica, Rio de Janeiro - RJ, Brasil",Sudeste,Rio de Janeiro,Rio de Janeiro,VASCO DA GAMA,,BARREIRA DO VASCO,-22.8891068,-43.2307661,"03/07/2024, 20:00:00",false,false,,Não identificado,,,false,0,0,0,0,0,0,0,0,0,0,0,0,0,0
65549,"Rua Eduardo Botelho - Jardim Guanabara, Rio de Janeiro - RJ, Brasil",Sudeste,Rio de Janeiro,Rio de Janeiro,JARDIM GUANABARA,,,-22.8141162,-43.2047832,"04/07/2024, 07:00:00",true,true,Segurança Presente,Ação policial,,,false,0,1,0,0,0,0,0,0,0,0,0,0,0,0
65543,"Morro dos Prazeres - Santa Teresa, Rio de Janeiro - RJ, 20241-410, Brasil",Sudeste,Rio de Janeiro,Rio de Janeiro,SANTA TERESA,,MORRO DOS PRAZERES,-22.933812581111585	,-43.20467932624125,"04/07/2024, 08:43:00",true,true,UPP Prazeres,Ação policial,,,false,0,0,0,0,0,0,0,0,0,0,0,0,0,0
65556,"Favela 5 Bocas (Complexo de Israel) - Brás de Pina, Rio de Janeiro - RJ, 23047-590, Brasil",Sudeste,Rio de Janeiro,Rio de Janeiro,BRAS DE PINA,,FAVELA 5 BOCAS (COMPLEXO DE ISRAEL),-22.82247302	,-43.28508894,"05/07/2024, 00:00:00",false,false,,Disputa,,,false,0,0,0,0,0,0,0,0,0,0,0,0,0,0
65565,"Morro do Campinho (Complexo do Fubá), Rio de Janeiro - RJ, 21310-320, Brasil",Sudeste,Rio de Janeiro,Rio de Janeiro,CASCADURA,,MORRO DO CAMPINHO (COMPLEXO DO FUBA),-22.8850951874697	,-43.337939003183074,"05/07/2024, 03:00:00",false,false,,Não identificado,,,false,0,0,0,0,0,0,0,0,0,0,0,0,0,0
65555,"Morro da Serrinha - Madureira, Rio de Janeiro - RJ, Brasil",Sudeste,Rio de Janeiro,Rio de Janeiro,MADUREIRA,,MORRO DA SERRINHA (COMPLEXO DA SERRINHA),-22.8650887,-43.3340308,"05/07/2024, 03:10:00",true,true,09º BPM,Operação policial,,,false,0,1,0,0,0,0,0,0,0,0,0,0,0,0
65564,"Morro da Serrinha - Madureira, Rio de Janeiro - RJ, Brasil",Sudeste,Rio de Janeiro,Rio de Janeiro,MADUREIRA,,MORRO DA SERRINHA (COMPLEXO DA SERRINHA),-22.8650887,-43.3340308,"05/07/2024, 07:00:00",true,true,09º BPM,Operação policial,,,false,0,0,0,0,0,0,0,0,0,0,0,0,0,0
65571,"Rua Hélio do Amaral - Padre Miguel, Rio de Janeiro - RJ, Brasil",Sudeste,Rio de Janeiro,Rio de Janeiro,PADRE MIGUEL,,,-22.858779,-43.447081,"05/07/2024, 09:00:00",false,false,,Homicidio/Tentativa,,,false,1,0,0,0,0,0,0,0,0,0,0,0,0,0
65567,"Complexo de Israel - Brás de Pina, Rio de Janeiro - RJ, 23047-590, Brasil",Sudeste,Rio de Janeiro,Rio de Janeiro,BRAS DE PINA,,COMPLEXO DE ISRAEL,-22.82247302,-43.28508894,"05/07/2024, 09:40:00",false,false,,Não identificado,,,false,0,0,0,0,0,0,0,0,0,0,0,0,0,0
65575,"Vista Alegre, Rio de Janeiro - RJ, Brasil",Sudeste,Rio de Janeiro,Rio de Janeiro,VISTA ALEGRE,,,-22.8288673,-43.3169088,"05/07/2024, 14:00:00",false,true,,Tentativa/Roubo,,,false,0,0,0,1,0,0,0,0,0,0,0,0,0,0
65572,"Favela Parque João Paulo II (Sá Viana) - R. Sá Viana - Grajaú, Rio de Janeiro - RJ, 20540-260, Brasil",Sudeste,Rio de Janeiro,Rio de Janeiro,GRAJAU,,FAVELA PARQUE JOAO PAULO II (OU SA VIANA),-22.929180734170593,-43.261659456097405,"05/07/2024, 16:34:00",false,false,,Não identificado,,,false,0,0,0,0,0,0,0,0,0,0,0,0,0,0
65580,"Favela 5 Bocas (Complexo de Israel) - Brás de Pina, Rio de Janeiro - RJ, 23047-590, Brasil",Sudeste,Rio de Janeiro,Rio de Janeiro,BRAS DE PINA,,FAVELA 5 BOCAS (COMPLEXO DE ISRAEL),-22.82247302	,-43.28508894,"06/07/2024, 05:00:00",false,false,,Disputa,,,false,0,0,0,0,0,0,0,0,0,0,0,0,0,0
65584,"Divisa (Complexo da Maré) - Maré, Rio de Janeiro - RJ, 21043-042, Brasil",Sudeste,Rio de Janeiro,Rio de Janeiro,MARE,,COMPLEXO DA MARE,-22.8586084,-43.2430029,"06/07/2024, 15:33:00",false,false,,Tiros a esmo,,,false,0,0,0,0,0,0,0,0,0,0,0,0,0,0
65585,"Morro da Quitanda (Complexo da Pedreira) - Costa Barros, Rio de Janeiro - RJ, 21515-535, Brasil",Sudeste,Rio de Janeiro,Rio de Janeiro,COSTA BARROS,,MORRO DA QUITANDA (COMPLEXO DA PEDREIRA),-22.819972927356286,-43.367829780194086,"06/07/2024, 16:50:00",true,true,"41º BPM, 09º BPM, 14º BPM",Disputa,,,true,2,0,2,0,0,0,0,0,0,0,0,0,0,0
65588,"Morro da Quitanda (Complexo da Pedreira) - Costa Barros, Rio de Janeiro - RJ, 21532-050, Brasil",Sudeste,Rio de Janeiro,Rio de Janeiro,COSTA BARROS,,MORRO DA QUITANDA (COMPLEXO DA PEDREIRA),-22.81949929	,-43.36693375,"06/07/2024, 18:14:00",true,true,"41º BPM, 09º BPM, 14º BPM",Disputa,,,false,0,0,0,0,0,0,0,0,0,0,0,0,0,0
65589,"Complexo do Chapadão - Costa Barros, Rio de Janeiro - RJ, 21770-430, Brasil",Sudeste,Rio de Janeiro,Rio de Janeiro,COSTA BARROS,,COMPLEXO DO CHAPADAO,-22.82219593220444,-43.37476160141114,"06/07/2024, 19:00:00",true,true,"41º BPM, 09º BPM, 14º BPM",Disputa,,,false,0,0,0,0,0,0,0,0,0,0,0,0,0,0
65598,"Complexo do Chapadão - Costa Barros, Rio de Janeiro - RJ, 21770-430, Brasil",Sudeste,Rio de Janeiro,Rio de Janeiro,COSTA BARROS,,COMPLEXO DO CHAPADAO,-22.82219593220444,-43.37476160141114,"07/07/2024, 05:30:00",true,true,"41º BPM, 09º BPM, 14º BPM",Disputa,,,false,0,0,0,0,0,0,0,0,0,0,0,0,0,0
65593,"Complexo do Chapadão - Costa Barros, Rio de Janeiro - RJ, 21770-430, Brasil",Sudeste,Rio de Janeiro,Rio de Janeiro,COSTA BARROS,,COMPLEXO DO CHAPADAO,-22.82219593220444,-43.37476160141114,"07/07/2024, 06:06:00",true,true,"41º BPM, 09º BPM, 14º BPM",Disputa,,,false,0,0,0,0,0,0,0,0,0,0,0,0,0,0
65594,"(Praça da Cohab) R. Paula Nei, 548 - Realengo, Rio de Janeiro - RJ, 21760-035, Brasil",Sudeste,Rio de Janeiro,Rio de Janeiro,REALENGO,,COHAB DE REALENGO,-22.883262575087134,-43.426325516918936,"07/07/2024, 07:30:00",false,false,,Não identificado,,,false,0,0,0,0,0,0,0,0,0,0,0,0,0,0
65600,"Vila Vintém - Padre Miguel, Rio de Janeiro - RJ, 21721-480, Brasil",Sudeste,Rio de Janeiro,Rio de Janeiro,PADRE MIGUEL,,VILA VINTEM,-22.87136775	,-43.44308676,"07/07/2024, 13:30:00",false,false,,Não identificado,,,false,0,0,0,0,0,0,0,0,0,0,0,0,0,0
65611,"Rua Pedro Américo, Catete, Rio de Janeiro, Rio de Janeiro, Brasil",Sudeste,Rio de Janeiro,Rio de Janeiro,CATETE,,SANTO AMARO,-22.9238925,-43.1792044,"07/07/2024, 22:02:00",false,false,,Não identificado,,,false,0,0,0,0,0,0,0,0,0,0,0,0,0,0
65628,"Morro do Fubá- Cascadura, Rio de Janeiro - RJ, 21311-130, Brasil",Sudeste,Rio de Janeiro,Rio de Janeiro,CASCADURA,,MORRO DO FUBA (COMPLEXO DO FUBA),-22.892324971301786,-43.33377861518315,"08/07/2024, 00:00:00",false,false,,Não identificado,,,false,0,0,0,0,0,0,0,0,0,0,0,0,0,0
65625,"Vila Aliança - Bangu, Rio de Janeiro - RJ, 21842-160, Brasil",Sudeste,Rio de Janeiro,Rio de Janeiro,BANGU,,VILA ALIANCA,-22.86909773,-43.47777013,"08/07/2024, 13:50:00",true,true,14º BPM,Ação policial,,,false,0,0,0,0,0,0,0,0,0,0,0,0,0,0
65627,"Rua Cidade do Rio - Taquara, Rio de Janeiro - RJ, Brasil",Sudeste,Rio de Janeiro,Rio de Janeiro,TAQUARA,,,-22.9244505,-43.3799653,"08/07/2024, 20:00:00",false,false,,Não identificado,,,false,0,0,0,0,0,0,0,0,0,0,0,0,0,0
65650,"Complexo do Fubá - Cascadura, Rio de Janeiro - RJ, 21311-020, Brasil",Sudeste,Rio de Janeiro,Rio de Janeiro,CASCADURA,,COMPLEXO DO FUBA,-22.88554535521746,-43.33567116316469,"09/07/2024, 00:00:00",true,true,9 BPM,Disputa,,,false,0,0,0,0,0,0,0,0,0,0,0,0,0,0
65629,"Rua Portinari - Maré, Rio de Janeiro - RJ, Brasil",Sudeste,Rio de Janeiro,Rio de Janeiro,MARE,,PARQUE UNIAO (COMPLEXO DA MARE),-22.8514923,-43.2444887,"09/07/2024, 03:29:00",true,true,PC,Operação policial,,,false,0,1,0,0,0,0,0,0,0,0,0,0,0,0
65630,"Morro do Barbante- Galeão, Rio de Janeiro - RJ, 21941-660, Brasil",Sudeste,Rio de Janeiro,Rio de Janeiro,GALEAO,,MORRO DO BARBANTE (OU VILA JOANIZA),-22.81324966,-43.22954715,"09/07/2024, 03:45:00",true,true,17 BPM,Ação policial,,,false,0,0,0,0,0,0,0,0,0,0,0,0,0,0
65633,"Nova Holanda - Maré, Rio de Janeiro - RJ, 21044-251, Brasil",Sudeste,Rio de Janeiro,Rio de Janeiro,MARE,,NOVA HOLANDA (COMPLEXO DA MARE),-22.855154783040007,-43.24152702216797,"09/07/2024, 05:45:00",true,true,PC,Ação policial,,,false,0,0,0,0,0,0,0,0,0,0,0,0,0,0
65642,"Morro da Muzema - Itanhangá, Rio de Janeiro - RJ, Brasil",Sudeste,Rio de Janeiro,Rio de Janeiro,ITANHANGA,,MORRO DA MUZEMA,-22.9819444,-43.3225,"09/07/2024, 09:20:00",true,true,31º BPM,Ação policial,,,false,0,1,0,0,0,0,0,0,0,0,0,0,0,0
65641,"Rua João Paulo I, Estácio, Rio de Janeiro - RJ, 20260-070, Brasil",Sudeste,Rio de Janeiro,Rio de Janeiro,ESTACIO,,,-22.916032024362433,-43.21174465580233,"09/07/2024, 10:00:00",false,true,,Tentativa/Roubo,,,false,1,1,0,0,0,0,0,0,0,0,0,0,0,0
65640,"Mangueira, Rio de Janeiro - RJ, Brasil",Sudeste,Rio de Janeiro,Rio de Janeiro,MANGUEIRA,,MANGUEIRA,-22.9025508,-43.2370745,"09/07/2024, 10:56:00",false,false,,Não identificado,,,false,0,0,0,0,0,0,0,0,0,0,0,0,0,0
65656,"Vila Aliança - Bangu, Rio de Janeiro - RJ, Brasil",Sudeste,Rio de Janeiro,Rio de Janeiro,BANGU,,VILA ALIANCA,-22.8694071,-43.4790849,"10/07/2024, 08:50:00",true,true,NI,Ação policial,,,false,0,0,0,0,0,0,0,0,0,0,0,0,0,0
65667,"Rua Doutor Garnier - Rocha, Rio de Janeiro - RJ, Brasil",Sudeste,Rio de Janeiro,Rio de Janeiro,ROCHA,,,-22.8971832,-43.2481676,"10/07/2024, 18:35:00",false,false,,Não identificado,,,false,0,0,0,0,0,0,0,0,0,0,0,0,0,0
65684,"Fumacê - Realengo, Rio de Janeiro - RJ, 21730-001, Brasil",Sudeste,Rio de Janeiro,Rio de Janeiro,REALENGO,,FUMACE,-22.867849278435585,-43.4238384574591,"11/07/2024, 14:00:00",false,false,,Disputa,,,true,3,0,0,0,0,0,0,0,0,0,0,0,0,0
65705,"Avenida General Osvaldo Cordeiro de Farias - Marechal Hermes, Rio de Janeiro - RJ, Brasil",Sudeste,Rio de Janeiro,Rio de Janeiro,MARECHAL HERMES,,,-22.8638376,-43.3729846,"11/07/2024, 18:53:00",false,false,,Homicidio/Tentativa,,Ataques armados sobre rodas,false,1,0,0,0,0,0,0,0,0,0,0,0,0,0
65689,"Morro da Muzema - Itanhangá, Rio de Janeiro - RJ, Brasil",Sudeste,Rio de Janeiro,Rio de Janeiro,ITANHANGA,,MORRO DA MUZEMA,-22.9819444,-43.3225,"11/07/2024, 20:56:00",false,false,,Não identificado,,,false,0,0,0,0,0,0,0,0,0,0,0,0,0,0
65690,"Morro da Muzema - Itanhangá, Rio de Janeiro - RJ, Brasil",Sudeste,Rio de Janeiro,Rio de Janeiro,ITANHANGA,,MORRO DA MUZEMA,-22.9819444,-43.3225,"12/07/2024, 03:50:00",false,false,,Não identificado,,,false,0,0,0,0,0,0,0,0,0,0,0,0,0,0
65706,"Favela do Quitungo - Brás de Pina, Rio de Janeiro - RJ, 21215-510, Brasil",Sudeste,Rio de Janeiro,Rio de Janeiro,BRAS DE PINA,,QUITUNGO-GUAPORE,-22.835000,-43.300278,"12/07/2024, 13:18:00",false,false,,Não identificado,,,false,0,0,0,0,0,0,0,0,0,0,0,0,0,0
65708,"Irajá, Rio de Janeiro - RJ, Brasil",Sudeste,Rio de Janeiro,Rio de Janeiro,IRAJA,,,-22.844329,-43.3231669,"12/07/2024, 16:15:00",false,false,,Não identificado,,,false,0,0,0,0,0,0,0,0,0,0,0,0,0,0
65710,"Ramos, Rio de Janeiro - RJ, Brasil",Sudeste,Rio de Janeiro,Rio de Janeiro,RAMOS,,,-22.8502757,-43.2565495,"12/07/2024, 18:30:00",false,false,,Não identificado,,,false,0,0,0,0,0,0,0,0,0,0,0,0,0,0
65728,"Estr. Meringuava - Taquara, Rio de Janeiro - RJ, Brasil",Sudeste,Rio de Janeiro,Rio de Janeiro,TAQUARA,,,-22.9150536,-43.3848174,"14/07/2024, 00:00:00",true,true,18ºBPM,Disputa,,,false,0,1,0,0,0,0,0,0,0,0,0,0,0,0
65744,"Fumacê - Realengo, Rio de Janeiro - RJ, 21730-001, Brasil",Sudeste,Rio de Janeiro,Rio de Janeiro,REALENGO,,FUMACE,-22.86858081,-43.42399939,"15/07/2024, 06:00:00",false,false,,Não identificado,,,false,0,0,0,0,0,0,0,0,0,0,0,0,0,0
65756,"Quitungo - Brás de Pina, Rio de Janeiro - RJ, 21215-510, Brasil",Sudeste,Rio de Janeiro,Rio de Janeiro,BRAS DE PINA,,QUITUNGO-GUAPORE,-22.835000	,-43.300278,"15/07/2024, 14:15:00",true,true,16 BPM,Ação policial,,,false,0,0,0,0,0,0,0,0,0,0,0,0,0,0
65757,"Tomás Coelho, Rio de Janeiro - RJ, Brasil",Sudeste,Rio de Janeiro,Rio de Janeiro,TOMAS COELHO,,,-22.865079,-43.3090791,"15/07/2024, 15:58:00",false,false,,Não identificado,,,false,0,0,0,0,0,0,0,0,0,0,0,0,0,0
65778,"Linha Vermelha - Galeão, Rio de Janeiro - RJ, 21941-570, Brasil",Sudeste,Rio de Janeiro,Rio de Janeiro,GALEAO,,,-22.8218508,-43.2539354,"15/07/2024, 19:00:00",false,false,,Tentativa/Roubo,,,false,0,0,0,0,0,0,0,0,0,0,0,0,0,0
67274,"Tomás Coelho, Rio de Janeiro - RJ, Brasil",Sudeste,Rio de Janeiro,Rio de Janeiro,TOMAS COELHO,,,-22.865079,-43.3090791,"15/07/2024, 21:20:00",false,false,,Não identificado,,,false,0,0,0,0,0,0,0,0,0,0,0,0,0,0
65791,"Santa Cruz, Rio de Janeiro - RJ, Brasil",Sudeste,Rio de Janeiro,Rio de Janeiro,SANTA CRUZ,,,-22.9208226,-43.6809034,"15/07/2024, 23:37:00",false,false,,Não identificado,,,false,0,0,0,0,0,0,0,0,0,0,0,0,0,0
65763,"Catiri- Bangu, Rio de Janeiro - RJ, 21863-010, Brasil",Sudeste,Rio de Janeiro,Rio de Janeiro,BANGU,,CATIRI,-22.85319795,-43.47059105,"16/07/2024, 01:00:00",false,false,,Não identificado,,,false,0,0,0,0,0,0,0,0,0,0,0,0,0,0
65779,"Avenida Lobo Júnior - Penha, Rio de Janeiro - RJ, Brasil",Sudeste,Rio de Janeiro,Rio de Janeiro,PENHA,,,-22.8305118,-43.2779372,"16/07/2024, 09:00:00",false,false,,Homicidio/Tentativa,,,false,1,0,0,0,0,0,0,0,0,0,0,0,0,0
65775,"Rua do Cajá - Penha, Rio de Janeiro - RJ, Brasil",Sudeste,Rio de Janeiro,Rio de Janeiro,PENHA,,,-22.844261,-43.2876046,"16/07/2024, 11:11:00",true,true,UPP Parque Proletário,Ação policial,,,false,0,0,0,0,0,0,0,0,0,0,0,0,0,0
65783,"Comunidade Rio da Prata - Bangu, Rio de Janeiro - RJ, 21825-071, Brasil",Sudeste,Rio de Janeiro,Rio de Janeiro,BANGU,,COMUNIDADE DO RIO DA PRATA,-22.88754927	,-43.47339182,"16/07/2024, 17:30:00",false,false,,Não identificado,,,false,0,0,0,0,0,0,0,0,0,0,0,0,0,0
65797,"Rua Edgard Barbosa - Anchieta, Rio de Janeiro - RJ, Brasil",Sudeste,Rio de Janeiro,Rio de Janeiro,ANCHIETA,,PARQUE ESPERANCA (COMPLEXO DO CHAPADAO),-22.8213215,-43.3956196,"16/07/2024, 22:00:00",true,true,NI,Ação policial,,,false,0,0,0,1,0,0,0,0,0,0,0,0,0,0
65788,"Quitungo-Guaporé - Brás de Pina, Rio de Janeiro - RJ, 21215-510, Brasil",Sudeste,Rio de Janeiro,Rio de Janeiro,BRAS DE PINA,,QUITUNGO-GUAPORE,-22.835000	,-43.300278,"17/07/2024, 01:00:00",false,false,,Disputa,,,false,0,0,0,0,0,0,0,0,0,0,0,0,0,0
65786,"Morro do Dezoito - Piedade, Rio de Janeiro - RJ, 20740-600, Brasil",Sudeste,Rio de Janeiro,Rio de Janeiro,PIEDADE,,MORRO DO 18 (COMPLEXO DO 18),-22.905011856611303,	-43.31769304011568,"17/07/2024, 04:00:00",true,true,03º BPM,Operação policial,,,false,0,0,0,0,0,0,0,0,0,0,0,0,0,0
65789,"Av. Brasil, 45780 - Campo Grande, Rio de Janeiro - RJ, 23078-001, Brasil",Sudeste,Rio de Janeiro,Rio de Janeiro,CAMPO GRANDE,,,-22.868793725639744,-43.597142813491836,"17/07/2024, 04:30:00",true,true,14º BPM,Operação policial,,,false,2,0,0,0,0,0,0,0,0,0,0,0,0,0
65801,"Ponte Velha (Av. Brg. Trompowski) - Galeão, Rio de Janeiro - RJ, 21941-570, Brasil",Sudeste,Rio de Janeiro,Rio de Janeiro,GALEAO,,,-22.834229969419095,-43.24202699867249,"17/07/2024, 14:00:00",true,true,17 BPM,Tentativa/Roubo de cargas,,Presença de Agente Privado de Segurança,false,0,1,0,0,0,0,0,0,0,0,0,0,0,0
65802,"Irajá, Rio de Janeiro - RJ, 21235-112, Brasil",Sudeste,Rio de Janeiro,Rio de Janeiro,IRAJA,,,-22.832064519911253," -43.328561313910086","17/07/2024, 19:50:00",false,false,,Não identificado,,,false,0,0,0,0,0,0,0,0,0,0,0,0,0,0
65812,"Favela 5 Bocas, Complexo de Israel - Brás de Pina, Rio de Janeiro - RJ, 23047-590, Brasil",Sudeste,Rio de Janeiro,Rio de Janeiro,BRAS DE PINA,,FAVELA 5 BOCAS (COMPLEXO DE ISRAEL),-22.82247302,-43.28508894,"18/07/2024, 14:20:00",false,false,,Não identificado,,,false,0,0,0,0,0,0,0,0,0,0,0,0,0,0
65815,"Complexo do Chapadão - Costa Barros, Rio de Janeiro - RJ, 21755-470, Brasil",Sudeste,Rio de Janeiro,Rio de Janeiro,COSTA BARROS,,COMPLEXO DO CHAPADAO,-22.82275959875163,-43.377068301163945,"18/07/2024, 19:10:00",false,false,,Disputa,,,false,0,0,0,0,0,0,0,0,0,0,0,0,0,0
65821,"Rua Eulina Ribeiro - Engenho de Dentro, Rio de Janeiro - RJ, Brasil",Sudeste,Rio de Janeiro,Rio de Janeiro,ENGENHO DE DENTRO,,,-22.9071775,-43.3019143,"18/07/2024, 20:00:00",false,false,,Não identificado,,,false,0,0,0,0,0,0,0,0,0,0,0,0,0,0
65825,"Morro do Urubu, Pilares, Rio de Janeiro - RJ, 20750, Brasil",Sudeste,Rio de Janeiro,Rio de Janeiro,PILARES,,MORRO DO URUBU (COMPLEXO DO URUBU),-22.87657404	,-43.30422326,"19/07/2024, 07:30:00",true,true,03º BPM,Operação policial,,,false,0,1,0,0,0,0,0,0,0,0,0,0,0,0
65829,"Rua Oliveira Melo - Cordovil, Rio de Janeiro - RJ, Brasil",Sudeste,Rio de Janeiro,Rio de Janeiro,CORDOVIL,,,-22.8256182,-43.3033031,"19/07/2024, 07:38:00",false,false,,Não identificado,,,false,0,0,0,0,0,0,0,0,0,0,0,0,0,0
65830,"Cordovil, Rio de Janeiro - RJ, Brasil",Sudeste,Rio de Janeiro,Rio de Janeiro,CORDOVIL,,,-22.8239006,-43.3010908,"19/07/2024, 08:00:00",true,true,"16 BPM ",Ação policial,,,false,0,1,0,0,0,0,0,0,0,0,0,0,0,0
65832,"Brás de Pina, Rio de Janeiro - RJ, Brasil",Sudeste,Rio de Janeiro,Rio de Janeiro,BRAS DE PINA,,,-22.8344389,-43.3027813,"19/07/2024, 08:30:00",false,false,,Disputa,,,false,0,0,0,0,0,0,0,0,0,0,0,0,0,0
65831,"Rua Tonelero - Copacabana, Rio de Janeiro - RJ, Brasil",Sudeste,Rio de Janeiro,Rio de Janeiro,COPACABANA,,,-22.9666427,-43.1852321,"19/07/2024, 09:00:00",true,true,"não identificado ",Tentativa/Roubo,,,false,0,2,0,0,0,0,0,0,0,0,0,0,0,1
65833,"Complexo do Chapadão - Costa Barros, Rio de Janeiro - RJ, 21515-162, Brasil",Sudeste,Rio de Janeiro,Rio de Janeiro,COSTA BARROS,,COMPLEXO DO CHAPADAO,-22.82130335,-43.37445584,"19/07/2024, 12:21:00",false,false,,Não identificado,,,false,0,0,0,0,0,0,0,0,0,0,0,0,0,0
65843,"Final Feliz (Complexo do Chapadão)- Anchieta, Rio de Janeiro - RJ, Brasil",Sudeste,Rio de Janeiro,Rio de Janeiro,ANCHIETA,,FAVELA FINAL FELIZ (COMPLEXO DA PEDREIRA),-22.8263652,-43.3876378,"19/07/2024, 15:58:00",false,false,,Não identificado,,,false,0,0,0,0,0,0,0,0,0,0,0,0,0,0
65840,"Parque Esperança (Complexo do Chapadão) - Anchieta, Rio de Janeiro - RJ, Brasil",Sudeste,Rio de Janeiro,Rio de Janeiro,ANCHIETA,,PARQUE ESPERANCA (COMPLEXO DO CHAPADAO),-22.8265636,-43.3941691,"19/07/2024, 17:30:00",false,false,,Não identificado,,,false,0,0,0,0,0,0,0,0,0,0,0,0,0,0
65847,"Rua Suruí - Brás de Pina, Rio de Janeiro - RJ, Brasil",Sudeste,Rio de Janeiro,Rio de Janeiro,BRAS DE PINA,,QUITUNGO-GUAPORE,-22.8331016,-43.2960327,"19/07/2024, 20:45:00",false,false,,Disputa,,,false,0,1,0,0,0,0,0,0,0,0,0,0,0,0
65856,"Brás de Pina, Rio de Janeiro - RJ, Brasil",Sudeste,Rio de Janeiro,Rio de Janeiro,BRAS DE PINA,,,-22.8344389,-43.3027813,"19/07/2024, 23:00:00",false,false,,Não identificado,,,false,0,0,0,0,0,0,0,0,0,0,0,0,0,0
65855,"Complexo do Chapadão - Costa Barros, Rio de Janeiro - RJ, 21650-230, Brasil",Sudeste,Rio de Janeiro,Rio de Janeiro,COSTA BARROS,,COMPLEXO DO CHAPADAO,-22.823451817634492,-43.37690736862305,"20/07/2024, 07:20:00",false,false,,Não identificado,,,false,0,0,0,0,0,0,0,0,0,0,0,0,0,0
65864,"Dourados - Cordovil, Rio de Janeiro - RJ, 21250-150, Brasil",Sudeste,Rio de Janeiro,Rio de Janeiro,CORDOVIL,,FAVELA DOURADOS,-22.82650326,-43.29951507,"20/07/2024, 23:45:00",false,false,,Disputa,,,false,0,0,0,0,0,0,0,0,0,0,0,0,0,0
65866,"Gasômetro - São Cristóvão, Rio de Janeiro - RJ, Brasil",Sudeste,Rio de Janeiro,Rio de Janeiro,SAO CRISTOVAO,,,-22.8998193,-43.2125849,"21/07/2024, 03:00:00",false,true,,Tentativa/Roubo,,,false,0,0,0,1,0,0,0,0,0,0,0,0,0,0
65860,"Dourados - Cordovil, Rio de Janeiro - RJ, 21250-150, Brasil",Sudeste,Rio de Janeiro,Rio de Janeiro,CORDOVIL,,FAVELA DOURADOS,-22.82650326,-43.29951507,"21/07/2024, 03:10:00",false,false,,Disputa,,,false,0,0,0,0,0,0,0,0,0,0,0,0,0,0
65859,"Rio das Pedras, Rio de Janeiro - RJ, Brasil",Sudeste,Rio de Janeiro,Rio de Janeiro,JACAREPAGUA,,RIO DAS PEDRAS,-22.9899253,-43.3216369,"21/07/2024, 05:15:00",false,false,,Não identificado,,,false,0,0,0,0,0,0,0,0,0,0,0,0,0,0
65865,"Av. dos Italianos - Rocha Miranda, Rio de Janeiro - RJ, Brasil",Sudeste,Rio de Janeiro,Rio de Janeiro,ROCHA MIRANDA,,,-22.8481836,-43.3500199,"21/07/2024, 12:00:00",false,false,,Homicidio/Tentativa,,,false,1,0,0,0,0,0,0,0,0,0,0,0,0,0
65870,"Morro dos Macacos - Vila Isabel, Rio de Janeiro - RJ, 20551-232, Brasil",Sudeste,Rio de Janeiro,Rio de Janeiro,VILA ISABEL,,MORRO DOS MACACOS,-22.913320485515868,-43.255955047607415,"21/07/2024, 16:34:00",false,false,,Disputa,,,false,0,0,0,0,0,0,0,0,0,0,0,0,0,0
65872,"Morro dos Macacos - Vila Isabel, Rio de Janeiro - RJ, 20551-232, Brasil",Sudeste,Rio de Janeiro,Rio de Janeiro,VILA ISABEL,,MORRO DOS MACACOS,-22.913578247777462,-43.255379155034746,"21/07/2024, 17:34:00",true,true,UPP Morro dos Macacos,Disputa,,,false,0,0,0,0,0,0,0,0,0,0,0,0,0,0
65912,"Rua São Januário - São Cristóvão, Rio de Janeiro - RJ, Brasil",Sudeste,Rio de Janeiro,Rio de Janeiro,SAO CRISTOVAO,,,-22.8948953,-43.2271286,"21/07/2024, 19:00:00",true,true,PM,Ação policial,,Perseguição,false,0,0,0,0,0,0,0,0,0,0,0,0,0,0
65881,"Favela 5 Bocas (Complexo de Israel) - Brás de Pina, Rio de Janeiro - RJ, 23047-590, Brasil",Sudeste,Rio de Janeiro,Rio de Janeiro,BRAS DE PINA,,FAVELA 5 BOCAS (COMPLEXO DE ISRAEL),-22.82247302,	-43.28508894,"22/07/2024, 03:00:00",true,true,16º BPM,Operação policial,,,false,0,0,0,0,0,0,0,0,0,0,0,0,0,0
65882,"Quitungo-Guaporé - Brás de Pina, Rio de Janeiro - RJ, 21215-510, Brasil",Sudeste,Rio de Janeiro,Rio de Janeiro,BRAS DE PINA,,QUITUNGO-GUAPORE,-22.835000	,-43.300278,"22/07/2024, 03:10:00",false,false,,Disputa,,,false,0,0,0,0,0,0,0,0,0,0,0,0,0,0
65883,"Favela da Tinta - Cordovil, Rio de Janeiro - RJ, 21012-140, Brasil",Sudeste,Rio de Janeiro,Rio de Janeiro,CORDOVIL,,FAVELA DA TINTA,-22.823441	,-43.295936,"22/07/2024, 03:15:00",true,true,16º BPM,Operação policial,,,false,0,0,0,0,0,0,0,0,0,0,0,0,0,0
65884,"Cidade Alta - Cordovil, Rio de Janeiro - RJ, 21010-640, Brasil",Sudeste,Rio de Janeiro,Rio de Janeiro,CORDOVIL,,CIDADE ALTA (COMPLEXO DE ISRAEL),-22.82007088	,-43.29432515,"22/07/2024, 04:00:00",true,true,16º BPM,Operação policial,,,false,0,0,0,0,0,0,0,0,0,0,0,0,0,0
65886,"Estação Cordovil - Cordovil, Rio de Janeiro - RJ, Brasil",Sudeste,Rio de Janeiro,Rio de Janeiro,CORDOVIL,,,-22.8237943,-43.2960229,"22/07/2024, 04:50:00",true,true,16º BPM,Operação policial,,,false,0,0,0,0,0,0,0,0,0,0,0,0,0,0
65906,"Favela de Vigário Geral (Complexo de Israel) - Vigário Geral, Rio de Janeiro - RJ, Brasil",Sudeste,Rio de Janeiro,Rio de Janeiro,VIGARIO GERAL,,FAVELA DE VIGARIO GERAL (COMPLEXO DE ISRAEL),-22.8086939,-43.3071081,"22/07/2024, 16:22:00",true,true," Núcleo de Operações Especiais (NOE-RJ) da PRF",Homicidio/Tentativa,,"Entrada na Favela por Engano,Outros",false,0,0,0,1,0,0,0,0,0,0,0,0,0,0
65919,"Av. Dom Hélder Câmara - Pilares, Rio de Janeiro - RJ, Brasil",Sudeste,Rio de Janeiro,Rio de Janeiro,PILARES,,,-22.8812596,-43.2756186,"22/07/2024, 18:00:00",true,true,3 BPM,Tentativa/Roubo,,,false,0,0,0,0,0,0,0,0,0,0,0,0,0,0
65910,"Complexo do Chapadão - Costa Barros, Rio de Janeiro - RJ, 21650-230, Brasil",Sudeste,Rio de Janeiro,Rio de Janeiro,COSTA BARROS,,COMPLEXO DO CHAPADAO,-22.822917820520857,-43.37773348899964,"23/07/2024, 03:15:00",true,true,41 BPM,Ação policial,,,false,0,1,0,0,0,0,0,0,0,0,0,0,0,0
65921,"Complexo de Israel - Cordovil, Rio de Janeiro - RJ, 21241-367, Brasil",Sudeste,Rio de Janeiro,Rio de Janeiro,CORDOVIL,,COMPLEXO DE ISRAEL,-22.819980,-43.298630,"23/07/2024, 04:00:00",true,true,"16º BPM, COE, BOPE, BAC e GAM",Ação policial,,,false,0,0,0,0,0,0,0,0,0,0,0,0,0,0
65925,"Rua Cisplatina, Vila Santa Cecília - Irajá, Rio de Janeiro - RJ, Brasil",Sudeste,Rio de Janeiro,Rio de Janeiro,IRAJA,,VILA SANTA CECILIA,-22.8449222,-43.3270994,"23/07/2024, 14:00:00",false,false,,Homicidio/Tentativa,,,false,1,0,0,0,0,0,0,0,0,0,0,0,0,0
65927,"Brás de Pina, Rio de Janeiro - RJ, Brasil",Sudeste,Rio de Janeiro,Rio de Janeiro,BRAS DE PINA,,,-22.8344389,-43.3027813,"23/07/2024, 17:10:00",false,false,,Não identificado,,,false,0,0,0,0,0,0,0,0,0,0,0,0,0,0
65926,"Praça da Bandeira, Rio de Janeiro - RJ, Brasil",Sudeste,Rio de Janeiro,Rio de Janeiro,PRACA DA BANDEIRA,,,-22.9122663,-43.2133348,"23/07/2024, 20:10:00",false,false,,Não identificado,,,false,0,0,0,0,0,0,0,0,0,0,0,0,0,0
65935,"Mangueira, Rio de Janeiro - RJ, 20943, Brasil",Sudeste,Rio de Janeiro,Rio de Janeiro,MANGUEIRA,,MANGUEIRA,-22.90514541	,-43.23489755,"23/07/2024, 21:02:00",false,false,,Não identificado,,,false,0,0,0,0,0,0,0,0,0,0,0,0,0,0
65934,"Avenida Brasil - Manguinhos, Rio de Janeiro - RJ, Brasil",Sudeste,Rio de Janeiro,Rio de Janeiro,MANGUINHOS,,COMPLEXO DE MANGUINHOS,-22.8781116,-43.2411685,"23/07/2024, 22:30:00",true,true,BPVE,Tentativa/Roubo,,,false,0,0,0,0,0,0,0,0,0,0,0,0,0,0
65929,"Morro da Muzema - Itanhangá, Rio de Janeiro - RJ, Brasil",Sudeste,Rio de Janeiro,Rio de Janeiro,ITANHANGA,,MORRO DA MUZEMA,-22.9819444,-43.3225,"24/07/2024, 03:30:00",true,true,DGPE,Operação policial,,,false,0,0,0,0,0,0,0,0,0,0,0,0,0,0
65930,"Gogó da Ema (Complexo do Chapadão) - Guadalupe, Rio de Janeiro - RJ, 21665-290, Brasil",Sudeste,Rio de Janeiro,Rio de Janeiro,GUADALUPE,,GOGO DA EMA (COMPLEXO DO CHAPADAO),-22.83388126349227,	-43.37829890805817,"24/07/2024, 03:30:00",true,true,41º BPM,Ação policial,,,false,0,1,0,0,0,0,0,0,0,0,0,0,0,0
65948,"Rua dos Miosótis - Vila Valqueire, Rio de Janeiro - RJ, Brasil",Sudeste,Rio de Janeiro,Rio de Janeiro,VILA VALQUEIRE,,,-22.8786119,-43.3620147,"24/07/2024, 13:00:00",false,true,,Tentativa/Roubo,,,false,1,0,0,0,0,0,0,0,0,0,0,0,0,0
65949,"Vila do João - Maré, Rio de Janeiro - RJ, 21046-720, Brasil",Sudeste,Rio de Janeiro,Rio de Janeiro,MARE,,VILA DO JOAO (COMPLEXO DA MARE),-22.873456715218907,-43.241832912719744,"24/07/2024, 17:35:00",false,false,,Disputa,,,false,1,0,0,0,0,0,0,0,0,0,0,0,0,0
65950," Quitungo - Brás de Pina, Rio de Janeiro - RJ, Brasil",Sudeste,Rio de Janeiro,Rio de Janeiro,BRAS DE PINA,,QUITUNGO-GUAPORE,-22.8319059,-43.302209,"24/07/2024, 18:00:00",false,false,,Não identificado,,,false,0,0,0,0,0,0,0,0,0,0,0,0,0,0
65955,"Tv. Laurindo Filho - Cavalcanti, Rio de Janeiro - RJ, 21370-270, Brasil",Sudeste,Rio de Janeiro,Rio de Janeiro,CAVALCANTI,,MORRO DA PRIMAVERA,-22.8686386,-43.31739049999999,"25/07/2024, 04:41:00",false,false,,Não identificado,,,false,0,0,0,0,0,0,0,0,0,0,0,0,0,0
65959,"Morro do Juramento - Vicente de Carvalho, Rio de Janeiro - RJ, Brasil",Sudeste,Rio de Janeiro,Rio de Janeiro,VICENTE DE CARVALHO,,MORRO DO JURAMENTO (COMPLEXO DO JURAMENTO),-22.8627778,-43.3152778,"25/07/2024, 07:00:00",true,true,"41º BPM, 09º BPM",Operação policial,,,true,3,0,0,0,0,0,0,0,0,0,0,0,0,0
65965,"Rua Gustavo Riedel - Engenho de Dentro, Rio de Janeiro - RJ, Brasil",Sudeste,Rio de Janeiro,Rio de Janeiro,ENGENHO DE DENTRO,,,-22.8985017,-43.3000038,"25/07/2024, 18:20:00",false,false,,Não identificado,,,false,0,0,0,0,0,0,0,0,0,0,0,0,0,0
65969,"Complexo da Penha - Penha, Rio de Janeiro - RJ, 21070-470, Brasil",Sudeste,Rio de Janeiro,Rio de Janeiro,PENHA,,COMPLEXO DA PENHA,-22.84557517,	-43.28296391,"26/07/2024, 05:59:00",true,true,PC,Ação policial,,,false,0,0,0,0,0,0,0,0,0,0,0,0,0,0
65971,"Furão - Olaria, Rio de Janeiro - RJ, 21071-460, Brasil",Sudeste,Rio de Janeiro,Rio de Janeiro,OLARIA,,FAVELA DO FURAO,-22.85237833	,-43.28027932,"26/07/2024, 06:20:00",true,true,NI,Ação policial,,,false,0,0,0,0,0,0,0,0,0,0,0,0,0,0
65984,"Morro da Redenção (Visconde Saboia) Rua Visconde de Sabóia - Cavalcanti, Rio de Janeiro - RJ, Brasil",Sudeste,Rio de Janeiro,Rio de Janeiro,CAVALCANTI,,MORRO DA REDENCAO,-22.8740631,-43.3175078,"26/07/2024, 12:00:00",true,true,9 BPM,Ação policial,,,false,0,1,0,0,0,0,0,0,0,0,0,0,0,0
65976,"Cidade Alta (Complexo de Israel) - Cordovil, Rio de Janeiro - RJ, 21010-640, Brasil",Sudeste,Rio de Janeiro,Rio de Janeiro,CORDOVIL,,CIDADE ALTA (COMPLEXO DE ISRAEL),-22.82007088	,-43.29432515,"26/07/2024, 15:40:00",false,false,,Não identificado,,,false,0,0,0,0,0,0,0,0,0,0,0,0,0,0
65981,"Rua Rio da prata - Bangu, Rio de Janeiro - RJ, 21820-092, Brasil",Sudeste,Rio de Janeiro,Rio de Janeiro,BANGU,,COMUNIDADE DO RIO DA PRATA,-22.886306900545893,-43.478632742535005,"26/07/2024, 16:30:00",true,true,PM,Ação policial,,Perseguição,false,0,0,0,0,0,0,0,0,0,0,0,0,0,0
65979,"Morro da Muzema - Itanhangá, Rio de Janeiro - RJ, 22753-090, Brasil",Sudeste,Rio de Janeiro,Rio de Janeiro,ITANHANGA,,MORRO DA MUZEMA,-22.983320272785203,-43.32555488134277,"26/07/2024, 17:15:00",true,true,"PM (RECOM), PC",Ação policial,,,false,2,0,0,0,0,0,0,0,0,0,0,0,0,0
65997,"Avenida Brasil - Penha, Rio de Janeiro - RJ, Brasil",Sudeste,Rio de Janeiro,Rio de Janeiro,PENHA,,,-22.8294072,-43.2710391,"27/07/2024, 11:47:00",false,false,,Tentativa/Roubo,,,false,0,1,0,0,0,0,0,0,0,0,0,0,0,0
66037,"Rua Honório de Almeida - Irajá, Rio de Janeiro - RJ, Brasil",Sudeste,Rio de Janeiro,Rio de Janeiro,IRAJA,,,-22.8362808,-43.321076,"27/07/2024, 15:20:00",false,true,,Tentativa/Roubo,,,false,0,1,0,0,0,0,0,0,0,0,0,0,0,0
66005,"Gardênia Azul, Rio de Janeiro - RJ, Brasil",Sudeste,Rio de Janeiro,Rio de Janeiro,GARDENIA AZUL,,,-22.9582037,-43.3529536,"28/07/2024, 06:20:00",true,true,18 BPM,Ação policial,,,false,0,0,0,0,0,0,0,0,0,0,0,0,0,0
66009,"Favela Para Pedro - Colégio, Rio de Janeiro - RJ, 21235-290, Brasil",Sudeste,Rio de Janeiro,Rio de Janeiro,COLEGIO,,FAVELA PARA PEDRO,-22.83883724	,-43.33365244,"28/07/2024, 11:00:00",true,true,41º BPM,Ação policial,,,false,0,0,0,0,0,0,0,0,0,0,0,0,0,0
66013,"Av. Vicente de Carvalho - Penha Circular, Rio de Janeiro - RJ, 21070-031, Brasil",Sudeste,Rio de Janeiro,Rio de Janeiro,PENHA CIRCULAR,,,-22.8395895,-43.29646169999999,"28/07/2024, 22:49:00",false,false,,Não identificado,,,false,0,0,0,0,0,0,0,0,0,0,0,0,0,0
66015,"Quitungo- Guaporé- Brás de Pina, Rio de Janeiro - RJ, 21215-510, Brasil",Sudeste,Rio de Janeiro,Rio de Janeiro,BRAS DE PINA,,QUITUNGO-GUAPORE,-22.835000,	-43.300278,"28/07/2024, 23:00:00",false,false,,Disputa,,,false,0,2,0,0,0,0,0,0,0,0,0,0,0,0
66036,"Morro da Quitanda - Costa Barros, Rio de Janeiro - RJ, 21532-050, Brasil",Sudeste,Rio de Janeiro,Rio de Janeiro,COSTA BARROS,,MORRO DA QUITANDA (COMPLEXO DA PEDREIRA),-22.81949929,-43.36693375,"29/07/2024, 14:10:00",false,false,,Não identificado,,,false,0,0,0,0,0,0,0,0,0,0,0,0,0,0
66041,"Comunidade Santa Maria - Jacarepaguá, Rio de Janeiro - RJ, 22723-630, Brasil",Sudeste,Rio de Janeiro,Rio de Janeiro,JACAREPAGUA,,COMUNIDADE SANTA MARIA,-22.914739,	-43.42013078,"29/07/2024, 19:00:00",false,false,,Disputa,,,false,0,0,0,0,0,0,0,0,0,0,0,0,0,0
66045,"Rua Abaíra - Brás de Pina, Rio de Janeiro - RJ, Brasil",Sudeste,Rio de Janeiro,Rio de Janeiro,BRAS DE PINA,,,-22.827637,-43.2916866,"30/07/2024, 03:45:00",false,false,,Não identificado,,,false,0,0,0,0,0,0,0,0,0,0,0,0,0,0
66046,"Vila Aliança - Bangu, Rio de Janeiro - RJ, Brasil",Sudeste,Rio de Janeiro,Rio de Janeiro,BANGU,,VILA ALIANCA,-22.8694071,-43.4790849,"30/07/2024, 04:00:00",true,true,14 BPM,Operação policial,,,false,0,0,0,0,0,0,0,0,0,0,0,0,0,0
66083,"Catiri - Bangu, Rio de Janeiro - RJ, 21863-010, Brasil",Sudeste,Rio de Janeiro,Rio de Janeiro,BANGU,,CATIRI,-22.8540853,-43.470192,"30/07/2024, 09:34:00",false,false,,Não identificado,,,false,0,0,0,0,0,0,0,0,0,0,0,0,0,0
66062,"Vila Aliança - Bangu, Rio de Janeiro - RJ, 21842-160, Brasil",Sudeste,Rio de Janeiro,Rio de Janeiro,BANGU,,VILA ALIANCA,-22.86909773,-43.47777013,"30/07/2024, 10:00:00",false,false,,Não identificado,,,false,0,0,0,0,0,0,0,0,0,0,0,0,0,0
66065,"Av. Dom Hélder Câmara - Engenho de Dentro, Rio de Janeiro - RJ, Brasil",Sudeste,Rio de Janeiro,Rio de Janeiro,ENGENHO DE DENTRO,,,-22.883773,-43.2969769,"30/07/2024, 11:00:00",false,true,,Tentativa/Roubo,,,false,0,1,0,0,0,0,0,0,0,0,0,1,0,0
66066,"Vila Kennedy, Rio de Janeiro - RJ, Brasil",Sudeste,Rio de Janeiro,Rio de Janeiro,VILA KENNEDY,,VILA KENNEDY,-22.8572405,-43.4892386,"30/07/2024, 11:30:00",false,false,,Disputa,,,false,0,0,0,0,0,0,0,0,0,0,0,0,0,0
66070,"R. Gurupi - Grajaú, Rio de Janeiro - RJ, 20561-100, Brasil",Sudeste,Rio de Janeiro,Rio de Janeiro,GRAJAU,,BORDA DO MATO,-22.923774319024673,-43.25968427962341,"30/07/2024, 18:30:00",true,true,6 BPM,Tentativa/Roubo,,Perseguição,false,1,1,0,0,0,0,0,0,0,0,0,0,0,0
66082,"Avenida Gilka Machado - Recreio dos Bandeirantes, Rio de Janeiro - RJ, Brasil",Sudeste,Rio de Janeiro,Rio de Janeiro,RECREIO DOS BANDEIRANTES,,,-23.0249854,-43.4752892,"30/07/2024, 21:50:00",false,false,,Não identificado,,,false,0,0,0,0,0,0,0,0,0,0,0,0,0,0
66075,"Morro da Fé (Complexo da Penha) - Penha, Rio de Janeiro - RJ, 21210-154, Brasil",Sudeste,Rio de Janeiro,Rio de Janeiro,PENHA,,MORRO DA FE (COMPLEXO DA PENHA),-22.84466841	,-43.29477785,"31/07/2024, 03:00:00",true,true,"16º BPM, 09ºBPM, 14ºBPM, 40ºBPM, BAC, GESAR, GAM",Operação policial,,,false,0,0,0,0,0,0,0,0,0,0,0,0,0,0
66076,"Conjunto do Ipase - Vila Kosmos, Rio de Janeiro - RJ, 21210-840, Brasil",Sudeste,Rio de Janeiro,Rio de Janeiro,VILA KOSMOS,,CONJUNTO DO IPASE,-22.84845508,	-43.30446505,"31/07/2024, 03:20:00",true,true,"16º BPM, 09ºBPM, 14ºBPM, 40ºBPM, BAC, GESAR, GAM",Operação policial,,,false,0,0,0,0,0,0,0,0,0,0,0,0,0,0
66077,"Morro do Juramento - Vicente de Carvalho, Rio de Janeiro - RJ, Brasil",Sudeste,Rio de Janeiro,Rio de Janeiro,VICENTE DE CARVALHO,,MORRO DO JURAMENTO (COMPLEXO DO JURAMENTO),-22.8627778,-43.3152778,"31/07/2024, 03:25:00",true,true,"16º BPM, 09ºBPM, 14ºBPM, 40ºBPM, BAC, GESAR, GAM",Operação policial,,,false,0,0,0,0,0,0,0,0,0,0,0,0,0,0
66074,"Quitungo-Guaporé- Brás de Pina, Rio de Janeiro - RJ, 21215-510, Brasil",Sudeste,Rio de Janeiro,Rio de Janeiro,BRAS DE PINA,,QUITUNGO-GUAPORE,-22.835000,	-43.300278,"31/07/2024, 03:35:00",true,true,"16º BPM, 09ºBPM, 14ºBPM, 40ºBPM, BAC, GESAR, GAM",Operação policial,,,false,0,0,0,0,0,0,0,0,0,0,0,0,0,0
66078,"Morro do Banco - Itanhangá, Rio de Janeiro - RJ, 22641-192, Brasil",Sudeste,Rio de Janeiro,Rio de Janeiro,ITANHANGA,,MORRO DO BANCO,-22.98785953	,-43.2964934,"31/07/2024, 06:33:00",false,false,,Não identificado,,,false,0,0,0,0,0,0,0,0,0,0,0,0,0,0
66086,"Santa Teresa, Rio de Janeiro - RJ, Brasil",Sudeste,Rio de Janeiro,Rio de Janeiro,SANTA TERESA,,,-22.9206375,-43.1896095,"31/07/2024, 07:00:00",true,true,5 BPM,Ação policial,,,false,0,0,0,0,0,0,0,0,0,0,0,0,0,0
66080,"Conjunto do Ipase - Vila Kosmos, Rio de Janeiro - RJ, 21210-840, Brasil",Sudeste,Rio de Janeiro,Rio de Janeiro,VILA KOSMOS,,CONJUNTO DO IPASE,-22.84845508	,-43.30446505,"31/07/2024, 07:06:00",true,true,"16º BPM, 09ºBPM, 14ºBPM, 40ºBPM, BAC, GESAR, GAM",Operação policial,,,false,0,0,0,0,0,0,0,0,0,0,0,0,0,0
66081,"Morro da Fé (Complexo da Penha) - Penha, Rio de Janeiro - RJ, 21210-154, Brasil",Sudeste,Rio de Janeiro,Rio de Janeiro,PENHA,,MORRO DA FE (COMPLEXO DA PENHA),-22.84466841	,-43.29477785,"31/07/2024, 07:17:00",true,true,"16º BPM, 09ºBPM, 14ºBPM, 40ºBPM, BAC, GESAR, GAM",Operação policial,,,false,0,0,0,1,0,0,0,0,0,0,0,0,0,0
66085,"Guadalupe, Rio de Janeiro - RJ, Brasil",Sudeste,Rio de Janeiro,Rio de Janeiro,GUADALUPE,,,-22.8401032,-43.3781182,"31/07/2024, 08:10:00",true,true,RECOM,Tentativa/Roubo de cargas,,,false,0,0,0,0,0,0,0,0,0,0,0,0,0,0
66095,"Rua Dias D'vila - Pavuna, Rio de Janeiro - RJ, Brasil",Sudeste,Rio de Janeiro,Rio de Janeiro,PAVUNA,,CONJUNTO HABITACIONAL ENGENHEIRO RUBENS PAIVA,-22.8156539,-43.3528309,"31/07/2024, 12:00:00",false,true,,Tentativa/Roubo,,,false,1,1,0,1,0,0,0,0,0,0,0,0,0,0
66090,"Conjunto Do Ipase - Avenida Vicente de Carvalho - Vila Kosmos, Rio de Janeiro - RJ, Brasil",Sudeste,Rio de Janeiro,Rio de Janeiro,VILA KOSMOS,,CONJUNTO DO IPASE,-22.8464481,-43.3031154,"31/07/2024, 13:40:00",false,false,,Não identificado,,,false,0,0,0,0,0,0,0,0,0,0,0,0,0,0
66094,"Rua Mauro - Vigário Geral, Rio de Janeiro - RJ, Brasil",Sudeste,Rio de Janeiro,Rio de Janeiro,VIGARIO GERAL,,,-22.816822,-43.3126761,"31/07/2024, 15:00:00",false,false,,Tentativa/Roubo,,Perseguição,false,0,0,0,0,0,0,0,0,0,0,0,0,0,0
66096,"Rua Dois de Fevereiro - Água Santa, Rio de Janeiro - RJ, Brasil",Sudeste,Rio de Janeiro,Rio de Janeiro,ENCANTADO,,,-22.90667,-43.3030765,"31/07/2024, 17:00:00",true,true," 3 BPM",Tentativa/Roubo,,,false,1,0,0,0,0,0,0,0,0,0,0,0,0,0
66093,"Morro do Fubá - Cascadura, Rio de Janeiro - RJ, 21311-130, Brasil",Sudeste,Rio de Janeiro,Rio de Janeiro,CASCADURA,,MORRO DO FUBA (COMPLEXO DO FUBA),-22.892324971301786,-43.33377861518315,"31/07/2024, 17:35:00",false,false,,Não identificado,,,false,0,0,0,0,0,0,0,0,0,0,0,0,0,0
66112,"Morro do Timbau - Maré, Rio de Janeiro - RJ, 21042-050, Brasil",Sudeste,Rio de Janeiro,Rio de Janeiro,MARE,,MORRO DO TIMBAU (COMPLEXO DA MARE),-22.86250847	,-43.24132626,"01/08/2024, 03:30:00",true,true,NI,Operação policial,,,false,0,0,0,0,0,0,0,0,0,0,0,0,0,0
66097,"Mangueira, Rio de Janeiro - RJ, Brasil",Sudeste,Rio de Janeiro,Rio de Janeiro,MANGUEIRA,,MANGUEIRA,-22.9025508,-43.2370745,"01/08/2024, 03:30:00",true,true,NI,Ação policial,,,false,0,0,0,0,0,0,0,0,0,0,0,0,0,0
66099,"Vargem Grande, Rio de Janeiro - RJ, 22785-092, Brasil",Sudeste,Rio de Janeiro,Rio de Janeiro,VARGEM GRANDE,,,-22.9763118,-43.4941892,"01/08/2024, 05:22:00",false,false,,Não identificado,,,false,0,0,0,0,0,0,0,0,0,0,0,0,0,0
66103,"Cidade Alta - Cordovil, Rio de Janeiro - RJ, Brasil",Sudeste,Rio de Janeiro,Rio de Janeiro,CORDOVIL,,CIDADE ALTA (COMPLEXO DE ISRAEL),-22.819569,-43.2943808,"01/08/2024, 07:10:00",true,true,16º BPM,Ação policial,,,false,0,0,0,0,0,0,0,0,0,0,0,0,0,0
66104,"Favela 5 Bocas - Brás de Pina, Rio de Janeiro - RJ, 23047-590, Brasil",Sudeste,Rio de Janeiro,Rio de Janeiro,BRAS DE PINA,,FAVELA 5 BOCAS (COMPLEXO DE ISRAEL),-22.82247302	,-43.28508894,"01/08/2024, 07:24:00",true,true,16º BPM,Ação policial,,,false,0,0,0,0,0,0,0,0,0,0,0,0,0,0
66133,"Favela Sítio Pai João - Itanhangá, Rio de Janeiro - RJ, 22753-005, Brasil",Sudeste,Rio de Janeiro,Rio de Janeiro,ITANHANGA,,FAVELA SITIO PAI JOAO,-22.99099668391521,	-43.31197515469455,"01/08/2024, 07:30:00",false,false,,Não identificado,,,false,0,0,0,0,0,0,0,0,0,0,0,0,0,0
66106,"Cidade Alta - Cordovil, Rio de Janeiro - RJ, 21010-640, Brasil",Sudeste,Rio de Janeiro,Rio de Janeiro,CORDOVIL,,CIDADE ALTA (COMPLEXO DE ISRAEL),-22.82007088	,-43.29432515,"01/08/2024, 07:45:00",true,true,16º BPM,Ação policial,,,false,0,0,0,0,0,0,0,0,0,0,0,0,0,0
66108,"Favela 5 Bocas (Complexo de Israel) - Brás de Pina, Rio de Janeiro - RJ, 23047-590, Brasil",Sudeste,Rio de Janeiro,Rio de Janeiro,BRAS DE PINA,,FAVELA 5 BOCAS (COMPLEXO DE ISRAEL),-22.82247302,	-43.28508894,"01/08/2024, 08:04:00",true,true,16º BPM,Ação policial,,,false,0,0,0,0,0,0,0,0,0,0,0,0,0,0
66111,"Favela do Pica Pau (Complexo de Israel) - Cordovil, Rio de Janeiro - RJ, 21012-350, Brasil",Sudeste,Rio de Janeiro,Rio de Janeiro,CORDOVIL,,FAVELA DO PICA PAU (COMPLEXO DE ISRAEL),-22.82067444	,-43.29021857,"01/08/2024, 08:33:00",true,true,16º BPM,Ação policial,,,false,0,0,0,0,0,0,0,0,0,0,0,0,0,0
66123,"Morro dos Macacos - Sampaio, Rio de Janeiro - RJ, 20560, Brasil",Sudeste,Rio de Janeiro,Rio de Janeiro,VILA ISABEL,,MORRO DOS MACACOS,-22.91,-43.2575,"02/08/2024, 04:34:00",false,false,,Não identificado,,,false,0,0,0,0,0,0,0,0,0,0,0,0,0,0
66132,"Loteamento Vila Nazaré - Acari, Rio de Janeiro - RJ, 21531-010, Brasil",Sudeste,Rio de Janeiro,Rio de Janeiro,ACARI,,LOTEAMENTO VILA NAZARE,-22.8234423,-43.3457934,"02/08/2024, 07:30:00",true,true,NI,Operação policial,,,false,0,0,0,0,0,0,0,0,0,0,0,0,0,0
66141,"Cidade de Deus, Rio de Janeiro - RJ, Brasil",Sudeste,Rio de Janeiro,Rio de Janeiro,CIDADE DE DEUS,,CIDADE DE DEUS,-22.9465337,-43.3697151,"02/08/2024, 19:51:00",false,false,,Não identificado,,,false,0,0,0,0,0,0,0,0,0,0,0,0,0,0
66151,"Favela Beira Rio - Parque Colúmbia, Rio de Janeiro - RJ, 21535-440, Brasil",Sudeste,Rio de Janeiro,Rio de Janeiro,PARQUE COLUMBIA,,FAVELA BEIRA RIO (PARQUE COLUMBIA),-22.819999073461666,-43.34626973613754,"03/08/2024, 05:00:00",true,true,41 BPM,Ação policial,,,false,0,1,0,0,0,0,0,0,0,0,0,0,0,0
66162,"Avenida Embaixador Abelardo Bueno - Barra da Tijuca, Rio de Janeiro - RJ, Brasil",Sudeste,Rio de Janeiro,Rio de Janeiro,BARRA OLIMPICA,,,-22.973119,-43.3819591,"03/08/2024, 17:00:00",true,true,31 BPM,Ação policial,,,false,1,1,0,0,0,0,0,0,0,0,0,0,0,0
66184,"Av. Francisco Bicalho - Santo Cristo, Rio de Janeiro - RJ, 20220-310, Brasil",Sudeste,Rio de Janeiro,Rio de Janeiro,SANTO CRISTO,,,-22.904698131625093,-43.210314414819344,"04/08/2024, 20:00:00",false,true,,Tentativa/Roubo,,,false,0,0,0,0,0,0,0,0,0,0,0,0,0,0
66179,"Morro dos Macacos - Vila Isabel, Rio de Janeiro - RJ, Brasil",Sudeste,Rio de Janeiro,Rio de Janeiro,VILA ISABEL,,MORRO DOS MACACOS,-22.91,-43.2575,"04/08/2024, 20:20:00",false,false,,Disputa,,Ataques armados sobre rodas,false,2,1,0,0,0,0,0,0,0,0,1,0,0,0
66168,"Morro da Fé (Complexo da Penha) - Penha, Rio de Janeiro - RJ, 21210-154, Brasil",Sudeste,Rio de Janeiro,Rio de Janeiro,PENHA,,MORRO DA FE (COMPLEXO DA PENHA),-22.84466841	,-43.29477785,"05/08/2024, 02:40:00",true,true,BPChq,Operação policial,,,false,0,0,0,0,0,0,0,0,0,0,0,0,0,0
66167,"Morro do Juramentinho - Tomás Coelho, Rio de Janeiro - RJ, 21220-300, Brasil",Sudeste,Rio de Janeiro,Rio de Janeiro,TOMAS COELHO,,MORRO DO JURAMENTINHO (COMPLEXO DO JURAMENTO),-22.86279158022473,-43.30378087390259,"05/08/2024, 02:50:00",true,true,03º BPM,Operação policial,,,false,0,0,0,0,0,0,0,0,0,0,0,0,0,0
66166,"Conjunto do IPASE - Vila Kosmos, Rio de Janeiro - RJ, 21210-840, Brasil",Sudeste,Rio de Janeiro,Rio de Janeiro,VILA KOSMOS,,CONJUNTO DO IPASE,-22.84845508	,-43.30446505,"05/08/2024, 03:10:00",true,true,41º BPM,Operação policial,,,false,0,0,0,0,0,0,0,0,0,0,0,0,0,0
66169,"Morro do Juramento - Vicente de Carvalho, Rio de Janeiro, RJ, Brasil",Sudeste,Rio de Janeiro,Rio de Janeiro,VICENTE DE CARVALHO,,MORRO DO JURAMENTO (COMPLEXO DO JURAMENTO),-22.86204124,	-43.31545844,"05/08/2024, 03:30:00",true,true,BOPE,Operação policial,,,false,0,0,0,0,0,0,0,0,0,0,0,0,0,0
66170,"Morro do Sereno - Penha Circular, Rio de Janeiro - RJ, 21070-330, Brasil",Sudeste,Rio de Janeiro,Rio de Janeiro,PENHA CIRCULAR,,MORRO DO SERENO (COMPLEXO DA PENHA),-22.843208382619896,-43.29370345116394,"05/08/2024, 03:50:00",true,true,BPChq,Operação policial,,,false,0,0,0,0,0,0,0,0,0,0,0,0,0,0
66171,"Morro da Fé (Complexo da Penha) - Penha, Rio de Janeiro - RJ, 21210-154, Brasil",Sudeste,Rio de Janeiro,Rio de Janeiro,PENHA,,MORRO DA FE (COMPLEXO DA PENHA),-22.84466841,	-43.29477785,"05/08/2024, 04:15:00",true,true,BPChq,Operação policial,,,false,0,0,0,0,0,0,0,0,0,0,0,0,0,0
66172,"Quitungo-Guaporé - Brás de Pina, Rio de Janeiro - RJ, 21215-510, Brasil",Sudeste,Rio de Janeiro,Rio de Janeiro,BRAS DE PINA,,QUITUNGO-GUAPORE,-22.835000,	-43.300278,"05/08/2024, 04:24:00",false,false,,Não identificado,,,false,0,0,0,0,0,0,0,0,0,0,0,0,0,0
66193,"Morro dos Macacos, Vila Isabel, Rio de Janeiro - RJ, 20551-232, Brasil",Sudeste,Rio de Janeiro,Rio de Janeiro,VILA ISABEL,,MORRO DOS MACACOS,-22.9131005,-43.2557487,"05/08/2024, 10:00:00",true,true,PM,Operação policial,,,false,0,0,0,0,0,0,0,0,0,0,0,0,0,0
66217,"Tauá, Rio de Janeiro - RJ, Brasil",Sudeste,Rio de Janeiro,Rio de Janeiro,TAUA,,,-22.8005228,-43.1868831,"05/08/2024, 12:00:00",false,false,,Homicidio/Tentativa,,Feminicídio/tentativa,false,0,1,0,0,0,0,0,0,0,0,0,0,0,0
66194,"Morro dos Macacos- Vila Isabel, Rio de Janeiro - RJ, 20551-630, Brasil",Sudeste,Rio de Janeiro,Rio de Janeiro,VILA ISABEL,,MORRO DOS MACACOS,-22.91189634,-43.25524243,"05/08/2024, 17:30:00",false,false,,Não identificado,,,false,0,0,0,0,0,0,0,0,0,0,0,0,0,0
66198,"Complexo da Pedreira - Costa Barros, Rio de Janeiro - RJ, 21515-570, Brasil",Sudeste,Rio de Janeiro,Rio de Janeiro,COSTA BARROS,,COMPLEXO DA PEDREIRA,-22.82425288,-43.36809439,"05/08/2024, 21:00:00",false,false,,Não identificado,,,false,0,0,0,0,0,0,0,0,0,0,0,0,0,0
66201,"Morro do Cruz - Andaraí, Rio de Janeiro - RJ, 20510-380, Brasil",Sudeste,Rio de Janeiro,Rio de Janeiro,ANDARAI,,MORRO DO CRUZ,-22.931192525515854,-43.25258139154053,"05/08/2024, 22:20:00",false,false,,Disputa,,,false,0,0,0,0,0,0,0,0,0,0,0,0,0,0
66197,"Morro do Borel- Tijuca, Rio de Janeiro - RJ, 20530-400, Brasil",Sudeste,Rio de Janeiro,Rio de Janeiro,TIJUCA,,MORRO DO BOREL,-22.93888816,	-43.25350828,"05/08/2024, 22:25:00",false,false,,Não identificado,,,false,0,0,0,0,0,0,0,0,0,0,0,0,0,0
66199,"Avenida Francisco Bicalho - Santo Cristo, Rio de Janeiro - RJ, Brasil",Sudeste,Rio de Janeiro,Rio de Janeiro,SANTO CRISTO,,,-22.9046586,-43.2097136,"06/08/2024, 03:57:00",true,true,05º BPM,Tentativa/Roubo,,,false,1,1,0,0,0,0,0,0,0,0,0,0,0,0
66200,"Morro do 18 - Piedade, Rio de Janeiro - RJ, 20740-600, Brasil",Sudeste,Rio de Janeiro,Rio de Janeiro,PIEDADE,,MORRO DO 18 (COMPLEXO DO 18),-22.905011856611303	,-43.31769304011568,"06/08/2024, 05:30:00",true,true,03º BPM,Operação policial,,,false,0,0,0,0,0,0,0,0,0,0,0,0,0,0
66215,"R. José Vicente - Grajaú, Rio de Janeiro - RJ, 20540-330, Brasil",Sudeste,Rio de Janeiro,Rio de Janeiro,GRAJAU,,,-22.9226054,-43.2568163,"06/08/2024, 07:30:00",true,true,PM,Ação policial,,,false,0,0,0,0,0,0,0,0,0,0,0,0,0,0
66210,"Cinco Bocas - Brás de Pina, Rio de Janeiro - RJ, 23047-590, Brasil",Sudeste,Rio de Janeiro,Rio de Janeiro,BRAS DE PINA,,FAVELA 5 BOCAS (COMPLEXO DE ISRAEL),-22.82247302,-43.28508894,"06/08/2024, 09:15:00",false,false,,Não identificado,,,false,0,0,0,0,0,0,0,0,0,0,0,0,0,0
66223,"Morro do Jorge Turco - Coelho Neto, Rio de Janeiro - RJ, 21545-360, Brasil",Sudeste,Rio de Janeiro,Rio de Janeiro,COELHO NETO,,MORRO JORGE TURCO,-22.83831622	,-43.34490657,"06/08/2024, 20:55:00",false,false,,Não identificado,,,false,0,0,0,0,0,0,0,0,0,0,0,0,0,0
66222,"Rua Javata (Complexo do Chapadão) - Anchieta, Rio de Janeiro - RJ, Brasil",Sudeste,Rio de Janeiro,Rio de Janeiro,ANCHIETA,,COMPLEXO DO CHAPADAO,-22.8230742,-43.3861426,"07/08/2024, 05:14:00",true,true,41º BPM,Ação policial,,,false,0,1,0,0,0,0,0,0,0,0,0,0,0,0
66224,"Favela da Galinha - Inhaúma, Rio de Janeiro - RJ, 20765-270, Brasil",Sudeste,Rio de Janeiro,Rio de Janeiro,INHAUMA,,FAVELA DA GALINHA,-22.86758804,	-43.2891417,"07/08/2024, 05:49:00",true,true,03º BPM,Ação policial,,,false,0,1,0,0,0,0,0,0,0,0,0,0,0,0
66230,"Cidade de Deus - Cidade de Deus, Rio de Janeiro - RJ, 22773-320, Brasil",Sudeste,Rio de Janeiro,Rio de Janeiro,CIDADE DE DEUS,,CIDADE DE DEUS,-22.944848520304443,-43.36480604169884,"07/08/2024, 12:00:00",false,true,,Homicidio/Tentativa,,,false,0,0,1,0,0,0,0,0,0,0,0,0,0,0
66236,"R. Jerônimo Coelho - Honório Gurgel, Rio de Janeiro - RJ, 21511-150, Brasil",Sudeste,Rio de Janeiro,Rio de Janeiro,HONORIO GURGEL,,MORRO DO BRINQUEDO,-22.8419216,-43.3545296,"08/08/2024, 03:09:00",false,false,,Não identificado,,,false,0,0,0,0,0,0,0,0,0,0,0,0,0,0
66239,"Acari, Rio de Janeiro - RJ, 21531-190, Brasil",Sudeste,Rio de Janeiro,Rio de Janeiro,ACARI,,FAVELA DE ACARI,-22.825555,-43.3444571,"08/08/2024, 03:40:00",true,true,"41º BPM ",Operação policial,,,false,2,0,0,0,0,0,0,0,0,0,0,0,0,0
66237,"Rua Anequira -  Estação de Cordovil, Cordovil, Rio de Janeiro - RJ, Brasil",Sudeste,Rio de Janeiro,Rio de Janeiro,CORDOVIL,,,-22.8241849,-43.2963525,"08/08/2024, 03:50:00",false,false,,Não identificado,,,false,0,0,0,0,0,0,0,0,0,0,0,0,0,0
66245,"Morro do Jordão - Tanque, Rio de Janeiro - RJ, 22725-590, Brasil",Sudeste,Rio de Janeiro,Rio de Janeiro,TANQUE,,MORRO DO JORDAO,-22.91094354	,-43.37403875,"08/08/2024, 10:28:00",true,true,18 BPM,Ação policial,,,false,0,0,0,0,0,0,0,0,0,0,0,0,0,0
66246,"Av. Glaucio Gil, Recreio dos Bandeirantes, Rio de Janeiro - RJ, 22795-172, Brasil",Sudeste,Rio de Janeiro,Rio de Janeiro,RECREIO DOS BANDEIRANTES,,,-23.0247524,-43.4570691,"08/08/2024, 11:40:00",false,true,,Tentativa/Roubo,,,false,1,1,0,0,0,0,0,0,0,0,0,0,0,1
66250,"Padre Miguel, Rio de Janeiro - RJ, Brasil",Sudeste,Rio de Janeiro,Rio de Janeiro,PADRE MIGUEL,,,-22.8780905,-43.4482789,"08/08/2024, 12:00:00",true,true,Segurança Presente,Tentativa/Roubo,,Perseguição,false,0,1,0,0,0,0,0,0,0,0,0,0,0,0
66252,"Avenida Engenheiro Richard - Grajaú, Rio de Janeiro - RJ, Brasil",Sudeste,Rio de Janeiro,Rio de Janeiro,GRAJAU,,,-22.9221602,-43.2633949,"08/08/2024, 18:35:00",false,false,,Não identificado,,,false,0,0,0,0,0,0,0,0,0,0,0,0,0,0
66256,"Complexo de Israel - Cordovil, Rio de Janeiro - RJ, 21241-367, Brasil",Sudeste,Rio de Janeiro,Rio de Janeiro,CORDOVIL,,COMPLEXO DE ISRAEL,-22.819980,	-43.298630,"09/08/2024, 05:27:00",true,true,"16º BPM, COE",Operação policial,,,false,0,0,0,0,0,0,0,0,0,0,0,0,0,0
66271,"Morro dos Macacos - Vila Isabel, Rio de Janeiro - RJ, 20560-130, Brasil",Sudeste,Rio de Janeiro,Rio de Janeiro,VILA ISABEL,,MORRO DOS MACACOS,-22.9130214,-43.2593536,"09/08/2024, 14:15:00",false,false,,Não identificado,,,false,0,0,0,0,0,0,0,0,0,0,0,0,0,0
66284,"Rua Olímpia Esteves - Padre Miguel, Rio de Janeiro - RJ, Brasil",Sudeste,Rio de Janeiro,Rio de Janeiro,PADRE MIGUEL,,,-22.8885775,-43.4463802,"09/08/2024, 15:30:00",false,false,,Homicidio/Tentativa,,,false,1,0,0,0,0,0,0,0,0,0,0,0,0,0
66276,"Fumacê, Realengo, Rio de Janeiro - RJ, 21735-480, Brasil",Sudeste,Rio de Janeiro,Rio de Janeiro,REALENGO,,FUMACE,-22.867550272340512,-43.42500153558198,"10/08/2024, 04:40:00",true,true,14 BPM,Ação policial,,,false,0,1,0,0,0,0,0,0,0,0,0,0,0,0
66291,"Avenida Brasil - Parada de Lucas, Rio de Janeiro - RJ, Brasil",Sudeste,Rio de Janeiro,Rio de Janeiro,PARADA DE LUCAS,,,-22.8165454,-43.3042488,"10/08/2024, 22:30:00",true,true,DHC-PC,Ação policial,,,false,1,0,0,0,0,0,0,0,0,0,0,0,0,0
66292,"Morro dos Macacos - Vila Isabel, Rio de Janeiro - RJ, Brasil",Sudeste,Rio de Janeiro,Rio de Janeiro,VILA ISABEL,,MORRO DOS MACACOS,-22.91,-43.2575,"11/08/2024, 16:22:00",false,false,,Disputa,,,false,0,0,0,0,0,0,0,0,0,0,0,0,0,0
66317,"Barrão - Vila Kennedy, Rio de Janeiro - RJ, 21853-430, Brasil",Sudeste,Rio de Janeiro,Rio de Janeiro,VILA KENNEDY,,BARRAO (VILA KENNEDY),-22.853492250945834,-43.493279781614675,"12/08/2024, 04:40:00",false,false,,Não identificado,,,false,0,0,0,0,0,0,0,0,0,0,0,0,0,0
66325,"Rua Dom Antonio Sperandio, Complexo do Chapadão - Anchieta, Rio de Janeiro - RJ, Brasil",Sudeste,Rio de Janeiro,Rio de Janeiro,ANCHIETA,,COMPLEXO DO CHAPADAO,-22.8244721,-43.3868066,"12/08/2024, 05:00:00",true,true,41 BPM (GAT),Operação policial,,,false,0,0,0,0,0,0,0,0,0,0,0,0,0,0
66323,"Gardênia Azul, Rio de Janeiro - RJ, Brasil",Sudeste,Rio de Janeiro,Rio de Janeiro,GARDENIA AZUL,,,-22.9582037,-43.3529536,"12/08/2024, 19:00:00",false,false,,Não identificado,,,false,0,0,0,0,0,0,0,0,0,0,0,0,0,0
66336,"Comunidade Santa Maria - Jacarepaguá, Rio de Janeiro - RJ, 22723-630, Brasil",Sudeste,Rio de Janeiro,Rio de Janeiro,JACAREPAGUA,,COMUNIDADE SANTA MARIA,-22.914739,	-43.42013078,"13/08/2024, 14:27:00",true,true,18º BPM,Ação policial,,,false,0,0,0,0,0,0,0,0,0,0,0,0,0,0
66340,"Favela Vila Nova Esperança (Favelão) - Gardênia Azul, Rio de Janeiro - RJ, Brasil",Sudeste,Rio de Janeiro,Rio de Janeiro,GARDENIA AZUL,,FAVELA VILA NOVA ESPERANCA (OU FAVELAO),-22.9582037,-43.3529536,"13/08/2024, 18:33:00",true,true,NI,Ação policial,,,false,0,0,0,1,0,0,0,0,0,0,0,0,0,0
66341,"Morro da Muzema - Itanhangá, Rio de Janeiro - RJ, Brasil",Sudeste,Rio de Janeiro,Rio de Janeiro,ITANHANGA,,MORRO DA MUZEMA,-22.9819444,-43.3225,"14/08/2024, 03:00:00",false,false,,Não identificado,,,false,0,0,0,0,0,0,0,0,0,0,0,0,0,0
66344,"Cidade Alta (Complexo de Israel) - Cordovil, Rio de Janeiro - RJ, 21010-640, Brasil",Sudeste,Rio de Janeiro,Rio de Janeiro,CORDOVIL,,CIDADE ALTA (COMPLEXO DE ISRAEL),-22.82007088	,-43.29432515,"14/08/2024, 03:05:00",true,true,16º BPM,Operação policial,,,false,0,0,0,0,0,0,0,0,0,0,0,0,0,0
66348,"Morro do Urubu - Piedade, Rio de Janeiro - RJ, 20750, Brasil",Sudeste,Rio de Janeiro,Rio de Janeiro,PIEDADE,,MORRO DO URUBU (COMPLEXO DO URUBU),-22.87657404	,-43.30422326,"14/08/2024, 03:52:00",true,true,03º BPM,Operação policial,,,false,2,0,0,0,0,0,0,0,0,0,0,0,0,0
66349,"Morro do Fubá (Complexo do Fubá) - Cascadura, Rio de Janeiro - RJ, 21311-130, Brasil",Sudeste,Rio de Janeiro,Rio de Janeiro,CASCADURA,,MORRO DO FUBA (COMPLEXO DO FUBA),-22.892324971301786,	-43.33377861518315,"14/08/2024, 04:24:00",true,true,09º BPM,Ação policial,,,false,0,1,0,0,0,0,0,0,0,0,0,0,0,0
66350,"Gogó da Ema (Complexo do Chapadão) - Guadalupe, Rio de Janeiro - RJ, 21665-290, Brasil",Sudeste,Rio de Janeiro,Rio de Janeiro,GUADALUPE,,GOGO DA EMA (COMPLEXO DO CHAPADAO),-22.83388126349227,	-43.37829890805817,"14/08/2024, 06:25:00",true,true,41º BPM,Operação policial,,,false,1,0,0,0,0,0,0,0,0,0,0,0,0,0
66352,"Pedra Rasa (Complexo do Chapadão) - Guadalupe, Rio de Janeiro - RJ, 21665-117, Brasil",Sudeste,Rio de Janeiro,Rio de Janeiro,GUADALUPE,,PEDRA RASA (COMPLEXO DO CHAPADAO),-22.83063556	,-43.38437778,"14/08/2024, 07:06:00",true,true,41º BPM,Operação policial,,,false,0,0,0,0,0,0,0,0,0,0,0,0,0,0
66353,"Rua Marcos de Macedo - Guadalupe, Rio de Janeiro - RJ, Brasil",Sudeste,Rio de Janeiro,Rio de Janeiro,GUADALUPE,,,-22.8400817,-43.3781194,"14/08/2024, 07:08:00",true,true,41º BPM,Operação policial,,,false,0,0,0,0,0,0,0,0,0,0,0,0,0,0
66356,"Anchieta - Parque Anchieta, Rio de Janeiro - RJ, 21615-320, Brasil",Sudeste,Rio de Janeiro,Rio de Janeiro,ANCHIETA,,,-22.825283835559937,-43.40232393092728,"14/08/2024, 08:00:00",false,false,,Não identificado,,,false,0,0,0,0,0,0,0,0,0,0,0,0,0,0
66362,"Cidade de Deus - Cidade de Deus, Rio de Janeiro - RJ, 22773-270, Brasil",Sudeste,Rio de Janeiro,Rio de Janeiro,CIDADE DE DEUS,,CIDADE DE DEUS,-22.9459057,-43.365612,"14/08/2024, 10:00:00",false,false,,Não identificado,,,false,0,0,0,0,0,0,0,0,0,0,0,0,0,0
66369,"Estr. Meringuava  - Taquara, Rio de Janeiro - RJ, 22725-442, Brasil",Sudeste,Rio de Janeiro,Rio de Janeiro,TAQUARA,,,-22.915220976114032,-43.38685222579499,"14/08/2024, 19:00:00",true,true,18º BPM,Sequestro/Cárcere Privado,,,false,1,0,0,0,0,0,0,0,0,0,0,0,0,0
66373,"Rua Padre Ildefonso Penalba - Todos os Santos, Rio de Janeiro - RJ, 20775-020, Brasil",Sudeste,Rio de Janeiro,Rio de Janeiro,TODOS OS SANTOS,,,-22.893821003690128,-43.28265097990112,"14/08/2024, 20:30:00",false,true,,Tentativa/Roubo,,,false,0,0,1,0,0,0,0,0,0,0,0,0,1,0
66379,"Av. Guilherme Maxwel - Bonsucesso, Rio de Janeiro - RJ, Brasil",Sudeste,Rio de Janeiro,Rio de Janeiro,BONSUCESSO,,,-22.8634501,-43.2505281,"14/08/2024, 22:30:00",true,true,UPP Manguinhos,Tentativa/Roubo de cargas,,,false,0,1,0,1,0,0,0,0,0,0,0,0,0,0
66386,"Parada de Lucas, Rio de Janeiro - RJ, 21250-400, Brasil",Sudeste,Rio de Janeiro,Rio de Janeiro,PARADA DE LUCAS,,,-22.8176435,-43.302269,"15/08/2024, 11:00:00",false,false,,Não identificado,,,false,0,0,0,0,0,0,0,0,0,0,0,0,0,0
66387,"Morro da Coroa, Santa Teresa, Rio de Janeiro - RJ, 20251-310, Brasil",Sudeste,Rio de Janeiro,Rio de Janeiro,SANTA TERESA,,MORRO DA COROA,-22.922053563280507,-43.19433685396728,"15/08/2024, 11:40:00",false,false,,Não identificado,,,false,0,0,0,0,0,0,0,0,0,0,0,0,0,0
66392,"Av. Pastor Martin Luther King Jr. - Tomás Coelho, Rio de Janeiro - RJ, Brasil",Sudeste,Rio de Janeiro,Rio de Janeiro,TOMAS COELHO,,MORRO DO JURAMENTINHO (COMPLEXO DO JURAMENTO),-22.8631097,-43.3064907,"16/08/2024, 04:00:00",false,false,,Não identificado,,,false,0,0,0,0,0,0,0,0,0,0,0,0,0,0
66393,"Ladeira dos Tabajaras - Copacabana, Rio de Janeiro - RJ, Brasil",Sudeste,Rio de Janeiro,Rio de Janeiro,COPACABANA,,LADEIRA DOS TABAJARAS,-22.9641358,-43.1898909,"16/08/2024, 04:29:00",true,true,"DRCO, DRFC, CORE, DRE, Ssinte, DRACO",Operação policial,,,false,0,0,0,0,0,0,0,0,0,0,0,0,0,0
66395,"Morro do Fubá (Complexo do Fubá) - Cascadura, Rio de Janeiro - RJ, 21311-130, Brasil",Sudeste,Rio de Janeiro,Rio de Janeiro,CASCADURA,,MORRO DO FUBA (COMPLEXO DO FUBA),-22.892324971301786	,-43.33377861518315,"16/08/2024, 04:30:00",false,false,,Não identificado,,,false,0,0,0,0,0,0,0,0,0,0,0,0,0,0
66412,"Madureira, Rio de Janeiro - RJ, Brasil",Sudeste,Rio de Janeiro,Rio de Janeiro,MADUREIRA,,,-22.8724517,-43.3363996,"16/08/2024, 18:20:00",false,false,,Não identificado,,,false,0,0,0,0,0,0,0,0,0,0,0,0,0,0
66419,"Morro do Sereno - Penha Circular, Rio de Janeiro - RJ, 21070-330, Brasil",Sudeste,Rio de Janeiro,Rio de Janeiro,PENHA CIRCULAR,,MORRO DO SERENO (COMPLEXO DA PENHA),-22.84321827,-43.29371418,"17/08/2024, 03:00:00",false,false,,Não identificado,,,false,0,0,0,0,0,0,0,0,0,0,0,0,0,0
66425,"Rua Delgado de Carvalho - Tijuca, Rio de Janeiro - RJ, Brasil",Sudeste,Rio de Janeiro,Rio de Janeiro,TIJUCA,,,-22.9234968,-43.219924,"17/08/2024, 12:00:00",true,true,6 BPM,Tentativa/Roubo,,Perseguição,false,0,1,0,0,0,0,0,0,0,0,0,0,0,0
66428,"Estr. de Botafogo - Costa Barros, Rio de Janeiro - RJ, Brasil",Sudeste,Rio de Janeiro,Rio de Janeiro,COSTA BARROS,,COMPLEXO DA PEDREIRA,-22.8207158,-43.3647849,"18/08/2024, 02:55:00",false,false,,Não identificado,,,false,0,0,0,0,0,0,0,0,0,0,0,0,0,0
66431,"Morro do Cajueiro - Madureira, Rio de Janeiro - RJ, 21360-080, Brasil",Sudeste,Rio de Janeiro,Rio de Janeiro,MADUREIRA,,MORRO DO CAJUEIRO (COMPLEXO DO CAJUEIRO),-22.86465862,-43.33657044,"18/08/2024, 07:40:00",false,false,,Não identificado,,,false,0,0,0,0,0,0,0,0,0,0,0,0,0,0
66437,"Avenida Niemeyer - Vidigal, Rio de Janeiro - RJ, 22450-241, Brasil",Sudeste,Rio de Janeiro,Rio de Janeiro,VIDIGAL,,,-22.995117641298446,-43.23503560262449,"18/08/2024, 11:00:00",true,true,23 BPM,Ação policial,,,false,0,1,0,0,0,0,0,0,0,0,0,0,0,0
66432,"Itanhangá, Rio de Janeiro - RJ, Brasil",Sudeste,Rio de Janeiro,Rio de Janeiro,ITANHANGA,,,-22.9870599,-43.3076592,"18/08/2024, 12:50:00",false,false,,Não identificado,,,false,0,0,0,0,0,0,0,0,0,0,0,0,0,0
66438,"Morro do Campinho (Complexo do Fubá) - Campinho, Rio de Janeiro - RJ, 21341, Brasil",Sudeste,Rio de Janeiro,Rio de Janeiro,CAMPINHO,,MORRO DO CAMPINHO (COMPLEXO DO FUBA),-22.886380144664365,-43.341479519082725,"18/08/2024, 18:40:00",false,false,,Não identificado,,,false,0,0,0,0,0,0,0,0,0,0,0,0,0,0
66442,"Praça Barão de Drumond (Praça Sete) - Praça Barão de Drumond - Vila Isabel, Rio de Janeiro - RJ, Brasil",Sudeste,Rio de Janeiro,Rio de Janeiro,VILA ISABEL,,,-22.9166689,-43.25079239999999,"18/08/2024, 20:58:00",false,false,,Disputa,,Ataques armados sobre rodas,true,5,2,0,0,0,0,0,0,0,0,1,0,0,0
66445,"Cidade de Deus, Rio de Janeiro - RJ, Brasil",Sudeste,Rio de Janeiro,Rio de Janeiro,CIDADE DE DEUS,,CIDADE DE DEUS,-22.9465337,-43.3697151,"19/08/2024, 04:01:00",true,true,18º BPM,Operação policial,,,true,3,6,0,0,0,0,0,0,0,0,0,0,0,0
66443,"Morro do Fubá (Complexo do Fubá) - Cascadura, Rio de Janeiro - RJ, 21311-130, Brasil",Sudeste,Rio de Janeiro,Rio de Janeiro,CASCADURA,,MORRO DO FUBA (COMPLEXO DO FUBA),-22.892324971301786	,-43.33377861518315,"19/08/2024, 04:07:00",false,false,,Não identificado,,,false,0,0,0,0,0,0,0,0,0,0,0,0,0,0
66465,"Complexo do Chapadão - Guadalupe, Rio de Janeiro - RJ, 21660-320, Brasil",Sudeste,Rio de Janeiro,Rio de Janeiro,GUADALUPE,,COMPLEXO DO CHAPADAO,-22.83278653990977,-43.37289478393677,"19/08/2024, 10:00:00",false,false,,Não identificado,,,false,0,0,0,0,0,0,0,0,0,0,0,0,0,0
66467,"Nova Holanda - Maré, Rio de Janeiro - RJ, 21044-242, Brasil",Sudeste,Rio de Janeiro,Rio de Janeiro,MARE,,NOVA HOLANDA (COMPLEXO DA MARE),-22.853091906805464,-43.2410111597412,"19/08/2024, 11:15:00",true,true,PC (DRE),Operação policial,,,false,0,0,0,0,0,0,0,0,0,0,0,0,0,0
66468,"Morro do Juramento - Vicente de Carvalho, Rio de Janeiro - RJ, Brasil",Sudeste,Rio de Janeiro,Rio de Janeiro,VICENTE DE CARVALHO,,MORRO DO JURAMENTO (COMPLEXO DO JURAMENTO),-22.8627778,-43.3152778,"19/08/2024, 12:20:00",false,false,,Não identificado,,,false,0,0,0,0,0,0,0,0,0,0,0,0,0,0
66478,"Santo André - Senador Camará, Rio de Janeiro - RJ, 21831-461, Brasil",Sudeste,Rio de Janeiro,Rio de Janeiro,SENADOR CAMARA,,MORRO SANTO ANDRE,-22.895833,-43.482500,"19/08/2024, 23:12:00",false,false,,Não identificado,,,false,0,0,0,0,0,0,0,0,0,0,0,0,0,0
66484,"Rua Ana Barbosa - Méier, Rio de Janeiro - RJ, Brasil",Sudeste,Rio de Janeiro,Rio de Janeiro,MEIER,,,-22.9014032,-43.2809602,"20/08/2024, 11:00:00",false,true,,Tentativa/Roubo,,Ataques armados sobre rodas,false,0,1,0,1,0,0,0,0,0,0,0,0,0,0
66489,"Rua Pinhara - Rocha Miranda, Rio de Janeiro - RJ, Brasil",Sudeste,Rio de Janeiro,Rio de Janeiro,ROCHA MIRANDA,,,-22.8505295,-43.340037,"20/08/2024, 11:40:00",false,false,,Homicidio/Tentativa,,,false,1,0,0,0,0,0,0,0,0,0,0,0,1,0
66545,"Morro do Juramento - Vicente de Carvalho, Rio de Janeiro - RJ, Brasil",Sudeste,Rio de Janeiro,Rio de Janeiro,VICENTE DE CARVALHO,,MORRO DO JURAMENTO (COMPLEXO DO JURAMENTO),-22.8627778,-43.3152778,"20/08/2024, 12:21:00",true,true,41 BPM,Ação policial,,,false,1,0,0,0,0,0,0,0,0,0,0,0,0,0
66491,"Vila Kennedy, Rio de Janeiro - RJ, Brasil",Sudeste,Rio de Janeiro,Rio de Janeiro,VILA KENNEDY,,VILA KENNEDY,-22.8572405,-43.4892386,"21/08/2024, 00:00:00",false,false,,Não identificado,,,false,0,0,0,0,0,0,0,0,0,0,0,0,0,0
66494,"Complexo do Chapadão - Costa Barros, Rio de Janeiro - RJ, 21650, Brasil",Sudeste,Rio de Janeiro,Rio de Janeiro,COSTA BARROS,,COMPLEXO DO CHAPADAO,-22.822749709884942,-43.373796006165776,"21/08/2024, 03:00:00",true,true,41º BPM,Ação policial,,,false,0,3,0,0,0,0,0,0,0,0,0,0,0,0
66507,"Morro do Jordão - Tanque, Rio de Janeiro - RJ, 22725-590, Brasil",Sudeste,Rio de Janeiro,Rio de Janeiro,TANQUE,,MORRO DO JORDAO,-22.91094354	,-43.37403875,"21/08/2024, 14:00:00",true,true,18 BPM,Ação policial,,,false,0,2,0,0,0,0,0,0,0,0,0,0,0,0
66512,"Morro da Fé (Complexo da Penha) - Penha, Rio de Janeiro - RJ, 21210-154, Brasil",Sudeste,Rio de Janeiro,Rio de Janeiro,PENHA,,MORRO DA FE (COMPLEXO DA PENHA),-22.84466841	,-43.29477785,"22/08/2024, 03:54:00",true,true,CPP,Operação policial,,,false,0,0,0,0,0,0,0,0,0,0,0,0,0,0
66513,"Morro do Fubá (Complexo do Fubá) - Cascadura, Rio de Janeiro - RJ, 21311-130, Brasil",Sudeste,Rio de Janeiro,Rio de Janeiro,CASCADURA,,MORRO DO FUBA (COMPLEXO DO FUBA),-22.892324971301786	,-43.33377861518315,"22/08/2024, 03:55:00",false,false,,Não identificado,,,false,0,0,0,0,0,0,0,0,0,0,0,0,0,0
66523,"Nova Holanda - Maré, Rio de Janeiro - RJ, 21044-242, Brasil",Sudeste,Rio de Janeiro,Rio de Janeiro,MARE,,NOVA HOLANDA (COMPLEXO DA MARE),-22.853803725445417,-43.24032702642824,"22/08/2024, 07:34:00",true,true,PC,Operação policial,,,false,0,0,0,0,0,0,0,0,0,0,0,0,0,0
66534,"Rua Padre Ildefonso Penalba - Todos os Santos, Rio de Janeiro - RJ, 20775-020, Brasil",Sudeste,Rio de Janeiro,Rio de Janeiro,TODOS OS SANTOS,,,-22.8937468759396,-43.28270462408142,"22/08/2024, 12:59:00",true,true,PF,Tentativa/Roubo,,,false,0,1,0,0,0,0,0,0,0,0,0,0,0,0
66531,"Vicente de Carvalho, Rio de Janeiro - RJ, Brasil",Sudeste,Rio de Janeiro,Rio de Janeiro,VICENTE DE CARVALHO,,,-22.8557822,-43.3157393,"22/08/2024, 16:05:00",false,false,,Não identificado,,,false,0,0,0,0,0,0,0,0,0,0,0,0,0,0
66538,"Morro do Juramento (Complexo do Juramento) - Vicente de Carvalho, Rio de Janeiro, RJ, Brasil",Sudeste,Rio de Janeiro,Rio de Janeiro,VICENTE DE CARVALHO,,MORRO DO JURAMENTO (COMPLEXO DO JURAMENTO),-22.861487622262654,-43.317432545834954,"23/08/2024, 08:30:00",false,false,,Não identificado,,,false,0,0,0,0,0,0,0,0,0,0,0,0,0,0
66550,"Morro da Primavera - Cavalcanti, Rio de Janeiro - RJ, 21370-280, Brasil",Sudeste,Rio de Janeiro,Rio de Janeiro,CAVALCANTI,,MORRO DA PRIMAVERA,-22.86902669	,-43.31696145,"23/08/2024, 12:00:00",false,false,,Disputa,,,false,2,0,0,0,0,0,0,0,0,0,0,0,0,0
66549,"Morro dos Macacos - Vila Isabel, Rio de Janeiro - RJ, 20551-280, Brasil",Sudeste,Rio de Janeiro,Rio de Janeiro,VILA ISABEL,,MORRO DOS MACACOS,-22.913122839845073,-43.257199592590325,"23/08/2024, 15:08:00",false,false,,Não identificado,,,false,0,0,0,0,0,0,0,0,0,0,0,0,0,0
66551,"São Cristóvão, Rio de Janeiro - RJ, Brasil",Sudeste,Rio de Janeiro,Rio de Janeiro,SAO CRISTOVAO,,,-22.8996469,-43.2227,"23/08/2024, 18:55:00",false,false,,Não identificado,,,false,0,0,0,0,0,0,0,0,0,0,0,0,0,0
66559,"Morro dos Macacos - Vila Isabel, Rio de Janeiro - RJ, 20551-630, Brasil",Sudeste,Rio de Janeiro,Rio de Janeiro,VILA ISABEL,,MORRO DOS MACACOS,-22.91189634,-43.25524243,"23/08/2024, 22:00:00",false,false,,Disputa,,,false,0,0,0,0,0,0,0,0,0,0,0,0,0,0
66583,"Cordovil, Rio de Janeiro - RJ, Brasil",Sudeste,Rio de Janeiro,Rio de Janeiro,CORDOVIL,,,-22.8239006,-43.3010908,"25/08/2024, 19:11:00",false,false,,Não identificado,,,false,0,0,0,0,0,0,0,0,0,0,0,0,0,0
66581,"Morro do Cantagalo - Copacabana, Rio de Janeiro - RJ, 22071-060, Brasil",Sudeste,Rio de Janeiro,Rio de Janeiro,COPACABANA,,MORRO DO CANTAGALO,-22.97975798,	-43.19622052,"25/08/2024, 21:12:00",false,false,,Não identificado,,,false,0,0,0,0,0,0,0,0,0,0,0,0,0,0
66634,"R. Monsenhor Jerônimo - Engenho de Dentro, Rio de Janeiro - RJ, 20730-110, Brasil",Sudeste,Rio de Janeiro,Rio de Janeiro,ENGENHO DE DENTRO,,,-22.899769872001357,-43.29477071782256,"27/08/2024, 11:00:00",false,false,,Tentativa/Roubo,,,false,0,0,0,0,0,0,0,0,0,0,0,0,0,0
66604,"Avenida Professor Bernardino Rocha - Pavuna, Rio de Janeiro - RJ, Brasil",Sudeste,Rio de Janeiro,Rio de Janeiro,PAVUNA,,,-22.8130674,-43.3736976,"27/08/2024, 11:00:00",true,true,Não identificado,Ação policial,,,false,0,3,0,0,0,0,0,0,0,0,0,0,0,0
66708,"Av. Prof. Manoel de Abreu, 230 - Maracanã, Rio de Janeiro - RJ, 20550-170, Brasil",Sudeste,Rio de Janeiro,Rio de Janeiro,MARACANA,,,-22.9137067,-43.2341342,"27/08/2024, 11:10:00",false,false,,Tentativa/Roubo,,,false,0,1,0,0,0,0,0,0,0,0,0,0,0,0
66612,"Barata - Realengo, Rio de Janeiro - RJ, 21770, Brasil",Sudeste,Rio de Janeiro,Rio de Janeiro,REALENGO,,BARATA,-22.8948502,	-43.44197647,"27/08/2024, 15:00:00",true,true,Não identificado,Ação policial,,,false,0,0,0,0,0,0,0,0,0,0,0,0,0,0
66618,"Jardim América, Rio de Janeiro - RJ, Brasil",Sudeste,Rio de Janeiro,Rio de Janeiro,JARDIM AMERICA,,,-22.8114452,-43.3208041,"27/08/2024, 19:00:00",false,true,,Tentativa/Roubo,,,false,0,1,0,0,0,0,0,0,0,0,0,0,0,0
66619,"Av. Brasil - Guadalupe, Rio de Janeiro - RJ, 21660-000, Brasil",Sudeste,Rio de Janeiro,Rio de Janeiro,GUADALUPE,,,-22.8438755407169,-43.375231181970214,"28/08/2024, 05:30:00",false,false,,Tentativa/Roubo,,,false,0,0,0,0,0,0,0,0,0,0,0,0,0,0
66620,"Morro do Campinho (Complexo do Fubá), Campinho, Rio de Janeiro - RJ, 21310-320, Brasil",Sudeste,Rio de Janeiro,Rio de Janeiro,CAMPINHO,,MORRO DO CAMPINHO (COMPLEXO DO FUBA),-22.884492241823732,-43.33906553096932,"28/08/2024, 06:30:00",false,false,,Disputa,,,false,0,0,0,0,0,0,0,0,0,0,0,0,0,0
66623,"Avenida do Pepê - Barra da Tijuca, Rio de Janeiro - RJ, Brasil",Sudeste,Rio de Janeiro,Rio de Janeiro,BARRA DA TIJUCA,,,-23.0150807,-43.3053788,"28/08/2024, 07:30:00",false,false,,Tentativa/Roubo,,,false,0,1,0,0,0,0,0,0,0,0,0,0,0,0
66635,"Favela de Acari - Acari, Rio de Janeiro - RJ, Brasil",Sudeste,Rio de Janeiro,Rio de Janeiro,ACARI,,FAVELA DE ACARI,-22.8255154,-43.3445447,"28/08/2024, 08:40:00",true,true,41 BPM,Ação policial,,,false,0,0,0,0,0,0,0,0,0,0,0,0,0,0
66627,"Proença Rosa - Honório Gurgel, Rio de Janeiro - RJ, 21512-170, Brasil",Sudeste,Rio de Janeiro,Rio de Janeiro,HONORIO GURGEL,,PROENCA ROSA,-22.8386657,-43.3607469,"28/08/2024, 10:36:00",false,false,,Não identificado,,,false,0,0,0,0,0,0,0,0,0,0,0,0,0,0
66638,"Morro da Muzema - Itanhangá, Rio de Janeiro - RJ, Brasil",Sudeste,Rio de Janeiro,Rio de Janeiro,ITANHANGA,,MORRO DA MUZEMA,-22.9819444,-43.3225,"29/08/2024, 06:00:00",false,false,,Não identificado,,,false,0,0,0,0,0,0,0,0,0,0,0,0,0,0
66652,"Vila da Paz - Itanhangá, Rio de Janeiro - RJ, 22753-005, Brasil",Sudeste,Rio de Janeiro,Rio de Janeiro,ITANHANGA,,VILA DA PAZ,-22.9917076,-43.3113371,"29/08/2024, 14:00:00",false,false,,Não identificado,,,false,0,0,0,0,0,0,0,0,0,0,0,0,0,0
66651,"Quitungo - Brás de Pina, Rio de Janeiro - RJ, Brasil",Sudeste,Rio de Janeiro,Rio de Janeiro,BRAS DE PINA,,QUITUNGO-GUAPORE,-22.8319059,-43.302209,"29/08/2024, 17:00:00",false,false,,Não identificado,,,false,0,0,0,0,0,0,0,0,0,0,0,0,0,0
66657,"Morro da Fé (Complexo da Penha) - Penha, Rio de Janeiro - RJ, 21210-154, Brasil",Sudeste,Rio de Janeiro,Rio de Janeiro,PENHA,,MORRO DA FE (COMPLEXO DA PENHA),-22.84466841,	-43.29477785,"30/08/2024, 03:00:00",true,true,NI,Ação policial,,,false,0,0,0,0,0,0,0,0,0,0,0,0,0,0
66654,"Morro do Juramentinho - Tomás Coelho, Rio de Janeiro - RJ, 21210-620, Brasil",Sudeste,Rio de Janeiro,Rio de Janeiro,TOMAS COELHO,,MORRO DO JURAMENTINHO (COMPLEXO DO JURAMENTO),-22.861625032374384,-43.30393107760742,"30/08/2024, 03:27:00",false,false,,Não identificado,,,false,0,0,0,0,0,0,0,0,0,0,0,0,0,0
66655,"Morro do Juramentinho - Tomás Coelho, Rio de Janeiro - RJ, 21220-770, Brasil",Sudeste,Rio de Janeiro,Rio de Janeiro,TOMAS COELHO,,MORRO DO JURAMENTINHO (COMPLEXO DO JURAMENTO),-22.86102198252526,-43.30527218211487,"30/08/2024, 04:08:00",false,false,,Não identificado,,,false,0,0,0,0,0,0,0,0,0,0,0,0,0,0
66664,"Vila da Paz - Itanhangá, Rio de Janeiro - RJ, 22753-005, Brasil",Sudeste,Rio de Janeiro,Rio de Janeiro,ITANHANGA,,VILA DA PAZ,-22.9917076,	-43.3113371,"30/08/2024, 14:45:00",false,false,,Não identificado,,,false,0,0,0,0,0,0,0,0,0,0,0,0,0,0
66665,"Vila Vintém - Padre Miguel, Rio de Janeiro - RJ, 21721-480, Brasil",Sudeste,Rio de Janeiro,Rio de Janeiro,PADRE MIGUEL,,VILA VINTEM,-22.87136775	,-43.44308676,"30/08/2024, 17:19:00",false,false,,Não identificado,,,false,0,0,0,0,0,0,0,0,0,0,0,0,0,0
66667,"R. Leri - Vaz Lobo, Rio de Janeiro - RJ, 21360-480, Brasil",Sudeste,Rio de Janeiro,Rio de Janeiro,VAZ LOBO,,MORRO DO VAZ LOBO (COMPLEXO DO CAJUEIRO),-22.859097671805586,-43.33109079384194,"30/08/2024, 21:00:00",false,false,,Não identificado,,,false,0,0,0,0,0,0,0,0,0,0,0,0,0,0
66668,"Bar DG Mix - R. Silvio Tibiriçá - Turiaçú, Rio de Janeiro - RJ, Brasil",Sudeste,Rio de Janeiro,Rio de Janeiro,TURIACU,,,-22.862854,-43.338744,"31/08/2024, 01:00:00",false,false,,Disputa,,"Bar,Ataques armados sobre rodas",true,4,5,0,0,0,0,0,0,0,0,0,0,0,0
66684,"Praça da Bandeira, Rio de Janeiro - RJ, Brasil",Sudeste,Rio de Janeiro,Rio de Janeiro,PRACA DA BANDEIRA,,,-22.9122663,-43.2133348,"31/08/2024, 21:03:00",false,false,,Não identificado,,,false,0,0,0,0,0,0,0,0,0,0,0,0,0,0
66699,"Fallet / Fogueteiro- Santa Teresa, Rio de Janeiro - RJ, 20251-250, Brasil",Sudeste,Rio de Janeiro,Rio de Janeiro,SANTA TERESA,,FALLET/FOGUETEIRO,-22.92648960055092,-43.19705317650818,"31/08/2024, 21:15:00",false,false,,Não identificado,,,false,0,0,0,0,0,0,0,0,0,0,0,0,0,0
66700,"Morro do Dendê - Tauá, Rio de Janeiro - RJ, 21922-490, Brasil",Sudeste,Rio de Janeiro,Rio de Janeiro,TAUA,,MORRO DO DENDE,-22.802039	,-43.184899,"31/08/2024, 21:45:00",false,false,,Não identificado,,,false,0,0,0,0,0,0,0,0,0,0,0,0,0,0
66685,"Vargem Grande, Rio de Janeiro - RJ, 22785-092, Brasil",Sudeste,Rio de Janeiro,Rio de Janeiro,VARGEM GRANDE,,,-22.9763118,-43.4941892,"01/09/2024, 03:16:00",false,false,,Não identificado,,,false,0,0,0,0,0,0,0,0,0,0,0,0,0,0
66687,"Av. Maracanã - Maracanã, Rio de Janeiro - RJ, 20271-111, Brasil",Sudeste,Rio de Janeiro,Rio de Janeiro,MARACANA,,,-22.912330152957647,-43.22660909080734,"01/09/2024, 05:30:00",false,false,,Não identificado,,,false,0,0,0,0,0,0,0,0,0,0,0,0,0,0
66705,"Morro Santo André - Senador Camará, Rio de Janeiro - RJ, 21831-444, Brasil",Sudeste,Rio de Janeiro,Rio de Janeiro,SENADOR CAMARA,,MORRO SANTO ANDRE,-22.89625799201864,-43.48248927116395,"01/09/2024, 16:00:00",false,false,,Disputa,,,false,0,0,0,0,0,0,0,0,0,0,0,0,0,0
67283,"Complexo Lagunar de Jacarepaguá - Barra da Tijuca, Rio de Janeiro - RJ, 22776-070, Brasil",Sudeste,Rio de Janeiro,Rio de Janeiro,BARRA DA TIJUCA,,,-22.987101626438925,-43.34876634865722,"01/09/2024, 21:00:00",false,false,,Não identificado,,,false,0,0,0,0,0,0,0,0,0,0,0,0,0,0
66717,"Complexo do Chapadão - Pavuna, Rio de Janeiro - RJ, 21650-020, Brasil",Sudeste,Rio de Janeiro,Rio de Janeiro,PAVUNA,,COMPLEXO DO CHAPADAO,-22.82326393	,-43.37707903,"02/09/2024, 07:35:00",false,false,,Não identificado,,,false,0,0,0,0,0,0,0,0,0,0,0,0,0,0
66725,"Rua Frei Caneca - Estácio, Rio de Janeiro - RJ, Brasil",Sudeste,Rio de Janeiro,Rio de Janeiro,ESTACIO,,,-22.9143338,-43.1993813,"02/09/2024, 08:30:00",true,true,04º BPM,Tentativa/Roubo,,,false,0,1,0,0,0,0,0,0,0,0,0,0,0,0
66747,"Vila Vintém - Padre Miguel, Rio de Janeiro - RJ, 21721-480, Brasil",Sudeste,Rio de Janeiro,Rio de Janeiro,PADRE MIGUEL,,VILA VINTEM,-22.87136775	,-43.44308676,"02/09/2024, 21:05:00",false,false,,Não identificado,,,false,0,0,0,0,0,0,0,0,0,0,0,0,0,0
66737,"Complexo da Maré, Maré, Rio de Janeiro - RJ, 21042-235, Brasil",Sudeste,Rio de Janeiro,Rio de Janeiro,MARE,,COMPLEXO DA MARE,-22.86139390303484,-43.24594792949983,"03/09/2024, 01:00:00",true,true,"BOPE, CORE, DRE",Operação policial,,,true,3,0,0,0,0,0,0,0,0,0,0,0,0,0
66736," Vila Kennedy, Bangu, Rio de Janeiro - RJ, 21850-430, Brasil",Sudeste,Rio de Janeiro,Rio de Janeiro,VILA KENNEDY,,VILA KENNEDY,-22.8579856,-43.4880066,"03/09/2024, 01:00:00",false,false,,Disputa,,,false,0,1,0,0,0,0,0,0,0,0,0,0,0,0
66740,"Vila do João - Maré, Rio de Janeiro - RJ, 21046-625, Brasil",Sudeste,Rio de Janeiro,Rio de Janeiro,MARE,,VILA DO JOAO (COMPLEXO DA MARE),-22.8723298,-43.2390005,"03/09/2024, 02:00:00",true,true,BOPE,Operação policial,,,false,0,0,0,0,0,0,0,0,0,0,0,0,0,0
66748,"Vila do João (Complexo da Maré) - Maré, Rio de Janeiro - RJ, 21046-630, Brasil",Sudeste,Rio de Janeiro,Rio de Janeiro,MARE,,VILA DO JOAO (COMPLEXO DA MARE),-22.87117627	,-43.2410853,"03/09/2024, 09:28:00",true,true,"BOPE, CORE, DRE",Ação policial,,,false,0,0,0,0,0,0,0,0,0,0,0,0,0,0
66750,"Vila do João (Complexo da Maré) - Maré, Rio de Janeiro - RJ, 21046-630, Brasil",Sudeste,Rio de Janeiro,Rio de Janeiro,MARE,,VILA DO JOAO (COMPLEXO DA MARE),-22.87117627	,-43.2410853,"03/09/2024, 10:55:00",true,true,"BOPE (PM) | CORE, DER (PC)",Operação policial,,,false,0,0,0,0,0,0,0,0,0,0,0,0,0,0
66766,"Comunidade do Guarabu - Jardim Carioca, Rio de Janeiro - RJ, Brasil",Sudeste,Rio de Janeiro,Rio de Janeiro,JARDIM CARIOCA,,GUARABU,-22.8057705,-43.1932173,"03/09/2024, 17:00:00",false,false,,Homicidio/Tentativa,,Feminicídio/tentativa,false,1,0,0,0,0,0,0,0,0,0,0,0,0,0
66755,"Morro do Campinho (Complexo do Fubá), Campinho - Rio de Janeiro, RJ, Brasil",Sudeste,Rio de Janeiro,Rio de Janeiro,CAMPINHO,,MORRO DO CAMPINHO (COMPLEXO DO FUBA),-22.885541249805666,-43.33649083474172,"03/09/2024, 17:40:00",false,false,,Não identificado,,,false,0,0,0,0,0,0,0,0,0,0,0,0,0,0
66756,"Morro Jorge Turco - Rocha Miranda, Rio de Janeiro - RJ, 21236-220, Brasil",Sudeste,Rio de Janeiro,Rio de Janeiro,ROCHA MIRANDA,,MORRO JORGE TURCO,-22.844881518302063,-43.34542155413087,"03/09/2024, 20:00:00",false,false,,Disputa,,,false,0,0,0,0,0,0,0,0,0,0,0,0,0,0
66790,"Linha Vermelha - Maré, Rio de Janeiro - RJ, Brasil",Sudeste,Rio de Janeiro,Rio de Janeiro,MARE,,COMPLEXO DA MARE,-22.8567414,-43.2382561,"04/09/2024, 19:00:00",false,false,,Tentativa/Roubo,,,false,0,0,0,0,0,0,0,0,0,0,0,0,0,0
66777,"Vila Aliança, Bangu, Rio de Janeiro - RJ, 21842-100, Brasil",Sudeste,Rio de Janeiro,Rio de Janeiro,BANGU,,VILA ALIANCA,-22.87112882802526,-43.47872080674591,"05/09/2024, 01:00:00",false,false,,Disputa,,,false,0,0,0,0,0,0,0,0,0,0,0,0,0,0
66788,"Rua Abrahão Jabour - Jacarepaguá, Rio de Janeiro - RJ, Brasil",Sudeste,Rio de Janeiro,Rio de Janeiro,BARRA OLIMPICA,,,-22.9739535,-43.4113532,"05/09/2024, 16:00:00",true,true,18 BPM,Tentativa/Roubo,,,false,0,0,0,0,0,0,0,0,0,0,0,0,0,0
66791,"Avenida Isabel Domingues - Gardênia Azul, Rio de Janeiro, Rio de Janeiro, Brasil",Sudeste,Rio de Janeiro,Rio de Janeiro,GARDENIA AZUL,,,-22.9628683,-43.3483931,"05/09/2024, 20:27:00",false,true,,Não identificado,,,false,0,0,0,0,0,0,0,0,0,0,0,0,0,0
66811,"Rocinha, Rio de Janeiro - RJ, 22451-500, Brasil",Sudeste,Rio de Janeiro,Rio de Janeiro,ROCINHA,,ROCINHA,-22.988873887025928,-43.24911208545837,"06/09/2024, 03:00:00",true,true,NI,Ação policial,,,false,0,1,0,0,0,0,0,0,0,0,0,0,0,0
66798,"Chacrinha - Praça Seca, Rio de Janeiro - RJ, Brasil",Sudeste,Rio de Janeiro,Rio de Janeiro,PRACA SECA,,FAVELA DA CHACRINHA,-22.8994214,-43.3656858,"06/09/2024, 03:00:00",true,true,18º BPM,Ação policial,,,false,0,0,0,0,0,0,0,0,0,0,0,0,0,0
66797,"Rua Comendador Guerra - Pavuna, Rio de Janeiro - RJ, Brasil",Sudeste,Rio de Janeiro,Rio de Janeiro,PAVUNA,,,-22.8057111,-43.3672708,"06/09/2024, 04:00:00",false,false,,Tentativa/Roubo,,,false,1,0,0,0,0,0,0,0,0,0,0,0,0,0
66808,"R. José dos Reis, 1136 - Engenho de Dentro, Rio de Janeiro - RJ, 20770-062, Brasil",Sudeste,Rio de Janeiro,Rio de Janeiro,ENGENHO DE DENTRO,,,-22.8889052,-43.29348359999999,"06/09/2024, 04:00:00",false,true,,Homicidio/Tentativa,,,false,0,0,1,0,0,0,0,0,0,0,0,0,1,0
66802,"Rua Edmundo Pereira - Engenho da Rainha, Rio de Janeiro - RJ, Brasil",Sudeste,Rio de Janeiro,Rio de Janeiro,ENGENHO DA RAINHA,,,-22.8637175,-43.2880398,"06/09/2024, 05:00:00",true,true,3 BPM,Ação policial,,,false,0,0,0,0,0,0,0,0,0,0,0,0,0,0
66796,"R. Daniel Carneiro - Engenho de Dentro, Rio de Janeiro - RJ, 20730-040, Brasil",Sudeste,Rio de Janeiro,Rio de Janeiro,ENGENHO DE DENTRO,,,-22.897636446326988,-43.29827893675801,"06/09/2024, 05:15:00",false,false,,Tentativa/Roubo,,,false,0,0,0,0,0,0,0,0,0,0,0,0,0,0
66809,"Morro do Fubá (Complexo do Fubá) - Cascadura, Rio de Janeiro - RJ, 21311-130, Brasil",Sudeste,Rio de Janeiro,Rio de Janeiro,CASCADURA,,MORRO DO FUBA (COMPLEXO DO FUBA),-22.892324971301786,	-43.33377861518315,"06/09/2024, 08:08:00",false,false,,Não identificado,,,false,0,0,0,0,0,0,0,0,0,0,0,0,0,0
66810,"Favela Morro do Divino - Praça Seca, Rio de Janeiro - RJ, 21341-270, Brasil",Sudeste,Rio de Janeiro,Rio de Janeiro,PRACA SECA,,FAVELA MORRO DO DIVINO,"-22.890367763064262 ",	-43.34358964588805,"06/09/2024, 08:09:00",false,false,,Não identificado,,,false,0,0,0,0,0,0,0,0,0,0,0,0,0,0
66895,"Rua Clarimundo de Melo - Quintino Bocaiúva, Rio de Janeiro - RJ, 21311-281, Brasil",Sudeste,Rio de Janeiro,Rio de Janeiro,QUINTINO BOCAIUVA,,,-22.892008455318287,-43.32403155819703,"06/09/2024, 09:00:00",false,false,,Não identificado,,,false,0,0,0,0,0,0,0,0,0,0,0,0,0,0
66831,"Rua Roque Barbosa - Bangu, Rio de Janeiro - RJ, Brasil",Sudeste,Rio de Janeiro,Rio de Janeiro,BANGU,,,-22.848555,-43.4652765,"06/09/2024, 13:30:00",false,false,,Disputa,,,false,0,1,0,0,0,0,0,0,0,0,0,0,0,0
66825,"Rua Carmela Dutra - Tijuca, Rio de Janeiro - RJ, Brasil",Sudeste,Rio de Janeiro,Rio de Janeiro,TIJUCA,,,-22.9230741,-43.2265981,"06/09/2024, 20:40:00",true,true,6º BPM,Ação policial,,,false,0,3,0,0,0,0,0,0,0,0,0,0,0,0
66828,"Favela Bateau Mouche - Praça Seca, Rio de Janeiro - RJ, Brasil",Sudeste,Rio de Janeiro,Rio de Janeiro,PRACA SECA,,FAVELA BATEAU MOUCHE,-22.9084897,-43.354266,"07/09/2024, 04:00:00",true,true,18 BPM,Ação policial,,,false,0,2,0,0,0,0,0,0,0,0,0,0,0,0
66826,"Praça Seca, Rio de Janeiro - RJ, Brasil",Sudeste,Rio de Janeiro,Rio de Janeiro,PRACA SECA,,,-22.900353,-43.3540577,"07/09/2024, 06:00:00",false,false,,Disputa,,,false,0,0,0,0,0,0,0,0,0,0,0,0,0,0
66843,"Comunidade do JJ- Tomás Coelho, Rio de Janeiro - RJ, 21370-460, Brasil",Sudeste,Rio de Janeiro,Rio de Janeiro,TOMAS COELHO,,COMUNIDADE DO JJ,-22.8649576,-43.3103543,"07/09/2024, 16:00:00",false,false,,Disputa,,,false,0,1,0,0,0,0,0,0,0,1,0,0,0,0
66836,"R. Carlos Galhardo - Recreio dos Bandeirantes, Rio de Janeiro - RJ, 22795-440, Brasil",Sudeste,Rio de Janeiro,Rio de Janeiro,RECREIO DOS BANDEIRANTES,,,-23.0185008,-43.4606331,"07/09/2024, 16:33:00",false,false,,Não identificado,,,false,0,0,0,0,0,0,0,0,0,0,0,0,0,0
66838,"Morro da Primavera - Cavalcanti, Rio de Janeiro - RJ, 21370-280, Brasil",Sudeste,Rio de Janeiro,Rio de Janeiro,CAVALCANTI,,MORRO DA PRIMAVERA,-22.86902669	,-43.31696145,"07/09/2024, 16:50:00",false,false,,Disputa,,,false,0,0,0,0,0,0,0,0,0,0,0,0,0,0
66841,"Rua Antônio João - Cordovil, Rio de Janeiro - RJ, Brasil",Sudeste,Rio de Janeiro,Rio de Janeiro,CORDOVIL,,,-22.8274953,-43.3026576,"07/09/2024, 19:00:00",true,true,16 BPM,Ação policial,,,false,0,2,0,0,0,0,0,0,0,0,0,0,0,0
66865,"Avenida Lobo Júnior  - Penha, Rio de Janeiro - RJ, Brasil",Sudeste,Rio de Janeiro,Rio de Janeiro,PENHA,,,-22.82841,-43.27599,"08/09/2024, 17:00:00",true,true,"Coordenadoria de Polícia Pacificadora ",Ação policial,,,false,0,1,0,0,0,0,0,0,0,0,0,0,0,0
66864,"Comunidade Santa Maria - Taquara, Rio de Janeiro - RJ, 22723-497, Brasil",Sudeste,Rio de Janeiro,Rio de Janeiro,TAQUARA,,COMUNIDADE SANTA MARIA,-22.9229954,-43.42013078,"09/09/2024, 05:00:00",true,true,"18º BPM ",Ação policial,,,false,0,0,0,0,0,0,0,0,0,0,0,0,0,0
66878,"Parque da Cidade, Gavea, Rio de Janeiro - Rio de Janeiro, Brasil",Sudeste,Rio de Janeiro,Rio de Janeiro,GAVEA,,PARQUE DA CIDADE,-22.980652548561658,-43.241696655750275,"10/09/2024, 02:00:00",false,false,,Não identificado,,,false,0,0,0,0,0,0,0,0,0,0,0,0,0,0
66880,"Rua Almirante Ingran - Brás de Pina, Rio de Janeiro - RJ, Brasil",Sudeste,Rio de Janeiro,Rio de Janeiro,BRAS DE PINA,,,-22.832156,-43.3041885,"10/09/2024, 09:00:00",false,false,,Homicidio/Tentativa,,,false,1,0,0,0,0,0,0,0,0,0,0,0,0,0
67284,"Complexo Lagunar de Jacarepaguá - Barra da Tijuca, Rio de Janeiro - RJ, 22776-000, Brasil",Sudeste,Rio de Janeiro,Rio de Janeiro,BARRA DA TIJUCA,,,-22.98662519431623,-43.34948524918211,"10/09/2024, 21:00:00",false,false,,Não identificado,,,false,0,0,0,0,0,0,0,0,0,0,0,0,0,0
66893,"Favela Bateau Mouche - Praça Seca, Rio de Janeiro - RJ, 22733, Brasil",Sudeste,Rio de Janeiro,Rio de Janeiro,PRACA SECA,,FAVELA BATEAU MOUCHE,-22.9084897,-43.354266,"11/09/2024, 03:20:00",true,true,18º BPM,Operação policial,,,false,0,0,0,0,0,0,0,0,0,0,0,0,0,0
66892,"Favela da Chacrinha - Praça Seca, Rio de Janeiro - RJ, 22733-020, Brasil",Sudeste,Rio de Janeiro,Rio de Janeiro,PRACA SECA,,FAVELA DA CHACRINHA,-22.90059038703888,-43.36168931164538,"11/09/2024, 03:50:00",true,true,18º BPM,Operação policial,,,false,0,0,0,0,0,0,0,0,0,0,0,0,0,0
66954,"Complexo da Penha - Penha, Rio de Janeiro - RJ, 21070-470, Brasil",Sudeste,Rio de Janeiro,Rio de Janeiro,PENHA,,COMPLEXO DA PENHA,-22.84557517,	-43.28296391,"11/09/2024, 05:00:00",true,true,PC (Delegacia de Roubos e Furtos de Automóveis - DRFA e Delegacia de Roubos e Furtos de Automóveis de Roubos e Furtos de Cargas - DRFC),Operação policial,,,false,1,0,0,0,0,0,0,0,0,0,0,0,0,0
66902,"Conjunto Cesar-Maia - Vargem Pequena, Rio de Janeiro - RJ, 22783-116, Brasil",Sudeste,Rio de Janeiro,Rio de Janeiro,VARGEM PEQUENA,,CONJUNTO CESAR MAIA,-22.9905516,-43.43146907,"11/09/2024, 05:00:00",true,true,31º BPM,Ação policial,,,false,0,1,0,0,0,0,0,0,0,0,0,0,0,0
66908,"Rua Silva Neto - Realengo, Rio de Janeiro - RJ, Brasil",Sudeste,Rio de Janeiro,Rio de Janeiro,REALENGO,,BARATA,-22.8926624,-43.4388244,"11/09/2024, 12:00:00",false,false,,Homicidio/Tentativa,,,true,3,0,0,0,0,0,0,0,0,0,0,0,0,0
66914,"Rua Idume - Brás de Pina, Rio de Janeiro - RJ, Brasil",Sudeste,Rio de Janeiro,Rio de Janeiro,BRAS DE PINA,,,-22.8297889,-43.2968557,"11/09/2024, 16:00:00",true,true,16 BPM,Ação policial,,,false,0,1,0,0,0,0,0,0,0,0,0,0,0,0
66922,"Complexo de Israel - Cordovil, Rio de Janeiro - RJ, 21241-367, Brasil",Sudeste,Rio de Janeiro,Rio de Janeiro,CORDOVIL,,COMPLEXO DE ISRAEL,-22.819980,-43.298630,"12/09/2024, 05:00:00",true,true,"16ª BPM, CPA e COE",Ação policial,,,false,0,0,0,0,0,0,0,0,0,0,0,0,0,0
66918,"Cidade de Deus, Rio de Janeiro - RJ, Brasil",Sudeste,Rio de Janeiro,Rio de Janeiro,CIDADE DE DEUS,,CIDADE DE DEUS,-22.9465337,-43.3697151,"12/09/2024, 05:53:00",false,false,,Não identificado,,,false,0,0,0,0,0,0,0,0,0,0,0,0,0,0
66929,"R. Delgado de Carvalho, Tijuca, Rio de Janeiro - RJ, 20260-280, Brasil",Sudeste,Rio de Janeiro,Rio de Janeiro,TIJUCA,,,-22.9234869,-43.2199669,"12/09/2024, 14:00:00",true,true,6º BPM,Ação policial,,Perseguição,false,0,1,0,0,0,0,0,0,0,0,0,0,0,0
66946,"Favela 5 bocas (Complexo da Israel) - Rua Iguaperiba - Brás de Pina, Rio de Janeiro - RJ, Brasil",Sudeste,Rio de Janeiro,Rio de Janeiro,BRAS DE PINA,,FAVELA 5 BOCAS (COMPLEXO DE ISRAEL),-22.8236503,-43.2827384,"12/09/2024, 17:00:00",false,false,,Disputa,,,false,1,1,0,0,0,0,0,0,0,0,0,0,0,1
66947,"R. Silva Mourão,  Cachambi, Rio de Janeiro - RJ, 20771-450, Brasil",Sudeste,Rio de Janeiro,Rio de Janeiro,CACHAMBI,,,-22.8893058,-43.2791476,"12/09/2024, 21:00:00",false,false,,Tentativa/Roubo,,,false,0,0,0,0,0,0,0,0,0,0,0,0,0,0
66931,"Colégio, Rio de Janeiro - RJ, Brasil",Sudeste,Rio de Janeiro,Rio de Janeiro,COLEGIO,,,-22.8403348,-43.3387226,"12/09/2024, 23:48:00",false,false,,Não identificado,,,false,0,0,0,0,0,0,0,0,0,0,0,0,0,0
66937,"Avenida João Ribeiro - Pilares, Rio de Janeiro - RJ, Brasil",Sudeste,Rio de Janeiro,Rio de Janeiro,PILARES,,,-22.8766229,-43.2969097,"13/09/2024, 07:00:00",true,true,03º BPM,Ação policial,,Perseguição,false,0,0,0,0,0,0,0,0,0,0,0,0,0,0
66991,"Avenida Brasil - Bonsucesso, Rio de Janeiro - RJ, Brasil",Sudeste,Rio de Janeiro,Rio de Janeiro,BONSUCESSO,,,-22.8653178,-43.2482021,"13/09/2024, 14:00:00",false,false,,Tentativa/Roubo de cargas,,,false,0,0,0,0,0,0,0,0,0,0,0,0,0,0
66943,"Morro dos Macacos - Vila Isabel, Rio de Janeiro - RJ, 20560-130, Brasil",Sudeste,Rio de Janeiro,Rio de Janeiro,VILA ISABEL,,MORRO DOS MACACOS,-22.91407153643659,-43.25929171562194,"13/09/2024, 16:32:00",false,false,,Não identificado,,,false,0,0,0,0,0,0,0,0,0,0,0,0,0,0
66952,"R. Curitiba, Realengo, Rio de Janeiro - RJ, 21730-240, Brasil",Sudeste,Rio de Janeiro,Rio de Janeiro,REALENGO,,,-22.8634963,-43.4400168,"13/09/2024, 19:00:00",false,false,,Homicidio/Tentativa,,,false,1,0,0,0,0,0,0,0,0,0,0,0,0,0
66984,"R. Campos Sales, 116 - Tijuca, Rio de Janeiro - RJ, 20270-215, Brasil",Sudeste,Rio de Janeiro,Rio de Janeiro,TIJUCA,,,-22.917033592046653,-43.217865244180295,"14/09/2024, 00:00:00",false,true,,Tentativa/Roubo,,,false,0,0,0,1,0,0,0,0,0,0,0,0,0,0
66964," Av. Pastor Martin Luther King Jr. - Irajá, Rio de Janeiro - RJ, 21530-010, Brasil",Sudeste,Rio de Janeiro,Rio de Janeiro,IRAJA,,,-22.84782706848004,-43.32325024536895,"15/09/2024, 12:00:00",false,false,,Ataque a civis,,"Outros,Ataques armados sobre rodas",false,0,2,0,0,0,0,0,0,0,0,0,0,0,0
66969,"Complexo da Penha - Penha, Rio de Janeiro - RJ, 21070-470, Brasil",Sudeste,Rio de Janeiro,Rio de Janeiro,PENHA,,COMPLEXO DA PENHA,-22.84557517	,-43.28296391,"16/09/2024, 05:00:00",true,true,PF,Operação policial,,,false,0,0,0,0,0,0,0,0,0,0,0,0,0,0
66967,"Morro do Boogie Woogie - Pitangueiras, Rio de Janeiro - RJ, 21932-230, Brasil",Sudeste,Rio de Janeiro,Rio de Janeiro,PITANGUEIRAS,,MORRO DO BOOGIE WOOGIE,-22.81717765	,-43.18355985,"16/09/2024, 05:00:00",true,true,17º BPM,Ação policial,,Perseguição,false,0,1,0,0,0,0,0,0,0,0,0,0,0,0
67010,"Rua Cirne Maia - Cachambi, Rio de Janeiro - RJ, Brasil",Sudeste,Rio de Janeiro,Rio de Janeiro,CACHAMBI,,,-22.8919972,-43.279723,"16/09/2024, 05:03:00",false,false,,Tentativa/Roubo,,,false,0,0,0,0,0,0,0,0,0,0,0,0,0,0
66982,"R. Dom Menrado - São Cristóvão, Rio de Janeiro - RJ, 20910-025, Brasil",Sudeste,Rio de Janeiro,Rio de Janeiro,SAO CRISTOVAO,,,-22.9024272,-43.225708,"16/09/2024, 12:00:00",true,true,"4º BPM ",Tentativa/Roubo,,Perseguição,false,0,0,0,0,0,0,0,0,0,0,0,0,0,0
66986,"Rua Doutor Noguchi - Complexo do Alemão, Rio de Janeiro - RJ, Brasil",Sudeste,Rio de Janeiro,Rio de Janeiro,COMPLEXO DO ALEMAO,,MORRO DO ADEUS (COMPLEXO DO ALEMAO),-22.8606306,-43.2630232,"16/09/2024, 15:00:00",true,true,UPP Alemão,Ação policial,,,false,0,0,0,2,0,0,0,0,0,0,0,0,0,0
67285,"Complexo Lagunar de Jacarepaguá - Barra da Tijuca, Rio de Janeiro - RJ, 22776-000, Brasil",Sudeste,Rio de Janeiro,Rio de Janeiro,BARRA DA TIJUCA,,,-22.98662519431623,-43.349613995214824,"16/09/2024, 21:00:00",false,false,,Não identificado,,,false,0,0,0,0,0,0,0,0,0,0,0,0,0,0
67018,"Catumbi, Rio de Janeiro - RJ, 20211-320, Brasil",Sudeste,Rio de Janeiro,Rio de Janeiro,CATUMBI,,,-22.918526153392193,-43.199411288592536,"16/09/2024, 21:10:00",false,false,,Não identificado,,,false,0,0,0,0,0,0,0,0,0,0,0,0,0,0
66988,"Morro do São Carlos- Estácio, Rio de Janeiro - RJ, 20250-150, Brasil",Sudeste,Rio de Janeiro,Rio de Janeiro,ESTACIO,,MORRO DO SAO CARLOS (COMPLEXO DO SAO CARLOS),-22.91824946,-43.20363845,"17/09/2024, 02:20:00",false,false,,Não identificado,,,false,0,0,0,0,0,0,0,0,0,0,0,0,0,0
67012,"Rua Leopoldina Rêgo - Penha, Rio de Janeiro - RJ, Brasil",Sudeste,Rio de Janeiro,Rio de Janeiro,PENHA,,,-22.8425967,-43.2691041,"17/09/2024, 15:30:00",false,true,,Tentativa/Roubo,,,false,1,0,0,1,0,0,0,0,0,0,0,0,0,0
67008,"R. Estácio de Sá - Estácio, Rio de Janeiro - RJ, 20211-270, Brasil",Sudeste,Rio de Janeiro,Rio de Janeiro,ESTACIO,,,-22.9143864,-43.2050104,"18/09/2024, 00:32:00",false,false,,Não identificado,,,false,0,0,0,0,0,0,0,0,0,0,0,0,0,0
67017,"Vila do Pinheiro (Complexo da Maré) - Maré, Rio de Janeiro - RJ, 21046-100, Brasil",Sudeste,Rio de Janeiro,Rio de Janeiro,MARE,,VILA DO PINHEIRO (COMPLEXO DA MARE),-22.86742212,	-43.23812972,"18/09/2024, 08:00:00",false,false,,Não identificado,,"Entrada na Favela por Engano,Outros",false,0,1,0,0,0,0,0,0,0,0,0,1,0,0
67026,"Rua Baião Parente - Guadalupe, Rio de Janeiro - RJ, Brasil",Sudeste,Rio de Janeiro,Rio de Janeiro,GUADALUPE,,,-22.8448795,-43.3667911,"18/09/2024, 13:15:00",false,false,,Homicidio/Tentativa,,,false,1,0,0,0,0,0,0,0,0,0,0,0,0,0
67025,"Avenida Brasil - Irajá, Rio de Janeiro - RJ, Brasil",Sudeste,Rio de Janeiro,Rio de Janeiro,IRAJA,,,-22.823024,-43.3279197,"18/09/2024, 14:00:00",true,true,"PC (38 DP) ",Tentativa/Roubo,,,false,0,1,0,0,0,0,0,0,0,0,0,0,0,0
67030,"Campinho, Rio de Janeiro - RJ, Brasil",Sudeste,Rio de Janeiro,Rio de Janeiro,CAMPINHO,,,-22.8834352,-43.3538259,"19/09/2024, 01:04:00",false,false,,Não identificado,,,false,0,0,0,0,0,0,0,0,0,0,0,0,0,0
67034,"Conjunto do IPASE - Av. Vicente de Carvalho - Vila Kosmos, Rio de Janeiro - RJ, 21210-000, Brasil",Sudeste,Rio de Janeiro,Rio de Janeiro,VILA KOSMOS,,CONJUNTO DO IPASE,-22.8464481,-43.3031154,"19/09/2024, 07:10:00",false,false,,Não identificado,,,false,0,0,0,0,0,0,0,0,0,0,0,0,0,0
67036,"Favela da Varginha - Manguinhos, Rio de Janeiro - RJ, 20911-220, Brasil",Sudeste,Rio de Janeiro,Rio de Janeiro,MANGUINHOS,,FAVELA DA VARGINHA (COMPLEXO DE MANGUINHOS),-22.88173639	,-43.24860481,"19/09/2024, 08:58:00",true,true,NI,Operação policial,,,false,0,0,0,0,0,0,0,0,0,0,0,0,0,0
67037,"Praia do Pontal - Estrada do Pontal - Recreio dos Bandeirantes, Rio de Janeiro - RJ, Brasil",Sudeste,Rio de Janeiro,Rio de Janeiro,RECREIO DOS BANDEIRANTES,,,-23.0305864,-43.4686364,"19/09/2024, 10:00:00",true,true,"não identificado ",Briga,,Outros,false,0,0,0,0,0,0,0,0,0,0,0,0,0,0
67042,"R. Butuí (Quitungo-Guaporé)- Brás de Pina, Rio de Janeiro - RJ, 21215-200, Brasil",Sudeste,Rio de Janeiro,Rio de Janeiro,BRAS DE PINA,,QUITUNGO-GUAPORE,-22.83757424038465,-43.301743753372946,"19/09/2024, 18:00:00",false,true,,Não identificado,,"Outros,Entrada na Favela por Engano",false,0,0,0,1,0,0,0,0,0,0,0,0,0,0
67064,"Chácara do Céu - Tijuca, Rio de Janeiro - RJ, 20530-390, Brasil",Sudeste,Rio de Janeiro,Rio de Janeiro,TIJUCA,,CHACARA DO CEU (TIJUCA),-22.9353782,-43.2531083,"21/09/2024, 00:00:00",false,false,,Disputa,,,false,1,2,0,0,0,0,0,0,0,0,0,0,0,0
67063,"Morro da Quitanda - Costa Barros, Rio de Janeiro - RJ, 21532-050, Brasil",Sudeste,Rio de Janeiro,Rio de Janeiro,COSTA BARROS,,MORRO DA QUITANDA (COMPLEXO DA PEDREIRA),-22.81949929,-43.36693375,"21/09/2024, 05:00:00",true,true,41BPM,Ação policial,,,false,0,0,0,0,0,0,0,0,0,0,0,0,0,0
67066,"Barreira do Vasco - Rua Sargento Rubens - São Cristóvão, Rio de Janeiro - RJ, Brasil",Sudeste,Rio de Janeiro,Rio de Janeiro,VASCO DA GAMA,,BARREIRA DO VASCO,-22.8890796,-43.2285569,"21/09/2024, 06:00:00",true,true,NI,Ação policial,,,false,0,0,0,0,0,0,0,0,0,0,0,0,0,0
67065,"Linha Amarela - Saída 1A - Freguesia (Jacarepaguá), Rio de Janeiro - RJ, 22743-050, Brasil",Sudeste,Rio de Janeiro,Rio de Janeiro,FREGUESIA (JACAREPAGUA),,,-22.92739098014305,-43.341486402568805,"21/09/2024, 11:00:00",true,true,18º BPM,Ação policial,,,false,0,0,0,0,0,0,0,0,0,0,0,0,0,0
67067,"Morro dos Macacos - Vila Isabel, Rio de Janeiro - RJ, 20551-630, Brasil",Sudeste,Rio de Janeiro,Rio de Janeiro,VILA ISABEL,,MORRO DOS MACACOS,-22.91189634	,-43.25524243,"21/09/2024, 12:00:00",false,false,,Disputa,,,false,2,2,0,0,0,0,0,0,0,0,0,0,0,0
67102,"Complexo da Pedreira- Costa Barros, Rio de Janeiro - RJ, 21515-570, Brasil",Sudeste,Rio de Janeiro,Rio de Janeiro,COSTA BARROS,,COMPLEXO DA PEDREIRA,-22.82425288	,-43.36809439,"22/09/2024, 23:00:00",false,false,,Disputa,,,false,0,0,0,0,0,0,0,0,0,0,0,0,0,0
67163,"Avenida das Américas - Recreio dos Bandeirantes, Rio de Janeiro - RJ, Brasil",Sudeste,Rio de Janeiro,Rio de Janeiro,RECREIO DOS BANDEIRANTES,,,-23.0220166,-43.4883664,"22/09/2024, 23:00:00",true,true,31º BPM,Ação policial,,,false,0,1,0,0,0,0,0,0,0,0,0,0,0,0
67077,"Rua São Gabriel - Cachambi, Rio de Janeiro - RJ, 20785-292, Brasil",Sudeste,Rio de Janeiro,Rio de Janeiro,CACHAMBI,,,-22.885940985027254,-43.2716756744133,"23/09/2024, 02:15:00",false,false,,Tentativa/Roubo,,,false,0,0,0,0,0,0,0,0,0,0,0,0,0,0
67098,"Cidade de Deus, Rio de Janeiro - RJ, Brasil",Sudeste,Rio de Janeiro,Rio de Janeiro,CIDADE DE DEUS,,CIDADE DE DEUS,-22.9465337,-43.3697151,"23/09/2024, 09:03:00",true,true,18 BPM,Ação policial,,,false,0,1,0,0,0,0,0,0,0,0,0,0,0,0
67103,"Morro do Juramento - Vicente de Carvalho, Rio de Janeiro - RJ, Brasil",Sudeste,Rio de Janeiro,Rio de Janeiro,VICENTE DE CARVALHO,,MORRO DO JURAMENTO (COMPLEXO DO JURAMENTO),-22.8627778,-43.3152778,"24/09/2024, 03:25:00",true,true,41 BPM,Operação policial,,,false,0,0,0,0,0,0,0,0,0,0,0,0,0,0
67122,"Avenida Raul Barros Vieira - Bangu, Rio de Janeiro - RJ, Brasil",Sudeste,Rio de Janeiro,Rio de Janeiro,BANGU,,,-22.8559488,-43.4590516,"24/09/2024, 10:09:00",false,true,,Tentativa/Roubo,,,false,0,0,1,0,0,0,0,0,0,0,0,0,0,0
67123,"Morro do Jordão - Tanque, Rio de Janeiro - RJ, 22725-590, Brasil",Sudeste,Rio de Janeiro,Rio de Janeiro,TANQUE,,MORRO DO JORDAO,-22.91094354,-43.37403875,"24/09/2024, 11:00:00",true,true,"18º BPM ",Ação policial,,,false,0,4,0,0,0,0,0,0,0,0,0,0,0,0
67130,"Avenida Brasil - Penha Circular, Rio de Janeiro - RJ, Brasil",Sudeste,Rio de Janeiro,Rio de Janeiro,PENHA CIRCULAR,,,-22.8197855,-43.2842876,"24/09/2024, 23:00:00",true,true,16º BPM,Ação policial,,,false,0,1,0,0,0,0,0,0,0,0,0,0,0,0
67132,"Vila Kosmos, Rio de Janeiro - RJ, Brasil",Sudeste,Rio de Janeiro,Rio de Janeiro,VILA KOSMOS,,,-22.8536931,-43.3037194,"25/09/2024, 02:00:00",true,true,"COE, 16º BPM",Operação policial,,,false,0,0,0,0,0,0,0,0,0,0,0,0,0,0
67134,"Complexo do Chapadão - Pavuna, Rio de Janeiro - RJ, 21650-020, Brasil",Sudeste,Rio de Janeiro,Rio de Janeiro,PAVUNA,,COMPLEXO DO CHAPADAO,-22.82326393,	-43.37707903,"25/09/2024, 08:15:00",true,true,41º BPM,Ação policial,,,false,0,1,0,0,0,0,0,0,0,0,0,0,0,0
67145,"Rua Marechal Abreu Lima - Realengo, Rio de Janeiro - RJ, Brasil",Sudeste,Rio de Janeiro,Rio de Janeiro,REALENGO,,,-22.8712356,-43.4303227,"25/09/2024, 15:00:00",true,true,14 BPM,Ação policial,,,false,0,2,0,0,0,0,0,0,0,0,0,0,0,0
67286,"Complexo Lagunar de Jacarepaguá - Barra da Tijuca, Rio de Janeiro - RJ, 22776-000, Brasil",Sudeste,Rio de Janeiro,Rio de Janeiro,BARRA DA TIJUCA,,,-22.98662519431623,-43.34995731796873,"25/09/2024, 21:00:00",false,false,,Não identificado,,,false,0,0,0,0,0,0,0,0,0,0,0,0,0,0
67146,"Vila Aliança- Bangu, Rio de Janeiro - RJ, 21842-160, Brasil",Sudeste,Rio de Janeiro,Rio de Janeiro,BANGU,,VILA ALIANCA,-22.86909773,	-43.47777013,"26/09/2024, 02:30:00",true,true,14º BPM,Operação policial,,,false,0,0,0,0,0,0,0,0,0,0,0,0,0,0
67147,"Complexo de Senador Camará (Coréia) - Senador Camará, Rio de Janeiro - RJ, 21843-810, Brasil",Sudeste,Rio de Janeiro,Rio de Janeiro,SENADOR CAMARA,,COMPLEXO DA COREIA DE SENADOR CAMARA,-22.87165217	,-43.4945605,"26/09/2024, 03:00:00",true,true,14º BPM,Operação policial,,,false,0,0,0,0,0,0,0,0,0,0,0,0,0,0
67161,"Morro do Urubu - Piedade, Rio de Janeiro - RJ, 20750, Brasil",Sudeste,Rio de Janeiro,Rio de Janeiro,PIEDADE,,MORRO DO URUBU (COMPLEXO DO URUBU),-22.87657404,-43.30422326,"26/09/2024, 05:00:00",true,true,"3BPM  ",Ação policial,,,false,0,1,0,0,0,0,0,0,0,0,0,0,0,0
67176,"Estrada do Tindiba - Taquara, Rio de Janeiro - RJ, Brasil",Sudeste,Rio de Janeiro,Rio de Janeiro,TAQUARA,,,-22.9241489,-43.3714082,"26/09/2024, 15:00:00",true,true,18° BPM,Tentativa/Roubo,,,false,0,0,0,0,0,0,0,0,0,0,0,0,0,0
67167,"Rua Professor Gabizo - Tijuca, Rio de Janeiro - RJ, 20271-060, Brasil",Sudeste,Rio de Janeiro,Rio de Janeiro,TIJUCA,,,-22.9211038,-43.2188153,"26/09/2024, 17:00:00",false,true,,Tentativa/Roubo,,,false,1,0,0,0,0,0,0,0,0,0,0,0,0,0
67179,"Estrada General Afonso de Carvalho, Catiri, Bangu, Rio de Janeiro - RJ, Brasil",Sudeste,Rio de Janeiro,Rio de Janeiro,BANGU,,CATIRI,-22.8530589,-43.452873,"27/09/2024, 12:00:00",true,true,"14 BPM  ",Ação policial,,,false,1,0,0,0,0,0,0,0,0,0,0,0,0,0
67177,"Favela 5 Bocas - Brás de Pina, Rio de Janeiro - RJ, 23047-590, Brasil",Sudeste,Rio de Janeiro,Rio de Janeiro,BRAS DE PINA,,FAVELA 5 BOCAS (COMPLEXO DE ISRAEL),-22.82247302,-43.28508894,"27/09/2024, 12:00:00",false,false,,Disputa,,,false,0,0,0,0,0,0,0,0,0,0,0,0,0,0
67185,"Parada de Lucas, Rio de Janeiro - RJ, 21250-620, Brasil",Sudeste,Rio de Janeiro,Rio de Janeiro,PARADA DE LUCAS,,,-22.816313814474555,-43.30107132568476,"27/09/2024, 13:00:00",false,true,,Tentativa/Roubo,,,false,0,1,0,0,0,0,0,0,0,0,0,0,0,0
67198,"Morro do Campinho (Complexo do Fubá) - Campinho, Rio de Janeiro - RJ, 21341-380, Brasil",Sudeste,Rio de Janeiro,Rio de Janeiro,CAMPINHO,,MORRO DO CAMPINHO (COMPLEXO DO FUBA),-22.88580685757275,-43.34059975452584,"28/09/2024, 14:40:00",false,false,,Não identificado,,,false,0,0,0,0,0,0,0,0,0,0,0,0,0,0
67212,"Rua Piraí - Marechal Hermes, Rio de Janeiro - RJ, Brasil",Sudeste,Rio de Janeiro,Rio de Janeiro,MARECHAL HERMES,,,-22.856581,-43.368722,"28/09/2024, 18:00:00",true,true,18 BPM,Tentativa/Roubo,,,false,1,0,0,0,0,0,0,0,0,0,0,0,0,0
67201,"Favela Fernão Cardim - Rua José dos Reis - Engenho de Dentro, Rio de Janeiro - RJ, Brasil",Sudeste,Rio de Janeiro,Rio de Janeiro,ENGENHO DE DENTRO,,FAVELA FERNAO CARDIM,-22.8843505,-43.2905613,"28/09/2024, 21:39:00",false,false,,Disputa,,,false,0,0,0,0,0,0,0,0,0,0,0,0,0,0
67210,"Favela da Guarda - Del Castilho, Rio de Janeiro - RJ, 20760-070, Brasil",Sudeste,Rio de Janeiro,Rio de Janeiro,DEL CASTILHO,,FAVELA DO GUARDA (OU PARQUE UNIAO DE DEL CASTILHO),-22.8807534	,-43.2786469,"28/09/2024, 23:00:00",false,false,,Disputa,,,false,0,0,0,0,0,0,0,0,0,0,0,0,0,0
67209,"Rua Bispo Lacerda - Del Castilho, Rio de Janeiro - RJ, Brasil",Sudeste,Rio de Janeiro,Rio de Janeiro,DEL CASTILHO,,,-22.8770189,-43.2676815,"29/09/2024, 05:00:00",false,false,,Homicidio/Tentativa,,,false,1,0,0,0,0,0,0,0,0,0,0,0,1,0
67211,"Linha Amarela - Maré, Rio de Janeiro - RJ, Brasil",Sudeste,Rio de Janeiro,Rio de Janeiro,MARE,,COMPLEXO DA MARE,-22.8690361,-43.2427961,"29/09/2024, 14:00:00",false,true,,Tentativa/Roubo,,,false,1,0,0,0,0,0,0,0,0,0,0,0,0,0
67236,"Avenida Ayrton Senna - Jacarepaguá, Rio de Janeiro - RJ, Brasil",Sudeste,Rio de Janeiro,Rio de Janeiro,BARRA OLIMPICA,,,-22.9693607,-43.3599371,"29/09/2024, 15:00:00",false,false,,Não identificado,,,false,1,0,0,0,0,0,0,0,0,0,0,0,0,0
67240,"Estrada da Cancela Preta - Bangu, Rio de Janeiro - RJ, Brasil",Sudeste,Rio de Janeiro,Rio de Janeiro,PADRE MIGUEL,,CANCELA PRETA,-22.8558878,-43.4551342,"29/09/2024, 20:00:00",false,false,,Briga,,,false,1,0,0,0,0,0,0,0,0,0,0,0,0,0
67216,"Morro dos Macacos - Vila Isabel, Rio de Janeiro - RJ, 20551-630, Brasil",Sudeste,Rio de Janeiro,Rio de Janeiro,VILA ISABEL,,MORRO DOS MACACOS,-22.91189634	,-43.25524243,"29/09/2024, 20:51:00",false,false,,Não identificado,,,false,0,0,0,0,0,0,0,0,0,0,0,0,0,0
67225,"Parque União - Maré, Rio de Janeiro - RJ, 21044-030, Brasil",Sudeste,Rio de Janeiro,Rio de Janeiro,MARE,,PARQUE UNIAO (COMPLEXO DA MARE),-22.85115502,-43.24390164,"30/09/2024, 07:00:00",true,true," Batalhão de Rondas Especiais e Controle de Multidão (Recom)",Tentativa/Roubo de cargas,,,false,0,0,0,0,0,0,0,0,0,0,0,0,0,0
67239,"Estrada da Matriz - Guaratiba, Rio de Janeiro - RJ, Brasil",Sudeste,Rio de Janeiro,Rio de Janeiro,GUARATIBA,,,-22.9938213,-43.6039727,"30/09/2024, 17:00:00",false,false,,Tentativa/Roubo,,"Ataques armados sobre rodas,Presença de político",false,0,0,0,0,0,0,0,0,0,0,0,0,0,0
67228,"Rua Guarani - Quintino Bocaiúva, Rio de Janeiro - RJ, Brasil",Sudeste,Rio de Janeiro,Rio de Janeiro,QUINTINO BOCAIUVA,,,-22.8877037,-43.3183154,"30/09/2024, 20:45:00",false,true,,Tentativa/Roubo,,,false,2,0,0,0,0,0,0,0,0,0,0,0,0,0
67233,"Nova Holanda - Complexo da Maré, Rio de Janeiro - RJ, 21044-242, Brasil",Sudeste,Rio de Janeiro,Rio de Janeiro,MARE,,PARQUE UNIAO (COMPLEXO DA MARE),-22.85388281830294,-43.24186124998476,"01/10/2024, 03:20:00",false,false,,Tiros a esmo,,,false,0,0,0,0,0,0,0,0,0,0,0,0,0,0
67245,"Rua Visconde de Niterói - Benfica, Rio de Janeiro - RJ, Brasil",Sudeste,Rio de Janeiro,Rio de Janeiro,BENFICA,,,-22.9000669,-43.2409356,"01/10/2024, 17:00:00",true,true,UPP Mangueira,Tentativa/Roubo,,,false,0,0,0,0,0,0,0,0,0,0,0,0,0,0
67279,"Complexo do Chapadão, Estr. do Camboatá, Guadalupe, Rio de Janeiro - RJ, 21665-001, Brasil",Sudeste,Rio de Janeiro,Rio de Janeiro,GUADALUPE,,COMPLEXO DO CHAPADAO,-22.8359023,-43.3804474,"02/10/2024, 21:00:00",false,false,,Disputa,,,false,1,0,0,0,0,0,0,0,0,0,0,0,0,0
67267,"Quitungo-Guaporé - Brás de Pina, Rio de Janeiro - RJ, 21215-510, Brasil",Sudeste,Rio de Janeiro,Rio de Janeiro,BRAS DE PINA,,QUITUNGO-GUAPORE,-22.835000,-43.300278,"03/10/2024, 06:00:00",true,true,16 BPM,Ação policial,,,false,0,0,0,0,0,0,0,0,0,0,0,0,0,0
67281,"Morro do Campinho - Cascadura, Rio de Janeiro - RJ, 21341-420, Brasil",Sudeste,Rio de Janeiro,Rio de Janeiro,CASCADURA,,MORRO DO CAMPINHO (COMPLEXO DO FUBA),-22.88630935530611,-43.33814620000001,"03/10/2024, 13:55:00",false,false,,Disputa,,,false,0,0,0,0,0,0,0,0,0,0,0,0,0,0
67277,"R. Sen. Nabuco - Vila Isabel, Rio de Janeiro - RJ, 20551-190, Brasil",Sudeste,Rio de Janeiro,Rio de Janeiro,VILA ISABEL,,MORRO DOS MACACOS,-22.913069065446628,-43.248561844149776,"03/10/2024, 17:00:00",false,false,,Homicidio/Tentativa,,Presença de político,false,0,0,0,0,0,0,0,0,0,0,0,0,0,0
67304,"Favelão - Gardênia Azul, Rio de Janeiro - RJ, 22765-525, Brasil",Sudeste,Rio de Janeiro,Rio de Janeiro,GARDENIA AZUL,,FAVELA VILA NOVA ESPERANCA (OU FAVELAO),-22.9580547,-43.3547908,"03/10/2024, 21:00:00",true,true," 18º BPM e CPA",Ação policial,,,false,0,0,0,1,0,0,0,0,0,0,0,0,0,0
67289,"Rua Heitor Carrilho - Cidade Nova, Rio de Janeiro - RJ, Brasil",Sudeste,Rio de Janeiro,Rio de Janeiro,CIDADE NOVA,,,-22.9131882,-43.199445,"04/10/2024, 03:30:00",false,true,,Tentativa/Roubo,,,false,1,0,0,2,0,0,0,0,0,0,0,0,0,0
67297,"Rua Carcará, Catiri, Bangu, Rio de Janeiro - RJ, Brasil",Sudeste,Rio de Janeiro,Rio de Janeiro,BANGU,,CATIRI,-22.8486979,-43.4611742,"04/10/2024, 10:00:00",false,false,,Ataque a civis,,,false,0,1,0,0,0,0,0,0,0,0,0,0,0,0
67330,"Av. Nazaré - Ricardo de Albuquerque, Rio de Janeiro - RJ, 21620-200, Brasil",Sudeste,Rio de Janeiro,Rio de Janeiro,RICARDO DE ALBUQUERQUE,,,-22.8396885,-43.3981375,"05/10/2024, 12:00:00",true,true,NI,Ação policial,,,false,0,1,0,0,0,0,0,0,0,0,0,0,0,0
67336,"Rua Formosa - Jardim Guanabara, Rio de Janeiro - RJ, Brasil",Sudeste,Rio de Janeiro,Rio de Janeiro,JARDIM GUANABARA,,,-22.8174022,-43.1909785,"07/10/2024, 07:00:00",false,true,,Homicidio/Tentativa,,Ataques armados sobre rodas,false,0,0,1,0,0,0,0,0,0,0,0,0,0,0
67334,"R. Visc. de Abaeté - Vila Isabel, Rio de Janeiro - RJ, 20551-080, Brasil",Sudeste,Rio de Janeiro,Rio de Janeiro,VILA ISABEL,,,-22.9153266,-43.2440327,"07/10/2024, 07:15:00",false,false,,Não identificado,,,false,0,0,0,0,0,0,0,0,0,0,0,0,0,0
67352,"Avenida João XXIII - Santa Cruz, Rio de Janeiro - RJ, Brasil",Sudeste,Rio de Janeiro,Rio de Janeiro,SANTA CRUZ,,,-22.9030441,-43.7177608,"07/10/2024, 12:00:00",false,false,,Homicidio/Tentativa,,,true,3,0,0,0,0,0,0,0,0,0,1,0,0,0
67371,"Morro do Juramento - Vicente de Carvalho, Rio de Janeiro - RJ, Brasil",Sudeste,Rio de Janeiro,Rio de Janeiro,VICENTE DE CARVALHO,,MORRO DO JURAMENTO (COMPLEXO DO JURAMENTO),-22.8627778,-43.3152778,"08/10/2024, 12:27:00",true,true,41º BPM,Ação policial,,,false,0,1,0,0,0,0,0,0,0,0,0,0,0,0
67378,"Morro da Covanca, Tanque, Rio de Janeiro - RJ, 22735-020, Brasil",Sudeste,Rio de Janeiro,Rio de Janeiro,TANQUE,,MORRO DA COVANCA,-22.9158675,-43.3456993,"08/10/2024, 15:00:00",true,true,18 BPM,Ação policial,,,false,0,1,0,0,0,0,0,0,0,0,0,0,0,0
67386,"Morro do Borel - Tijuca, Rio de Janeiro - RJ, 20530-400, Brasil",Sudeste,Rio de Janeiro,Rio de Janeiro,TIJUCA,,MORRO DO BOREL,-22.93888816,	-43.25350828,"09/10/2024, 02:00:00",true,true,UPP,Operação policial,,,false,0,0,0,0,0,0,0,0,0,0,0,0,0,0
67381,"Morro do Borel - Tijuca, Rio de Janeiro - RJ, 20530-400, Brasil",Sudeste,Rio de Janeiro,Rio de Janeiro,TIJUCA,,MORRO DO BOREL,-22.93888816,	-43.25350828,"09/10/2024, 03:30:00",true,true,UPP,Operação policial,,,false,0,0,0,0,0,0,0,0,0,0,0,0,0,0
67388,"Linha Amarela - Vila do João, Bonsucesso, Rio de Janeiro - RJ, 21046-155, Brasil",Sudeste,Rio de Janeiro,Rio de Janeiro,MARE,,VILA DO JOAO (COMPLEXO DA MARE),-22.869337655921225,-43.24329121337859,"09/10/2024, 05:00:00",true,true,BPVE,Tentativa/Roubo,,Perseguição,false,0,2,0,0,0,0,0,0,0,0,0,0,0,0
67397,"Morro do Barão - Praça Seca, Rio de Janeiro - RJ, 21321-020, Brasil",Sudeste,Rio de Janeiro,Rio de Janeiro,PRACA SECA,,MORRO SAO JOSE OPERARIO (OU MORRO DA BARAO),"-22.903281520463345 ",-43.34382631901183,"09/10/2024, 07:00:00",true,true,"18 BPM  ",Ação policial,,,false,0,1,0,0,0,0,0,0,0,0,0,0,0,0
67408,"Parada de Lucas - Complexo de Israel, Rio de Janeiro - RJ, 21241-367, Brasil",Sudeste,Rio de Janeiro,Rio de Janeiro,PARADA DE LUCAS,,FAVELA PARADA DE LUCAS (COMPLEXO DE ISRAEL),-22.8133644	,-43.3013488,"10/10/2024, 03:17:00",true,true,DRFC,Operação policial,,,false,0,0,0,0,0,0,0,0,0,0,0,0,0,0
67409,"Vigário Geral - Complexo de Israel, Rio de Janeiro - RJ, 21241-310, Brasil",Sudeste,Rio de Janeiro,Rio de Janeiro,VIGARIO GERAL,,FAVELA DE VIGARIO GERAL (COMPLEXO DE ISRAEL),-22.80801593	,-43.30553607,"10/10/2024, 03:40:00",true,true,DRFC,Operação policial,,,false,0,0,0,0,0,0,0,0,0,0,0,0,0,0
67413,"Conjunto César Maia - Vargem Pequena, Rio de Janeiro - RJ, 22783-116, Brasil",Sudeste,Rio de Janeiro,Rio de Janeiro,VARGEM PEQUENA,,CONJUNTO CESAR MAIA,-22.9905516,	-43.43146907,"10/10/2024, 04:30:00",false,false,,Não identificado,,,false,0,0,0,0,0,0,0,0,0,0,0,0,0,0
67422,"Favela da Varginha - Manguinhos, Rio de Janeiro - RJ, 20911-220, Brasil",Sudeste,Rio de Janeiro,Rio de Janeiro,MANGUINHOS,,FAVELA DA VARGINHA (COMPLEXO DE MANGUINHOS),-22.88173639,-43.24860481,"10/10/2024, 05:00:00",true,true,UPP Manguinhos,Ação policial,,,false,0,0,0,0,0,0,0,0,0,0,0,0,0,0
67419,"Cidade de Deus, Rio de Janeiro - RJ, Brasil",Sudeste,Rio de Janeiro,Rio de Janeiro,CIDADE DE DEUS,,CIDADE DE DEUS,-22.9465337,-43.3697151,"10/10/2024, 07:00:00",true,true,18 BPM,Ação policial,,,false,0,1,0,0,0,0,0,0,0,0,0,0,0,0
67428,"Morro dos Prazeres - Santa Teresa, Rio de Janeiro - RJ, 20241-410, Brasil",Sudeste,Rio de Janeiro,Rio de Janeiro,SANTA TERESA,,MORRO DOS PRAZERES,-22.933812581111585	,-43.20467932624125,"11/10/2024, 03:00:00",true,true,COE,Operação policial,,,false,0,0,0,0,0,0,0,0,0,0,0,0,0,0
67424,"Conjunto do Ipase - Vila Kosmos, Rio de Janeiro - RJ, 21210-840, Brasil",Sudeste,Rio de Janeiro,Rio de Janeiro,VILA KOSMOS,,CONJUNTO DO IPASE,-22.84845508	,-43.30446505,"11/10/2024, 03:30:00",true,true,41º BPM,Operação policial,,,false,0,6,0,0,0,0,0,0,0,0,0,0,0,0
67425,"Morro do Trem - Vila Kosmos, Rio de Janeiro - RJ, 21210-550, Brasil",Sudeste,Rio de Janeiro,Rio de Janeiro,VILA KOSMOS,,MORRO DO TREM,-22.851491960045934,-43.30496400011413,"11/10/2024, 03:56:00",true,true,41º BPM,Operação policial,,,false,0,0,0,0,0,0,0,0,0,0,0,0,0,0
67429,"Favela da Tinta - Cordovil, Rio de Janeiro - RJ, 21012-140, Brasil",Sudeste,Rio de Janeiro,Rio de Janeiro,CORDOVIL,,FAVELA DA TINTA,-22.823441	,-43.295936,"11/10/2024, 03:57:00",true,true,16º BPM,Ação policial,,,false,0,1,0,0,0,0,0,0,0,0,0,0,0,0
67436,"Estrada do Campinho, Santa Margarida, Cosmos, Rio de Janeiro - RJ, Brasil",Sudeste,Rio de Janeiro,Rio de Janeiro,COSMOS,,BAIRRO POMBAL 2 (CONJUNTO SANTA MARGARIDA),-22.8859522,-43.61613310000001,"11/10/2024, 07:30:00",false,false,,Homicidio/Tentativa,,,false,1,0,0,0,0,0,0,0,0,0,0,0,0,0
67438,"Morro do Barbante, Galeão, Ilha do Governador, Rio de Janeiro - RJ, Brasil",Sudeste,Rio de Janeiro,Rio de Janeiro,GALEAO,,MORRO DO BARBANTE (OU VILA JOANIZA),-22.81324966,-43.22954715,"11/10/2024, 12:25:00",false,false,,Não identificado,,,false,0,0,0,0,0,0,0,0,0,0,0,0,0,0
67441," Bonsucesso, Rio de Janeiro - RJ, 21040-320, Brasil",Sudeste,Rio de Janeiro,Rio de Janeiro,BONSUCESSO,,,-22.862403900950167,-43.25583448465577,"11/10/2024, 17:05:00",false,false,,Não identificado,,,false,0,0,0,0,0,0,0,0,0,0,0,0,0,0
67444,"R. Quiririm, Vila Valqueire, Rio de Janeiro - RJ, 21330-655, Brasil",Sudeste,Rio de Janeiro,Rio de Janeiro,VILA VALQUEIRE,,,-22.88220964287592,-43.35862203634746,"11/10/2024, 18:00:00",false,true,,Tentativa/Roubo,,,false,0,1,0,0,0,0,0,0,0,0,0,0,0,0
67445," Brás de Pina, Rio de Janeiro - RJ, 21215-310, Brasil",Sudeste,Rio de Janeiro,Rio de Janeiro,BRAS DE PINA,,,-22.83074219921697,-43.29281213471264,"11/10/2024, 18:00:00",false,false,,Não identificado,,,false,0,0,0,0,0,0,0,0,0,0,0,0,0,0
67466,"R. Coruripe, Mal. Hermes, Rio de Janeiro - RJ, 21555-490, Brasil",Sudeste,Rio de Janeiro,Rio de Janeiro,MARECHAL HERMES,,,-22.852145514299657,-43.36571479206543,"12/10/2024, 17:00:00",false,false,,Tentativa/Roubo,,,false,1,0,0,0,0,0,0,0,0,0,0,0,0,0
67470,"R. Cap. Jesus,  Cachambi, Rio de Janeiro - RJ, 20775-140, Brasil",Sudeste,Rio de Janeiro,Rio de Janeiro,CACHAMBI,,,-22.8950211,-43.2752088,"13/10/2024, 16:27:00",false,false,,Não identificado,,,false,0,0,0,0,0,0,0,0,0,0,0,0,0,0
67476,"Vila Kosmos, Rio de Janeiro - RJ, Brasil",Sudeste,Rio de Janeiro,Rio de Janeiro,VILA KOSMOS,,,-22.8536931,-43.3037194,"14/10/2024, 07:00:00",true,true,41º BPM,Ação policial,,,false,0,1,0,0,0,0,0,0,0,0,0,0,0,0
67478,"Rua Leopoldo Bulhões - Complexo de Manguinhos, Rio de Janeiro - RJ, Brasil",Sudeste,Rio de Janeiro,Rio de Janeiro,MANGUINHOS,,MANGUINHOS (COMPLEXO DE MANGUINHOS),-22.8813683,-43.2499253,"14/10/2024, 07:22:00",true,true,NI,Operação policial,,,false,0,0,0,0,0,0,0,0,0,0,0,0,0,0
67493,"Baixa do Sapateiro - Maré, Rio de Janeiro - RJ, Brasil",Sudeste,Rio de Janeiro,Rio de Janeiro,MARE,,BAIXA DO SAPATEIRO (COMPLEXO DA MARE),-22.858909,-43.24398559999999,"15/10/2024, 03:05:00",true,true,"PC (DRE, DRFA, CORE)",Ação policial,,,false,0,0,0,0,0,0,0,0,0,0,0,0,0,0
67503,"Complexo de Acari - Acari, Rio de Janeiro - RJ, 21531-060, Brasil",Sudeste,Rio de Janeiro,Rio de Janeiro,ACARI,,FAVELA DE ACARI,-22.82529478,-43.34453914,"15/10/2024, 05:00:00",true,true,41º BPM,Ação policial,,,false,0,1,0,0,0,0,0,0,0,0,0,0,0,0
67506,"Rua Maxwell - Vila Isabel, Rio de Janeiro - RJ, Brasil",Sudeste,Rio de Janeiro,Rio de Janeiro,VILA ISABEL,,,-22.9203029,-43.2440069,"15/10/2024, 10:00:00",true,true,"não identificado ",Tentativa/Roubo,,,false,1,0,0,0,0,0,0,0,0,0,0,0,0,0
67522,"Conjunto Cesar Maia - Vargem Pequena, Rio de Janeiro - RJ, 22783-116, Brasil",Sudeste,Rio de Janeiro,Rio de Janeiro,VARGEM PEQUENA,,CONJUNTO CESAR MAIA,-22.9905516,	-43.43146907,"15/10/2024, 16:45:00",true,true,BOPE,Operação policial,,,false,1,0,0,0,0,0,0,0,0,0,0,0,0,0
67520,"R. Goiás, Piedade, Rio de Janeiro - RJ, 20756-121, Brasil",Sudeste,Rio de Janeiro,Rio de Janeiro,PIEDADE,,,-22.889233,-43.3105136,"15/10/2024, 19:50:00",false,false,,Não identificado,,,false,0,0,0,0,0,0,0,0,0,0,0,0,0,0
67523,"Morro do São Josè (Complexo da Serrinha) - Madureira, Rio de Janeiro - RJ, 21370-041, Brasil",Sudeste,Rio de Janeiro,Rio de Janeiro,MADUREIRA,,MORRO DO SAO JOSE (COMPLEXO DA SERRINHA),-22.87284889,	-43.33219105,"16/10/2024, 03:50:00",true,true,"09º BPM, BAC, 14º BPM, 18º BPM, 41º BPM",Operação policial,,,false,0,0,0,0,0,0,0,0,0,0,0,0,0,0
67546,"Morro da Serrinha - Madureira, Rio de Janeiro - RJ, 21360, Brasil",Sudeste,Rio de Janeiro,Rio de Janeiro,MADUREIRA,,MORRO DA SERRINHA (COMPLEXO DA SERRINHA),-22.8647872,-43.3259583,"16/10/2024, 14:00:00",false,false,,Não identificado,,,false,0,0,0,0,0,0,0,0,0,0,0,0,0,0
67547,"Favela Tijuquinha, Itanhangá, Rio de Janeiro - RJ, 22641-004, Brasil",Sudeste,Rio de Janeiro,Rio de Janeiro,ITANHANGA,,FAVELA TIJUQUINHA,-22.9881905,-43.3083886,"16/10/2024, 14:00:00",true,true,BOPE,Sequestro/Cárcere Privado,,,false,0,0,0,0,0,0,0,0,0,0,0,0,0,0
67548,"Morro da Muzema - Itanhangá, Rio de Janeiro - RJ, 22753-005, Brasil",Sudeste,Rio de Janeiro,Rio de Janeiro,ITANHANGA,,MORRO DA MUZEMA,-22.9889644,-43.3211061,"16/10/2024, 20:44:00",false,false,,Não identificado,,,false,0,0,0,0,0,0,0,0,0,0,0,0,0,0
67549,"Rua Getulio, Todos os Santos, Rio de Janeiro, Rio de Janeiro, Brasil",Sudeste,Rio de Janeiro,Rio de Janeiro,TODOS OS SANTOS,,,-22.8903128,-43.2761769,"16/10/2024, 22:11:00",false,false,,Não identificado,,,false,0,0,0,0,0,0,0,0,0,0,0,0,0,0
67554,"Morro do Fubá (Complexo do Fubá) - Cascadura, Rio de Janeiro - RJ, 21311-130, Brasil",Sudeste,Rio de Janeiro,Rio de Janeiro,CASCADURA,,MORRO DO FUBA (COMPLEXO DO FUBA),-22.892324971301786	,-43.33377861518315,"16/10/2024, 23:20:00",false,false,,Disputa,,,false,0,0,0,0,0,0,0,0,0,0,0,0,0,0
67555,"Catiri - Bangu, Rio de Janeiro - RJ, 21863-010, Brasil",Sudeste,Rio de Janeiro,Rio de Janeiro,BANGU,,CATIRI,-22.85319795,	-43.47059105,"17/10/2024, 01:40:00",false,false,,Não identificado,,,false,0,0,0,0,0,0,0,0,0,0,0,0,0,0
67552,"Morro da Camarista (Complexo do Lins) -  Rio de Janeiro - RJ, 20730-130, Brasil",Sudeste,Rio de Janeiro,Rio de Janeiro,LINS DE VASCONCELOS,,MORRO DA CAMARISTA (COMPLEXO DO LINS),-22.91160375	,	-43.29866574,"17/10/2024, 04:03:00",false,false,,Não identificado,,,false,0,0,0,0,0,0,0,0,0,0,0,0,0,0
67582,"Estrada dos Bandeirantes - Vargem Pequena, Rio de Janeiro - RJ, Brasil",Sudeste,Rio de Janeiro,Rio de Janeiro,VARGEM PEQUENA,,,-22.9905549,-43.4521674,"17/10/2024, 11:30:00",false,false,,Homicidio/Tentativa,,,false,1,0,0,0,0,0,0,0,0,0,0,0,0,0
67578,"Avenida Santa Cruz - Realengo, Rio de Janeiro - RJ, Brasil",Sudeste,Rio de Janeiro,Rio de Janeiro,REALENGO,,,-22.8765708,-43.4470623,"17/10/2024, 17:55:00",false,true,,Homicidio/Tentativa,,,false,0,0,1,0,0,0,0,0,0,0,0,0,0,0
67580,"Catiri - Bangu, Rio de Janeiro - RJ, 21863-010, Brasil",Sudeste,Rio de Janeiro,Rio de Janeiro,BANGU,,CATIRI,-22.85319795	,-43.47059105,"18/10/2024, 01:30:00",false,false,,Não identificado,,,false,0,0,0,0,0,0,0,0,0,0,0,0,0,0
67618,"Avenida Mem de Sá, Rio de Janeiro - RJ, Brasil",Sudeste,Rio de Janeiro,Rio de Janeiro,LAPA,,,-22.912313,-43.1861477,"18/10/2024, 03:00:00",true,true,NI,Tentativa/Roubo,,Perseguição,false,0,0,0,0,0,0,0,0,0,0,0,0,0,0
67584,"Avenida Brasil - Irajá, Rio de Janeiro - RJ, Brasil",Sudeste,Rio de Janeiro,Rio de Janeiro,IRAJA,,,-22.823024,-43.3279197,"18/10/2024, 04:17:00",true,true,PC (DRFC),Ação policial,,Perseguição,false,0,0,0,0,0,0,0,0,0,0,0,0,0,0
67608,"Rua Fonseca Teles - São Cristóvão, Rio de Janeiro - RJ, Brasil",Sudeste,Rio de Janeiro,Rio de Janeiro,SAO CRISTOVAO,,,-22.9017803,-43.2222355,"18/10/2024, 20:25:00",true,true,"não identificado ",Ação policial,,,false,0,0,0,1,0,0,0,0,0,0,0,0,0,0
67611,"AutoEstrada Grajaú - Jacarepaguá - Engenho Novo, Rio de Janeiro - RJ, Brasil",Sudeste,Rio de Janeiro,Rio de Janeiro,ENGENHO NOVO,,,-22.9153933,-43.2697796,"19/10/2024, 10:00:00",true,true,09º BPM,Ação policial,,,false,0,0,0,0,0,0,0,0,0,0,0,0,0,0
67615,"Vila da Paz - Itanhangá, Rio de Janeiro - RJ, 22753-005, Brasil",Sudeste,Rio de Janeiro,Rio de Janeiro,ITANHANGA,,VILA DA PAZ,-22.9917076	,-43.3113371,"19/10/2024, 12:35:00",false,false,,Não identificado,,,false,0,0,0,0,0,0,0,0,0,0,0,0,0,0
67612,"Favela Tijuquinha - Itanhangá, Rio de Janeiro - RJ, 22641-580, Brasil",Sudeste,Rio de Janeiro,Rio de Janeiro,ITANHANGA,,FAVELA TIJUQUINHA,-22.98600388	,-43.30455399,"19/10/2024, 12:54:00",false,false,,Não identificado,,,false,0,0,0,0,0,0,0,0,0,0,0,0,0,0
67613,"Rua Piumbi - Bonsucesso, Rio de Janeiro - RJ, 21060-510, Brasil",Sudeste,Rio de Janeiro,Rio de Janeiro,BONSUCESSO,,,-22.862893947113836,-43.257199143308256,"19/10/2024, 13:08:00",true,true,"UPP Adeus Baiana ",Ação policial,,,false,0,0,0,0,0,0,0,0,0,0,0,0,0,0
67614,"Vila da Paz - Itanhangá, Rio de Janeiro - RJ, 22753-005, Brasil",Sudeste,Rio de Janeiro,Rio de Janeiro,ITANHANGA,,VILA DA PAZ,-22.9917076	,-43.3113371,"19/10/2024, 13:15:00",false,false,,Não identificado,,,false,0,0,0,0,0,0,0,0,0,0,0,0,0,0
67623,"R. São Francisco Xavier - Tijuca, Rio de Janeiro - RJ, 20550-011, Brasil",Sudeste,Rio de Janeiro,Rio de Janeiro,TIJUCA,,,-22.91354003476124,-43.23471128063683,"19/10/2024, 21:00:00",true,true,Recom,Ação policial,,,false,0,0,0,0,0,0,0,0,0,0,0,0,0,0
67633,"Morro da Muzema - Itanhangá, Rio de Janeiro - RJ, Brasil",Sudeste,Rio de Janeiro,Rio de Janeiro,ITANHANGA,,MORRO DA MUZEMA,-22.9819444,-43.3225,"20/10/2024, 22:45:00",false,false,,Disputa,,,false,0,0,0,0,0,0,0,0,0,0,0,0,0,0
67634,"Morro da Muzema - Itanhangá, Rio de Janeiro - RJ, Brasil",Sudeste,Rio de Janeiro,Rio de Janeiro,ITANHANGA,,MORRO DA MUZEMA,-22.9819444,-43.3225,"21/10/2024, 00:30:00",false,false,,Disputa,,,false,0,0,0,0,0,0,0,0,0,0,0,0,0,0
67646,"Morro dos Macacos - Vila Isabel, Rio de Janeiro - RJ, 20551-630, Brasil",Sudeste,Rio de Janeiro,Rio de Janeiro,VILA ISABEL,,MORRO DOS MACACOS,-22.91189634	,-43.25524243,"21/10/2024, 02:30:00",true,true,"UPP Macacos, CPP",Operação policial,,,false,0,0,0,0,0,0,0,0,0,0,0,0,0,0
67651,"Mangueira, R. Visc. de Niterói, Mangueira, Rio de Janeiro - RJ, 20943-000, Brasil",Sudeste,Rio de Janeiro,Rio de Janeiro,MANGUEIRA,,MANGUEIRA,-22.9063112,-43.238939,"21/10/2024, 11:18:00",true,true,UPP Mangueira,Ação policial,,,false,0,0,0,1,0,0,0,0,0,0,0,0,0,0
67656,"Rua Carneiro de Mendonça, Vicente de Carvalho, Rio de Janeiro - Rio de Janeiro, Brasil",Sudeste,Rio de Janeiro,Rio de Janeiro,VICENTE DE CARVALHO,,MORRO DO JURAMENTO (COMPLEXO DO JURAMENTO),-22.861484079219633,-43.3211500570178,"21/10/2024, 19:45:00",false,false,,Não identificado,,,false,0,0,0,0,0,0,0,0,0,0,0,0,0,0
67665,"Complexo do Chapadão - Costa Barros, Rio de Janeiro - RJ, 21650-190, Brasil",Sudeste,Rio de Janeiro,Rio de Janeiro,COSTA BARROS,,COMPLEXO DO CHAPADAO,-22.8235408169498,-43.37440754982117,"22/10/2024, 04:45:00",true,true,41 BPM,Operação policial,,,false,0,2,0,0,0,0,0,0,0,0,0,0,0,0
67668,"Favela do Sapo, Senador Camará, Rio de Janeiro - RJ, 21832-006, Brasil",Sudeste,Rio de Janeiro,Rio de Janeiro,SENADOR CAMARA,,FAVELA DO SAPO DE CAMARA (COMPLEXO DO SAPO DE CAMARA),-22.88807871,-43.48678213,"22/10/2024, 09:20:00",false,false,,Não identificado,,,false,0,0,0,0,0,0,0,0,0,0,0,0,0,0
67674,"Quitungo - Guapore, Brás de Pina, Rio de Janeiro - RJ, 21215-160, Brasil",Sudeste,Rio de Janeiro,Rio de Janeiro,BRAS DE PINA,,QUITUNGO-GUAPORE,-22.8352057,-43.3008957,"22/10/2024, 16:00:00",true,true,16 BPM,Tentativa/Roubo de cargas,,,false,0,0,0,0,0,0,0,0,0,0,0,0,0,0
67675,"R. Alzira Brandão, Tijuca, Rio de Janeiro - RJ, 20520-070, Brasil",Sudeste,Rio de Janeiro,Rio de Janeiro,TIJUCA,,,-22.9225775,-43.224689,"22/10/2024, 16:30:00",false,false,,Não identificado,,,false,0,0,0,0,0,0,0,0,0,0,0,0,0,0
67692,"Barra Bali - Avenida Alfredo Balthazar da Silveira - Barra da Tijuca, Rio de Janeiro - RJ, Brasil",Sudeste,Rio de Janeiro,Rio de Janeiro,BARRA DA TIJUCA,,,-23.010028,-43.43993529999999,"22/10/2024, 23:00:00",false,false,,Não identificado,,,false,0,0,0,0,0,0,0,0,0,0,0,0,0,0
67681,"Rio das Pedras, Rio de Janeiro - RJ, Brasil",Sudeste,Rio de Janeiro,Rio de Janeiro,ITANHANGA,,RIO DAS PEDRAS,-22.9899253,-43.3216369,"23/10/2024, 00:30:00",false,false,,Não identificado,,,false,0,0,0,0,0,0,0,0,0,0,0,0,0,0
67682,"Vila Vintém - Padre Miguel, Rio de Janeiro - RJ, 21721-480, Brasil",Sudeste,Rio de Janeiro,Rio de Janeiro,PADRE MIGUEL,,VILA VINTEM,-22.8710072,-43.4430577,"23/10/2024, 00:30:00",false,false,,Não identificado,,,false,0,0,0,0,0,0,0,0,0,0,0,0,0,0
67698,"Linha Amarela - Maré, Rio de Janeiro - RJ, Brasil",Sudeste,Rio de Janeiro,Rio de Janeiro,MARE,,VILA DO PINHEIRO (COMPLEXO DA MARE),-22.8690361,-43.2427961,"23/10/2024, 04:00:00",false,false,,Não identificado,,,false,0,0,0,0,0,0,0,0,0,0,0,0,0,0
67690,"Realengo, Rio de Janeiro - RJ, Brasil",Sudeste,Rio de Janeiro,Rio de Janeiro,REALENGO,,,-22.8786476,-43.4284708,"23/10/2024, 05:07:00",true,true,"NÃO IDENTIFICADO ",Tentativa/Roubo,,,false,1,0,0,0,0,0,0,0,0,0,0,0,0,0
67689,"Favela da Chacrinha - Tanque, Rio de Janeiro - RJ, 22733-040, Brasil",Sudeste,Rio de Janeiro,Rio de Janeiro,TANQUE,,FAVELA DA CHACRINHA,-22.9018158988203	,-43.36141036190782,"23/10/2024, 05:09:00",true,true,18º BPM,Ação policial,,,false,0,1,0,0,0,0,0,0,0,0,0,0,0,0
67711,"Comunidade 31 de Outubro (Divinéia) - Rua Milton Corrêa de Sá, Paciência, Rio de Janeiro, Rio de Janeiro, Brasil",Sudeste,Rio de Janeiro,Rio de Janeiro,PACIENCIA,,COMUNIDADE 31 DE OUTUBRO (OU DIVINEIA),-22.9192432,-43.6395795,"23/10/2024, 20:59:00",true,true,Não identificado,Ação policial,,,false,0,0,0,0,0,0,0,0,0,0,0,0,0,0
67712,"Brás de Pina, Rio de Janeiro - RJ, 21215-310, Brasil",Sudeste,Rio de Janeiro,Rio de Janeiro,BRAS DE PINA,,,-22.83047919639563,-43.29297127654275,"24/10/2024, 03:07:00",false,false,,Não identificado,,,false,0,0,0,0,0,0,0,0,0,0,0,0,0,0
67713,"Cidade Alta - Cordovil, Rio de Janeiro - RJ, Brasil",Sudeste,Rio de Janeiro,Rio de Janeiro,CORDOVIL,,CIDADE ALTA (COMPLEXO DE ISRAEL),-22.819569,-43.2943808,"24/10/2024, 03:12:00",true,true,"03º BPM, 04º BPM, 16º BPM",Operação policial,,,false,0,0,0,0,0,0,0,0,0,0,0,0,0,0
67714,"Buraco Quente - Mangueira, Rio de Janeiro - RJ, 20943-135, Brasil",Sudeste,Rio de Janeiro,Rio de Janeiro,MANGUEIRA,,BURACO QUENTE (MANGUEIRA),-22.904167	,-43.238333,"24/10/2024, 03:30:00",false,false,,Não identificado,,,false,0,0,0,0,0,0,0,0,0,0,0,0,0,0
67715,"Cidade Alta - Cordovil, Rio de Janeiro - RJ, Brasil",Sudeste,Rio de Janeiro,Rio de Janeiro,CORDOVIL,,CIDADE ALTA (COMPLEXO DE ISRAEL),-22.819569,-43.2943808,"24/10/2024, 04:25:00",true,true,"03º BPM, 04ª BPM, 16º BPM",Operação policial,,,true,3,3,0,0,0,0,0,0,0,0,0,0,1,0
67716,"Morro do Andaraí - Andaraí, Rio de Janeiro - RJ, 20541-240, Brasil",Sudeste,Rio de Janeiro,Rio de Janeiro,ANDARAI,,MORRO DO ANDARAI,-22.93296722,	-43.25643623,"24/10/2024, 04:35:00",false,false,,Não identificado,,,false,0,0,0,0,0,0,0,0,0,0,0,0,0,0
67726,"Estação Deodoro - Av. Duque de Caxias, S/N - Deodoro, Rio de Janeiro - RJ, 21615-220, Brasil",Sudeste,Rio de Janeiro,Rio de Janeiro,DEODORO,,,-22.8549761214365,-43.383516901435854,"24/10/2024, 12:00:00",false,false,,Não identificado,,,false,0,0,0,0,0,0,0,0,0,0,0,0,0,0
67730,"Estação Brás de Pina - Brás de Pina, Rio de Janeiro - RJ, Brasil",Sudeste,Rio de Janeiro,Rio de Janeiro,BRAS DE PINA,,,-22.8304422,-43.29294609999999,"24/10/2024, 19:36:00",false,false,,Não identificado,,,false,0,0,0,0,0,0,0,0,0,0,0,0,0,0
67735,"Rua Adolfo Bergamini - Engenho de Dentro, Rio de Janeiro - RJ, Brasil",Sudeste,Rio de Janeiro,Rio de Janeiro,ENGENHO DE DENTRO,,,-22.8996389,-43.2958583,"24/10/2024, 23:20:00",false,false,,Tentativa/Roubo,,,false,0,0,0,0,0,0,0,0,0,0,0,0,0,0
67734,"Rua Araguaia - Freguesia (Jacarepaguá), Rio de Janeiro - RJ, Brasil",Sudeste,Rio de Janeiro,Rio de Janeiro,FREGUESIA (JACAREPAGUA),,,-22.9358757,-43.3388144,"25/10/2024, 07:00:00",false,false,,Tentativa/Roubo,,,false,1,0,0,0,0,0,0,0,0,0,0,0,1,0
67732,"Rua Haddock Lobo - Tijuca, Rio de Janeiro - RJ, Brasil",Sudeste,Rio de Janeiro,Rio de Janeiro,TIJUCA,,,-22.9200353,-43.2158668,"25/10/2024, 08:17:00",true,true,06º BPM,Tentativa/Roubo,,,false,0,1,0,0,0,0,0,0,0,0,0,0,0,0
67744,"Morro dos Macacos - Vila Isabel, Rio de Janeiro - RJ, 20551-630, Brasil",Sudeste,Rio de Janeiro,Rio de Janeiro,VILA ISABEL,,MORRO DOS MACACOS,-22.91189634,-43.25524243,"25/10/2024, 22:30:00",false,false,,Disputa,,,false,0,0,0,0,0,0,0,0,0,0,0,0,0,0
67748,"Morro dos Macacos - Vila Isabel, Rio de Janeiro - RJ, 20551-630, Brasil",Sudeste,Rio de Janeiro,Rio de Janeiro,VILA ISABEL,,MORRO DOS MACACOS,-22.91189634,-43.25524243,"26/10/2024, 00:40:00",false,false,,Disputa,,,false,0,0,0,0,0,0,0,0,0,0,0,0,0,0
67751,"Morro do Banco - Itanhangá, Rio de Janeiro - RJ, 22641-201, Brasil",Sudeste,Rio de Janeiro,Rio de Janeiro,ITANHANGA,,MORRO DO BANCO,-22.9884814,-43.2951558,"26/10/2024, 14:30:00",true,true,BOPE,Ação policial,,,false,1,0,0,0,0,0,0,0,0,0,0,0,0,0
67755,"Pombom sem Asa - Vargem Grande, Rio de Janeiro - RJ, 22785-585, Brasil",Sudeste,Rio de Janeiro,Rio de Janeiro,VARGEM GRANDE,,COMUNIDADE POMBO SEM ASA,-22.986796924068518,-43.49718695983778,"26/10/2024, 18:00:00",true,true,31 BPM,Ação policial,,,false,0,0,0,0,0,0,0,0,0,0,0,0,0,0
67757,"Favela do Sertão- Anil, Rio de Janeiro - RJ, 22753-630, Brasil",Sudeste,Rio de Janeiro,Rio de Janeiro,ANIL,,FAVELA DO SERTAO,-22.96538225,-43.3208615,"27/10/2024, 00:00:00",false,false,,Disputa,,,false,0,2,0,0,0,0,0,0,0,0,0,0,0,0
67759,"Morro do 48, Bangu, Rio de Janeiro - RJ, 21820-310, Brasil",Sudeste,Rio de Janeiro,Rio de Janeiro,BANGU,,MORRO DO 48,-22.8948122,-43.4777746,"27/10/2024, 00:00:00",false,false,,Disputa,,,false,0,0,0,0,0,0,0,0,0,0,0,0,0,0
67761,"Av. Gilka Machado, Recreio dos Bandeirantes, Rio de Janeiro - RJ, 22795-445, Brasil",Sudeste,Rio de Janeiro,Rio de Janeiro,RECREIO DOS BANDEIRANTES,,,-23.0247583,-43.4752785,"27/10/2024, 06:00:00",false,false,,Homicidio/Tentativa,,,false,1,0,0,0,0,0,0,0,0,0,0,0,0,0
67765,"R. Álvaro de Macedo, 301 - Parada de Lucas, Rio de Janeiro - RJ, 21250-620, Brasil",Sudeste,Rio de Janeiro,Rio de Janeiro,PARADA DE LUCAS,,,-22.817455214181624,-43.30416296931153,"27/10/2024, 20:48:00",false,false,,Não identificado,,,false,0,0,0,0,0,0,0,0,0,0,0,0,0,0
67786,"Cidade Alta - Cordovil, Rio de Janeiro - RJ, Brasil",Sudeste,Rio de Janeiro,Rio de Janeiro,CORDOVIL,,CIDADE ALTA (COMPLEXO DE ISRAEL),-22.819569,-43.2943808,"28/10/2024, 16:35:00",false,false,,Não identificado,,,false,0,0,0,0,0,0,0,0,0,0,0,0,0,0
67790,"Rua Augusto Brandão - Santíssimo, Rio de Janeiro - RJ, 23094-070, Brasil",Sudeste,Rio de Janeiro,Rio de Janeiro,SANTISSIMO,,,-22.8770584,-43.510625,"29/10/2024, 05:32:00",false,false,,Não identificado,,,false,0,0,0,0,0,0,0,0,0,0,0,0,0,0
67800,"Morro do 48 - Bangu, Rio de Janeiro - RJ, 23020-320, Brasil",Sudeste,Rio de Janeiro,Rio de Janeiro,BANGU,,MORRO DO 48,-22.894855591283346	,-43.478052649417776,"29/10/2024, 12:55:00",false,false,,Disputa,,,false,0,0,0,0,0,0,0,0,0,0,0,0,0,0
67806,"Avenida Brasil - Caju, Rio de Janeiro - RJ, Brasil",Sudeste,Rio de Janeiro,Rio de Janeiro,CAJU,,,-22.8878117,-43.2238234,"29/10/2024, 17:00:00",true,true,PM (BPChq),Ação policial,,,false,1,1,0,0,0,0,0,0,0,0,0,0,0,0
67808,"Sampaio, Rio de Janeiro - RJ, Brasil",Sudeste,Rio de Janeiro,Rio de Janeiro,SAMPAIO,,,-22.902136,-43.2613203,"29/10/2024, 20:00:00",false,false,,Não identificado,,,false,0,0,0,0,0,0,0,0,0,0,0,0,0,0
67807,"Avenida Brasil - Cordovil, Rio de Janeiro - RJ, Brasil",Sudeste,Rio de Janeiro,Rio de Janeiro,CORDOVIL,,,-22.8155791,-43.2905109,"29/10/2024, 20:50:00",true,true,"BPVE ",Tentativa/Roubo de cargas,,,false,0,1,0,0,0,0,0,0,0,0,0,0,0,0
67821,"Túnel Noel Rosa - Vila Isabel, Rio de Janeiro - RJ, Brasil",Sudeste,Rio de Janeiro,Rio de Janeiro,VILA ISABEL,,,-22.9105493,-43.2534766,"30/10/2024, 05:00:00",false,false,,Homicidio/Tentativa,,,false,1,0,0,0,0,0,0,0,0,0,0,0,0,0
67810,"Avenida Brasil - Maré, Rio de Janeiro - RJ, Brasil",Sudeste,Rio de Janeiro,Rio de Janeiro,MARE,,COMPLEXO DA MARE,-22.8587984,-43.2476958,"30/10/2024, 06:00:00",true,true,22 BPM,Tentativa/Roubo,,,false,0,2,0,0,0,0,0,0,0,0,0,0,0,0
67831,"Estrada do Rio Grande - Taquara, Rio de Janeiro - RJ, Brasil",Sudeste,Rio de Janeiro,Rio de Janeiro,TAQUARA,,,-22.9191275,-43.3935518,"30/10/2024, 13:00:00",false,false,,Disputa,,,false,2,0,0,0,0,0,0,0,0,0,0,0,0,0
67826,"Av. Rio Branco - Centro, Rio de Janeiro - RJ, 20040-008, Brasil",Sudeste,Rio de Janeiro,Rio de Janeiro,CENTRO,,,-22.910097222151915,-43.17578001020774,"30/10/2024, 13:00:00",true,true,"PM ",Tentativa/Roubo,,,false,0,1,0,0,0,0,0,0,0,0,0,0,0,0
67841,"Favela do Terreirão - Recreio dos Bandeirantes, Rio de Janeiro - RJ, 22795-150, Brasil",Sudeste,Rio de Janeiro,Rio de Janeiro,RECREIO DOS BANDEIRANTES,,FAVELA DO TERREIRAO,-23.02478446,-43.47595282,"30/10/2024, 16:00:00",false,false,,Tentativa/Roubo,,,false,1,0,0,0,0,0,0,0,0,0,0,0,0,0
67827,"Morro do Dendê - Tauá, Rio de Janeiro - RJ, 21922-490, Brasil",Sudeste,Rio de Janeiro,Rio de Janeiro,TAUA,,MORRO DO DENDE,-22.802039,	-43.184899,"30/10/2024, 16:30:00",false,false,,Não identificado,,,false,0,0,0,0,0,0,0,0,0,0,0,0,0,0
67833,"Linha Amarela - Pilares, Rio de Janeiro - RJ, Brasil",Sudeste,Rio de Janeiro,Rio de Janeiro,PILARES,,,-22.886554,-43.2922518,"30/10/2024, 17:00:00",true,true,3BPM,Ação policial,,Perseguição,false,0,3,0,0,0,0,0,0,0,0,0,0,0,0
67848,"Morro do Menezes (Complexo do Fubá) - Praça Seca, Rio de Janeiro - RJ, 21320-020, Brasil",Sudeste,Rio de Janeiro,Rio de Janeiro,PRACA SECA,,MORRO DO MENEZES (COMPLEXO DO FUBA),-22.89299766798542	,-43.34177728207656,"31/10/2024, 15:40:00",false,false,,Disputa,,,false,0,0,0,0,0,0,0,0,0,0,0,0,0,0
67850,"Morro dos Macacos - Vila Isabel, Rio de Janeiro - RJ, 20551-232, Brasil",Sudeste,Rio de Janeiro,Rio de Janeiro,VILA ISABEL,,MORRO DOS MACACOS,-22.913873891860913,-43.256727523803704,"31/10/2024, 18:35:00",false,false,,Disputa,,,false,0,0,0,0,0,0,0,0,0,0,0,0,0,0
67851,"Rua Mata Machado, Maracanã, Rio de Janeiro - Rio de Janeiro, Brasil",Sudeste,Rio de Janeiro,Rio de Janeiro,MARACANA,,,-22.912359289303804,-43.22654485702515,"31/10/2024, 21:00:00",false,false,,Não identificado,,,false,0,0,0,0,0,0,0,0,0,0,0,0,0,0
67869,"Rua Piauí - Engenho de Dentro, Rio de Janeiro - RJ, Brasil",Sudeste,Rio de Janeiro,Rio de Janeiro,ENGENHO DE DENTRO,,,-22.8917764,-43.2877361,"01/11/2024, 13:48:00",false,false,,Tentativa/Roubo,,,false,1,0,0,0,0,0,0,0,0,0,0,0,0,0
67875,"Linha Vermelha - São Cristóvão, Rio de Janeiro - RJ, Brasil",Sudeste,Rio de Janeiro,Rio de Janeiro,SAO CRISTOVAO,,,-22.8912442,-43.2225924,"02/11/2024, 01:30:00",false,true,,Tentativa/Roubo,,,false,1,3,0,0,0,0,0,0,0,0,0,0,0,0
67879,"Rua Dez - Bangu, Rio de Janeiro - RJ, Brasil",Sudeste,Rio de Janeiro,Rio de Janeiro,BANGU,,,-22.8457988,-43.4684495,"02/11/2024, 15:30:00",false,false,,Não identificado,,,false,1,0,0,0,0,0,0,0,0,0,0,0,0,0
67891,"Rua Visconde de Silva - Humaitá, Rio de Janeiro - RJ, Brasil",Sudeste,Rio de Janeiro,Rio de Janeiro,HUMAITA,,,-22.9583706,-43.1973585,"03/11/2024, 03:00:00",false,false,,Tentativa/Roubo,,,false,0,0,0,0,0,0,0,0,0,0,0,0,0,0
67894,"Av. Borges de Medeiros - Lagoa, Rio de Janeiro - RJ, Brasil",Sudeste,Rio de Janeiro,Rio de Janeiro,LAGOA,,,-22.9708703,-43.2173855,"03/11/2024, 06:30:00",false,true,,Tentativa/Roubo,,,false,1,1,0,0,0,0,0,0,0,0,0,0,0,0
67916,"Rua Laurindo Filho - Cavalcanti, Rio de Janeiro - RJ, Brasil",Sudeste,Rio de Janeiro,Rio de Janeiro,CAVALCANTI,,MORRO DA PRIMAVERA,-22.869447,-43.3176696,"03/11/2024, 08:00:00",true,true,"9° BPM ",Ação policial,,,false,0,0,0,0,0,0,0,0,0,0,0,0,0,0
67898,"Vila do João - Maré, Rio de Janeiro - RJ, Brasil",Sudeste,Rio de Janeiro,Rio de Janeiro,MARE,,VILA DO JOAO (COMPLEXO DA MARE),-22.8723298,-43.2390005,"03/11/2024, 14:36:00",false,false,,Tiros a esmo,,,false,0,0,0,0,0,0,0,0,0,0,0,0,0,0
67930,"Olaria, Rio de Janeiro - RJ, Brasil",Sudeste,Rio de Janeiro,Rio de Janeiro,OLARIA,,,-22.8487261,-43.2666279,"04/11/2024, 11:00:00",true,true,16 BPM,Ação policial,,,false,0,0,0,0,0,0,0,0,0,0,0,0,0,0
67927,"Catiri - Bangu, Rio de Janeiro - RJ, 21863-010, Brasil",Sudeste,Rio de Janeiro,Rio de Janeiro,BANGU,,CATIRI,-22.85319795	,-43.47059105,"04/11/2024, 14:09:00",false,false,,Disputa,,,false,0,0,0,0,0,0,0,0,0,0,0,0,0,0
67945,"Morro da Mangueira - Mangueira, Rio de Janeiro - RJ, 20943, Brasil",Sudeste,Rio de Janeiro,Rio de Janeiro,MANGUEIRA,,MANGUEIRA,-22.90514541	,-43.23489755,"05/11/2024, 10:11:00",false,false,,Não identificado,,,false,0,0,0,0,0,0,0,0,0,0,0,0,0,0
67952,"Boiúna - Taquara, Rio de Janeiro - RJ, 22723-018, Brasil",Sudeste,Rio de Janeiro,Rio de Janeiro,TAQUARA,,BOIUNA,-22.91166165520469,-43.41437615513122,"05/11/2024, 13:19:00",true,true,18 BPM,Ação policial,,,false,0,1,0,0,0,0,0,0,0,0,0,0,0,0
67959,"Morro dos Macacos - Vila Isabel, Rio de Janeiro - RJ, 20551-630, Brasil",Sudeste,Rio de Janeiro,Rio de Janeiro,VILA ISABEL,,MORRO DOS MACACOS,-22.91141210250733,-43.25363310459106,"05/11/2024, 23:00:00",false,false,,Não identificado,,,false,0,0,0,0,0,0,0,0,0,0,0,0,0,0
67956,"Manguinhos (Complexo de Manguinhos), Rio de Janeiro - RJ, 21041-560, Brasil",Sudeste,Rio de Janeiro,Rio de Janeiro,MANGUINHOS,,MANGUINHOS (COMPLEXO DE MANGUINHOS),-22.88141647	,-43.24832637,"06/11/2024, 03:10:00",true,true,"DHC, CORE, GPI/PF",Operação policial,,,false,0,0,0,0,0,0,0,0,0,0,0,0,0,0
67976,"Conjunto da Marinha - Bangu, Rio de Janeiro - RJ, 21864-320, Brasil",Sudeste,Rio de Janeiro,Rio de Janeiro,BANGU,,PARQUE RESIDENCIAL SEIS DE NOVEMBRO (CONJUNTO DA MARINHA),"-22.853885083289985 ",-43.458214227876084,"06/11/2024, 12:00:00",false,false,,Homicidio/Tentativa,,,false,1,1,0,0,0,0,0,0,0,1,0,0,0,0
67994,"Cidade Alta - Cordovil, Rio de Janeiro - RJ, 21010-315, Brasil",Sudeste,Rio de Janeiro,Rio de Janeiro,CORDOVIL,,CIDADE ALTA (COMPLEXO DE ISRAEL),-22.82007088,-43.29432515,"07/11/2024, 12:00:00",true,true,"PP (Minas Gerais) ",Ação policial,,"Outros,Entrada na Favela por Engano",false,0,0,0,3,0,0,0,0,0,0,0,0,0,0
67996,"Estrada Intendente Magalhães - Vila Valqueire, Rio de Janeiro - RJ, Brasil",Sudeste,Rio de Janeiro,Rio de Janeiro,VILA VALQUEIRE,,,-22.8776347,-43.3637152,"07/11/2024, 14:30:00",false,false,,Tentativa/Roubo,,,false,0,0,0,0,0,0,0,0,0,0,0,0,0,0
67998,"Conjunto do IPASE - Rua Soldado Servino Mengarda - Vila Kosmos, Rio de Janeiro - RJ, Brasil",Sudeste,Rio de Janeiro,Rio de Janeiro,VILA KOSMOS,,CONJUNTO DO IPASE,-22.8485621,-43.3042385,"07/11/2024, 18:40:00",true,true,41º BPM,Tentativa/Roubo,,Perseguição,true,3,1,0,0,0,0,0,0,0,0,0,0,0,0
68012,"Av. Dom Hélder Câmara - Cachambi, Rio de Janeiro - RJ, Brasil",Sudeste,Rio de Janeiro,Rio de Janeiro,CACHAMBI,,,-22.8860986,-43.27954750000001,"08/11/2024, 22:26:00",false,false,,Não identificado,,,false,0,0,0,0,0,0,0,0,0,0,0,0,0,0
68022,"Morro dos Macacos - Vila Isabel, Rio de Janeiro - RJ, 20551-232, Brasil",Sudeste,Rio de Janeiro,Rio de Janeiro,VILA ISABEL,,MORRO DOS MACACOS,-22.913300720961757,-43.25640565872192,"09/11/2024, 07:47:00",false,false,,Não identificado,,,false,0,0,0,0,0,0,0,0,0,0,0,0,0,0
68023,"Morro dos Macacos - Vila Isabel, Rio de Janeiro - RJ, 20560-130, Brasil",Sudeste,Rio de Janeiro,Rio de Janeiro,VILA ISABEL,,MORRO DOS MACACOS,-22.914318591750902,-43.26125509262084,"09/11/2024, 08:25:00",false,false,,Não identificado,,,false,0,0,0,0,0,0,0,0,0,0,0,0,0,0
68031,"Jardim Bangu, Bangu - Rio de Janeiro - RJ, 21863-000, Brasil",Sudeste,Rio de Janeiro,Rio de Janeiro,BANGU,,JARDIM BANGU,-22.852295	,-43.4638509,"09/11/2024, 12:00:00",false,false,,Disputa,,,false,0,0,0,0,0,0,0,0,0,0,0,0,0,0
68033,"Morro dos Macacos- Vila Isabel, Rio de Janeiro - RJ, 20551-630, Brasil",Sudeste,Rio de Janeiro,Rio de Janeiro,VILA ISABEL,,MORRO DOS MACACOS,-22.91189634,-43.25524243,"10/11/2024, 00:00:00",false,false,,Disputa,,,false,0,0,0,0,0,0,0,0,0,0,0,0,0,0
68037,"Rua Augusto Nunes - Todos os Santos, Rio de Janeiro - RJ, Brasil",Sudeste,Rio de Janeiro,Rio de Janeiro,TODOS OS SANTOS,,,-22.8946152,-43.2839053,"10/11/2024, 06:45:00",false,false,,Não identificado,,,false,0,0,0,0,0,0,0,0,0,0,0,0,0,0
68040,"Morro do Barro Vermelho (Complexo do Lins) - Engenho Novo, Rio de Janeiro - RJ, 20715-310, Brasil",Sudeste,Rio de Janeiro,Rio de Janeiro,ENGENHO NOVO,,MORRO DO BARRO VERMELHO (COMPLEXO DO LINS),-22.91415759,	-43.27594336,"10/11/2024, 07:00:00",true,true,PM (Coordenadoria de Polícia Pacificadora - CPP),Ação policial,,,false,0,0,0,1,0,0,0,0,0,0,0,0,0,0
68042,"Avenida Ernani Cardoso - Cascadura, Rio de Janeiro - RJ, Brasil",Sudeste,Rio de Janeiro,Rio de Janeiro,CASCADURA,,,-22.8824151,-43.3352074,"10/11/2024, 12:00:00",true,true,PM,Tentativa/Roubo,,,false,0,2,0,0,0,0,0,0,0,0,0,0,0,0
68044,"Av. Pastor Martin Luther King Jr., s/nº - Inhaúma, Rio de Janeiro - RJ, 20765-110, Brasil",Sudeste,Rio de Janeiro,Rio de Janeiro,INHAUMA,,,-22.873814418789635,-43.278406556561286,"10/11/2024, 12:30:00",true,true,BPVE,Ação policial,,Perseguição,false,0,1,0,0,0,0,0,0,0,0,0,0,0,0
68041,"Jardim Carioca, Rio de Janeiro - RJ, Brasil",Sudeste,Rio de Janeiro,Rio de Janeiro,JARDIM CARIOCA,,,-22.8057705,-43.1932173,"10/11/2024, 13:20:00",false,false,,Tiros a esmo,,,false,0,0,0,0,0,0,0,0,0,0,0,0,0,0
68045,"Rua Retiro dos Artistas - Pechincha, Rio de Janeiro - RJ, Brasil",Sudeste,Rio de Janeiro,Rio de Janeiro,PECHINCHA,,,-22.933432,-43.3575941,"11/11/2024, 04:55:00",false,false,,Não identificado,,,false,0,0,0,0,0,0,0,0,0,0,0,0,0,0
68073,"Avenida Ernani Cardoso - Cascadura, Rio de Janeiro - RJ, Brasil",Sudeste,Rio de Janeiro,Rio de Janeiro,CASCADURA,,,-22.8824151,-43.3352074,"11/11/2024, 23:00:00",true,true," 9º BPM",Ação policial,,,false,0,0,0,0,0,0,0,0,0,0,0,0,0,0
68071,"Estrada do Porto Velho, Cidade Alta, Cordovil, Rio de Janeiro - RJ, Brasil",Sudeste,Rio de Janeiro,Rio de Janeiro,CORDOVIL,,CIDADE ALTA (COMPLEXO DE ISRAEL),-22.818024,-43.289494,"12/11/2024, 07:00:00",false,true,,Homicidio/Tentativa,,"Outros,Entrada na Favela por Engano",false,0,1,0,1,0,0,0,0,0,0,0,0,0,0
68075,"Av. Lúcio Costa, Barra da Tijuca, Rio de Janeiro - RJ, 22630-010, Brasil",Sudeste,Rio de Janeiro,Rio de Janeiro,BARRA DA TIJUCA,,,-23.01103593662196,-43.32809696322936,"12/11/2024, 10:30:00",false,false,,Tentativa/Roubo,,,false,0,1,0,0,0,0,0,0,0,0,0,0,0,0
68234,"CICC - Centro Integrado de Comando e Controle - R. Carmo Neto, 172 - Cidade Nova, Rio de Janeiro - RJ, 20210-052, Brasil",Sudeste,Rio de Janeiro,Rio de Janeiro,CIDADE NOVA,,,-22.909182660813972,-43.199646915869145,"12/11/2024, 11:00:00",false,true,PM,Não identificado,,,false,0,0,0,1,0,0,0,0,0,0,0,0,0,0
68080,"Praça Varnhagen - Tijuca, Rio de Janeiro - RJ, Brasil",Sudeste,Rio de Janeiro,Rio de Janeiro,TIJUCA,,,-22.9191137,-43.2341454,"12/11/2024, 15:00:00",false,true,,Tentativa/Roubo,,,false,1,0,0,0,0,0,0,0,0,0,0,0,0,0
68259,"Recreio dos Bandeirantes, Rio de Janeiro - RJ, Brasil",Sudeste,Rio de Janeiro,Rio de Janeiro,RECREIO DOS BANDEIRANTES,,,-23.0178705,-43.4647479,"12/11/2024, 19:00:00",false,false,,Homicidio/Tentativa,,,false,1,0,0,0,0,0,0,0,0,0,0,0,0,0
68091,"Rua Padre Josino Tavares - Bangu, Rio de Janeiro - RJ, Brasil",Sudeste,Rio de Janeiro,Rio de Janeiro,BANGU,,,-22.8877822,-43.4646631,"13/11/2024, 07:00:00",false,false,,Tentativa/Roubo,,,false,0,1,0,0,0,0,0,0,0,0,0,0,0,1
68082,"Quintino Bocaiúva, Rio de Janeiro - RJ, 21311-281, Brasil",Sudeste,Rio de Janeiro,Rio de Janeiro,QUINTINO BOCAIUVA,,,-22.892265434639427,-43.32370969311524,"13/11/2024, 07:10:00",false,false,,Não identificado,,,false,0,0,0,0,0,0,0,0,0,0,0,0,0,0
68093," Pavuna, Rio de Janeiro - RJ, 21532-290, Brasil",Sudeste,Rio de Janeiro,Rio de Janeiro,PAVUNA,,,-22.806233259570497,-43.364636051867684,"13/11/2024, 14:30:00",true,true,41 BPM,Ação policial,,,false,0,1,0,0,0,0,0,0,0,0,0,0,0,0
68094,"Morro dos Macacos - Vila Isabel, Rio de Janeiro - RJ, 20560, Brasil",Sudeste,Rio de Janeiro,Rio de Janeiro,VILA ISABEL,,MORRO DOS MACACOS,-22.91,-43.2575,"13/11/2024, 21:01:00",false,false,,Não identificado,,,false,0,0,0,0,0,0,0,0,0,0,0,0,0,0
68101,"Morro do Urubu - Piedade, Rio de Janeiro - RJ, 20750, Brasil",Sudeste,Rio de Janeiro,Rio de Janeiro,PIEDADE,,MORRO DO URUBU (COMPLEXO DO URUBU),-22.87657404	,-43.30422326,"14/11/2024, 00:00:00",false,false,,Disputa,,,false,0,0,0,0,0,0,0,0,0,0,0,0,0,0
68095,"Morro do Campinho (Complexo do Fubá) - Campinho, Rio de Janeiro - RJ, Brasil",Sudeste,Rio de Janeiro,Rio de Janeiro,CAMPINHO,,MORRO DO CAMPINHO (COMPLEXO DO FUBA),-22.8863009,-43.3389215,"14/11/2024, 01:28:00",false,false,,Não identificado,,,false,0,0,0,0,0,0,0,0,0,0,0,0,0,0
68109,"Avenida Tenente Coronel Muniz de Aragão - Gardênia Azul, Rio de Janeiro - RJ, Brasil",Sudeste,Rio de Janeiro,Rio de Janeiro,GARDENIA AZUL,,,-22.9557417,-43.35341390000001,"14/11/2024, 10:15:00",false,false,,Homicidio/Tentativa,,,false,1,0,0,0,0,0,0,0,0,0,0,0,0,0
68108,"Campinho, Rio de Janeiro - RJ, Brasil",Sudeste,Rio de Janeiro,Rio de Janeiro,CAMPINHO,,,-22.8834352,-43.3538259,"14/11/2024, 13:25:00",false,false,,Não identificado,,,false,0,0,0,0,0,0,0,0,0,0,0,0,0,0
68110,"Campinho, Rio de Janeiro - RJ, Brasil",Sudeste,Rio de Janeiro,Rio de Janeiro,CAMPINHO,,,-22.8834352,-43.3538259,"14/11/2024, 14:30:00",false,false,,Não identificado,,,false,0,0,0,0,0,0,0,0,0,0,0,0,0,0
68113,"Rua João Teles de Menezes - Freguesia (Ilha), Rio de Janeiro - RJ, Brasil",Sudeste,Rio de Janeiro,Rio de Janeiro,FREGUESIA (ILHA),,FAVELA TREMEMBE,-22.7876981,-43.1801949,"14/11/2024, 16:00:00",false,false,,Não identificado,,,false,0,0,0,0,0,0,0,0,0,0,0,0,0,0
68126,"Carobinha - Campo Grande, Rio de Janeiro - RJ, 23097-640, Brasil",Sudeste,Rio de Janeiro,Rio de Janeiro,CAMPO GRANDE,,FAVELA DA CAROBINHA,-22.855164,-43.53284498,"14/11/2024, 18:00:00",false,false,,Não identificado,,,false,0,0,0,0,0,0,0,0,0,0,0,0,0,0
68129,"Morro do Campinho (Complexo do Fubá) - Campinho, Rio de Janeiro - RJ, 21310-420, Brasil",Sudeste,Rio de Janeiro,Rio de Janeiro,CAMPINHO,,MORRO DO CAMPINHO (COMPLEXO DO FUBA),-22.885164377782356,-43.339752176477134,"15/11/2024, 15:10:00",false,false,,Não identificado,,,false,0,0,0,0,0,0,0,0,0,0,0,0,0,0
68144,"Favela Chico City - Jacarepaguá, Rio de Janeiro - RJ, 22765-595, Brasil",Sudeste,Rio de Janeiro,Rio de Janeiro,FREGUESIA (JACAREPAGUA),,CHICO CITY (FAVELA DO CANAL DO ANIL),-22.965827306538994,-43.34831617576306,"16/11/2024, 17:30:00",true,true,"18 BPM ",Ação policial,,,false,0,0,0,0,0,0,0,0,0,0,0,0,0,0
68141,"Favela da Carobinha - Campo Grande, Rio de Janeiro - RJ, 23097-640, Brasil",Sudeste,Rio de Janeiro,Rio de Janeiro,CAMPO GRANDE,,FAVELA DA CAROBINHA,-22.855164,-43.53284498,"16/11/2024, 18:25:00",false,false,,Homicidio/Tentativa,,,false,1,2,0,0,0,0,0,0,0,0,0,0,0,0
68145,"BRT - Guaporé - Av. Brás de Pina - Vila da Penha, Rio de Janeiro - RJ, Brasil",Sudeste,Rio de Janeiro,Rio de Janeiro,BRAS DE PINA,,,-22.8376525,-43.2897278,"17/11/2024, 04:00:00",false,false,,Não identificado,,,false,0,0,0,0,0,0,0,0,0,0,0,0,0,0
68177,"Catiri - Bangu, Rio de Janeiro - RJ, 21863-010, Brasil",Sudeste,Rio de Janeiro,Rio de Janeiro,BANGU,,CATIRI,-22.85319795,-43.47059105,"17/11/2024, 07:00:00",true,true,14 BPM,Ação policial,,,false,0,1,0,0,0,0,0,0,0,0,0,0,0,0
68151,"Linha Amarela - Cidade de Deus, Rio de Janeiro - RJ, 22763-275, Brasil",Sudeste,Rio de Janeiro,Rio de Janeiro,CIDADE DE DEUS,,CIDADE DE DEUS,-22.949732,-43.356823,"17/11/2024, 07:00:00",true,true,"Exército, GAT, 18 BPM ",Ação policial,,,false,0,0,0,0,0,0,0,0,0,0,0,0,0,0
68167,"Taquara, Rio de Janeiro - RJ, Brasil",Sudeste,Rio de Janeiro,Rio de Janeiro,TAQUARA,,,-22.9229954,-43.3742313,"17/11/2024, 12:00:00",false,false,,Homicidio/Tentativa,,Ataques armados sobre rodas,false,1,0,0,0,0,0,0,0,0,0,0,0,0,0
68169,"Tijuca, Rio de Janeiro - RJ, Brasil",Sudeste,Rio de Janeiro,Rio de Janeiro,TIJUCA,,,-22.9324433,-43.2411073,"17/11/2024, 12:00:00",true,true,BTM,Ação policial,,,false,1,0,0,0,0,0,0,0,0,0,0,0,0,0
68146,"Complexo do Lins - Lins de Vasconcelos, Rio de Janeiro - RJ, 20725-140, Brasil",Sudeste,Rio de Janeiro,Rio de Janeiro,LINS DE VASCONCELOS,,COMPLEXO DO LINS,-22.91534468,-43.28452174,"17/11/2024, 12:40:00",false,false,,Não identificado,,,false,0,0,0,0,0,0,0,0,0,0,0,0,0,0
68155,"Estrada da Ligação - Jacarepaguá, Rio de Janeiro - RJ, Brasil",Sudeste,Rio de Janeiro,Rio de Janeiro,JACAREPAGUA,,,-22.9269433,-43.4000223,"17/11/2024, 15:00:00",false,false,,Não identificado,,Ataques armados sobre rodas,false,0,1,0,0,0,0,0,0,0,0,0,0,0,0
68217,"Vargem Grande, Rio de Janeiro - RJ, Brasil",Sudeste,Rio de Janeiro,Rio de Janeiro,VARGEM GRANDE,,,-22.9762943,-43.4941932,"18/11/2024, 19:00:00",false,false,,Homicidio/Tentativa,,,false,1,0,0,0,0,0,0,0,0,0,0,0,0,0
68176,"Cordovil, Rio de Janeiro - RJ, Brasil",Sudeste,Rio de Janeiro,Rio de Janeiro,CORDOVIL,,,-22.8239006,-43.3010908,"18/11/2024, 20:33:00",false,false,,Não identificado,,,false,0,0,0,0,0,0,0,0,0,0,0,0,0,0
68187,"Estrada do Quitungo - Brás de Pina, Rio de Janeiro - RJ, Brasil",Sudeste,Rio de Janeiro,Rio de Janeiro,BRAS DE PINA,,QUITUNGO-GUAPORE,-22.8319059,-43.302209,"19/11/2024, 17:55:00",false,false,,Não identificado,,,false,0,0,0,0,0,0,0,0,0,0,0,0,0,0
68195,"Morro do Banco - Itanhangá, Rio de Janeiro - RJ, 22641-192, Brasil",Sudeste,Rio de Janeiro,Rio de Janeiro,ITANHANGA,,MORRO DO BANCO,-22.98785953,	-43.2964934,"19/11/2024, 20:59:00",true,true,NI,Ação policial,,,false,0,0,0,0,0,0,0,0,0,0,0,0,0,0
68193,"Morro do Borel - Tijuca, Rio de Janeiro - RJ, 20530-400, Brasil",Sudeste,Rio de Janeiro,Rio de Janeiro,TIJUCA,,MORRO DO BOREL,-22.93921421318162,-43.251684377869864,"19/11/2024, 21:11:00",false,false,,Não identificado,,,false,0,0,0,0,0,0,0,0,0,0,0,0,0,0
68192,"Villa Guanabara - Rua Ourique - Brás de Pina, Rio de Janeiro - RJ, Brasil",Sudeste,Rio de Janeiro,Rio de Janeiro,BRAS DE PINA,,VILLA GUANABARA,-22.824241,-43.2827951,"20/11/2024, 03:15:00",true,true,BOPE,Ação policial,,,false,0,0,0,0,0,0,0,0,0,0,0,0,0,0
68194,"Praia da Bandeira, Rio de Janeiro - RJ, Brasil",Sudeste,Rio de Janeiro,Rio de Janeiro,PRAIA DA BANDEIRA,,,-22.8098498,-43.1793597,"20/11/2024, 06:39:00",false,false,,Não identificado,,,false,0,0,0,0,0,0,0,0,0,0,0,0,0,0
68196,"Cancela Preta - Bangu, Rio de Janeiro - RJ, 21863-451, Brasil",Sudeste,Rio de Janeiro,Rio de Janeiro,PADRE MIGUEL,,CANCELA PRETA,-22.85901588498264,-43.45340161775207,"20/11/2024, 08:50:00",false,false,,Não identificado,,,false,0,0,0,0,0,0,0,0,0,0,0,0,0,0
68203,"Rua Hélio do Amaral - Padre Miguel, Rio de Janeiro - RJ, Brasil",Sudeste,Rio de Janeiro,Rio de Janeiro,PADRE MIGUEL,,,-22.858779,-43.447081,"20/11/2024, 11:00:00",true,true,14º BPM,Ação policial,,,false,0,0,0,0,0,0,0,0,0,0,0,0,0,0
68212,"Morro dos Macacos - Vila Isabel, Rio de Janeiro - RJ, 20560, Brasil",Sudeste,Rio de Janeiro,Rio de Janeiro,VILA ISABEL,,MORRO DOS MACACOS,-22.91,-43.2575,"20/11/2024, 21:01:00",false,false,,Não identificado,,,false,0,0,0,0,0,0,0,0,0,0,0,0,0,0
68222,"Rua Correio Brasiliense - Guaratiba, Rio de Janeiro - RJ, Brasil",Sudeste,Rio de Janeiro,Rio de Janeiro,GUARATIBA,,,-22.9467842,-43.5942218,"21/11/2024, 09:00:00",false,false,,Homicidio/Tentativa,,Ataques armados sobre rodas,false,1,0,0,0,0,0,0,0,0,0,0,0,0,0
68229,"Rua Silva Rabêlo - Méier, Rio de Janeiro - RJ, Brasil",Sudeste,Rio de Janeiro,Rio de Janeiro,MEIER,,,-22.8999136,-43.2814755,"21/11/2024, 16:30:00",true,true,03º BPM,Ação policial,,,false,0,1,0,0,0,0,0,0,0,0,0,0,0,0
68238,"Árvore Seca - Lins de Vasconcelos, Rio de Janeiro - RJ, 20715, Brasil",Sudeste,Rio de Janeiro,Rio de Janeiro,LINS DE VASCONCELOS,,ARVORE SECA (COMPLEXO DO LINS),-22.91593994,-43.27922888,"22/11/2024, 08:00:00",false,false,,Não identificado,,,false,0,0,0,0,0,0,0,0,0,0,0,0,0,0
68237,"Morro São João - Engenho Novo, Rio de Janeiro - RJ, 20950-370, Brasil",Sudeste,Rio de Janeiro,Rio de Janeiro,ENGENHO NOVO,,MORRO SAO JOAO,-22.90860304,	-43.26500038,"22/11/2024, 08:31:00",false,false,,Não identificado,,,false,0,0,0,0,0,0,0,0,0,0,0,0,0,0
68235,"Rua Conde de Bonfim, 40 - Tijuca, Rio de Janeiro - RJ, Brasil",Sudeste,Rio de Janeiro,Rio de Janeiro,TIJUCA,,,-22.9227648,-43.2231398,"22/11/2024, 08:35:00",true,true,Tijuca Presente,Tentativa/Roubo,,,false,0,1,0,0,0,0,0,0,0,0,0,0,0,0
68245,"Rua Mogiqui - Costa Barros, Rio de Janeiro - RJ, Brasil",Sudeste,Rio de Janeiro,Rio de Janeiro,COSTA BARROS,,MORRO DO CHAPADAO (COMPLEXO DO CHAPADAO),-22.8225501,-43.3704118,"22/11/2024, 13:00:00",true,true,41 BPM,Ação policial,,,false,0,1,0,0,0,0,0,0,0,0,0,0,0,0
68244,"Morro Jorge Turco - Coelho Neto, Rio de Janeiro - RJ, 21545-360, Brasil",Sudeste,Rio de Janeiro,Rio de Janeiro,COELHO NETO,,MORRO JORGE TURCO,-22.83831622	,-43.34490657,"22/11/2024, 17:00:00",true,true,9 BPM,Ação policial,,,false,0,1,0,0,0,0,0,0,0,0,0,0,0,0
68255,"Rio das Pedras - Itanhangá, Rio de Janeiro - RJ, Brasil",Sudeste,Rio de Janeiro,Rio de Janeiro,ITANHANGA,,RIO DAS PEDRAS,-22.9899253,-43.3216369,"23/11/2024, 01:30:00",false,false,,Disputa,,,false,0,0,0,0,0,0,0,0,0,0,0,0,0,0
68256,"Rio das Pedras - Itanhangá, Rio de Janeiro - RJ, Brasil",Sudeste,Rio de Janeiro,Rio de Janeiro,ITANHANGA,,RIO DAS PEDRAS,-22.9899253,-43.3216369,"23/11/2024, 03:30:00",true,true,"18BPM,  2º Comando de Policiamento de Área (2° CPA), do Batalhão de Operações de Policiais Especiais (BOPE) e Batalhão de Rondas Especiais e Controle de Multidão (RECOM)",Disputa,,,false,1,1,0,0,0,0,0,0,0,0,0,0,0,0
68257,"Av. Paulo de Frontin - Rio Comprido, Rio de Janeiro - RJ, 20261-241, Brasil",Sudeste,Rio de Janeiro,Rio de Janeiro,RIO COMPRIDO,,,-22.93159867708883,-43.20903912446746,"23/11/2024, 08:30:00",true,true,04º BPM,Arrastão,,,false,0,0,0,0,0,0,0,0,0,0,0,0,0,0
68258,"Estrada Bougainville - Jacarepaguá, Rio de Janeiro - RJ, Brasil",Sudeste,Rio de Janeiro,Rio de Janeiro,JACAREPAGUA,,,-22.9703412,-43.3256186,"23/11/2024, 11:39:00",true,true,18° BPM,Ação policial,,,false,0,1,0,0,0,0,0,0,0,0,0,0,0,0
68265,"Avenida Brasil - Guadalupe, Rio de Janeiro - RJ, Brasil",Sudeste,Rio de Janeiro,Rio de Janeiro,GUADALUPE,,,-22.8427743,-43.3733091,"23/11/2024, 13:30:00",true,true,NI,Tentativa/Roubo,,,false,2,0,0,0,0,0,0,0,0,0,0,0,0,0
68270,"Favela da Carobinha - Campo Grande, Rio de Janeiro - RJ, 23097-640, Brasil",Sudeste,Rio de Janeiro,Rio de Janeiro,CAMPO GRANDE,,FAVELA DA CAROBINHA,-22.855164,	-43.53284498,"23/11/2024, 19:00:00",false,false,,Ataque a civis,,,false,0,2,0,0,0,0,0,0,0,1,0,0,0,0
68261,"Estrada do Gericino - Bangu, Rio de Janeiro - RJ, 21853-000, Brasil",Sudeste,Rio de Janeiro,Rio de Janeiro,GERICINO,,CATIRI,-22.842289142861873,-43.471817322723396,"23/11/2024, 21:02:00",true,true,14º BPM,Ação policial,,,false,0,0,0,0,0,0,0,0,0,0,0,0,0,0
68260,"Morro dos Macacos - Vila Isabel, Rio de Janeiro - RJ, 20560, Brasil",Sudeste,Rio de Janeiro,Rio de Janeiro,VILA ISABEL,,MORRO DOS MACACOS,-22.91,-43.2575,"23/11/2024, 21:03:00",false,false,,Não identificado,,,false,0,0,0,0,0,0,0,0,0,0,0,0,0,0
68274,"Avenida Monsenhor Félix - Irajá, Rio de Janeiro - RJ, Brasil",Sudeste,Rio de Janeiro,Rio de Janeiro,IRAJA,,,-22.8454609,-43.3239268,"24/11/2024, 08:00:00",true,true,03º BPM,Tentativa/Roubo,,Perseguição,false,0,0,0,0,0,0,0,0,0,0,0,0,0,0
68319,"R. Eng. Francelino Mota - Vista Alegre, Rio de Janeiro - RJ, Brasil",Sudeste,Rio de Janeiro,Rio de Janeiro,VISTA ALEGRE,,,-22.8320572,-43.3079273,"24/11/2024, 12:00:00",false,false,,Tentativa/Roubo,,,false,0,0,0,0,0,0,0,0,0,0,0,0,0,0
68268,"Avenida Pastor Martin Luther King Junior - Inhaúma, Rio de Janeiro - RJ, Brasil",Sudeste,Rio de Janeiro,Rio de Janeiro,INHAUMA,,,-22.8745095,-43.2826229,"24/11/2024, 14:00:00",true,true,3 BPM,Tentativa/Roubo,,Perseguição,false,0,0,0,0,0,0,0,0,0,0,0,0,0,0
68269,"Rio das Pedras, Itanhangá - Rio de Janeiro - RJ, Brasil",Sudeste,Rio de Janeiro,Rio de Janeiro,ITANHANGA,,RIO DAS PEDRAS,-22.9899253,-43.3216369,"24/11/2024, 17:00:00",false,false,,Disputa,,,false,1,0,0,0,0,0,0,0,0,0,0,0,0,0
68306,"Rua Recife - Realengo, Rio de Janeiro - RJ, Brasil",Sudeste,Rio de Janeiro,Rio de Janeiro,REALENGO,,,-22.8630897,-43.4367716,"25/11/2024, 08:55:00",false,false,,Sequestro/Cárcere Privado,,,false,0,1,0,0,0,0,0,0,0,0,0,0,0,0
68307,"Complexo do Chapadão - Costa Barros, Rio de Janeiro - RJ, 21655-330, Brasil",Sudeste,Rio de Janeiro,Rio de Janeiro,COSTA BARROS,,MORRO DO CHAPADAO (COMPLEXO DO CHAPADAO),-22.823311532036477,-43.384425986230475,"25/11/2024, 11:00:00",true,true,41 BPM,Tentativa/Roubo,,,false,0,1,0,1,0,0,0,0,0,0,0,0,0,0
68308,"Linha Amarela - Bonsucesso, Rio de Janeiro - RJ, Brasil",Sudeste,Rio de Janeiro,Rio de Janeiro,BONSUCESSO,,,-22.8716509,-43.2562752,"26/11/2024, 07:00:00",false,false,,Tentativa/Roubo,,,false,0,1,0,0,0,0,0,0,0,0,0,0,0,0
68314,"Rio das Pedras, Rio de Janeiro - RJ, Brasil",Sudeste,Rio de Janeiro,Rio de Janeiro,ITANHANGA,,RIO DAS PEDRAS,-22.9899253,-43.3216369,"26/11/2024, 12:00:00",false,false,,Homicidio/Tentativa,,,false,2,0,0,0,0,0,0,0,0,0,0,0,0,0
68320,"Av. Prof. Plínio Bastos - Olaria, Rio de Janeiro - RJ, Brasil",Sudeste,Rio de Janeiro,Rio de Janeiro,OLARIA,,,-22.8385634,-43.265314,"26/11/2024, 15:00:00",false,true,,Tentativa/Roubo,,,false,0,1,0,0,0,0,0,0,0,0,0,0,0,0
68317,"Av. Pastor Martin Luther King Jr. - Colégio, Rio de Janeiro - RJ, Brasil",Sudeste,Rio de Janeiro,Rio de Janeiro,COLEGIO,,,-22.8410221,-43.3367374,"27/11/2024, 01:28:00",true,true,41º BPM,Ação policial,,,false,0,1,0,0,0,0,0,0,0,0,0,0,0,0
68318,"Morro do São Carlos - Catumbi, Rio de Janeiro - RJ, 20211-320, Brasil",Sudeste,Rio de Janeiro,Rio de Janeiro,CATUMBI,,MORRO DO SAO CARLOS (COMPLEXO DO SAO CARLOS),-22.91971600113208,-43.19889141219848,"27/11/2024, 03:12:00",true,true,NI,Operação policial,,,false,0,0,0,0,0,0,0,0,0,0,0,0,0,0
68323,"Linha Amarela - Saída 9 - Bonsucesso, Rio de Janeiro - RJ, Brasil",Sudeste,Rio de Janeiro,Rio de Janeiro,BONSUCESSO,,,-22.8705328,-43.2489937,"27/11/2024, 05:00:00",true,true,39º BPM,Tentativa/Roubo,,,false,0,1,0,1,0,0,0,0,0,0,0,0,0,0
68349,"Rua Nilópolis - Realengo, Rio de Janeiro - RJ, Brasil",Sudeste,Rio de Janeiro,Rio de Janeiro,REALENGO,,,-22.8647392,-43.4422434,"27/11/2024, 12:00:00",false,true,,Homicidio/Tentativa,,Ataques armados sobre rodas,false,0,0,1,0,0,0,0,0,0,0,0,0,0,0
68340,"Vila Kennedy - Vila Kennedy, Rio de Janeiro - RJ, 21840-526, Brasil",Sudeste,Rio de Janeiro,Rio de Janeiro,VILA KENNEDY,,VILA KENNEDY,-22.858072076505227,-43.47610629475097,"27/11/2024, 14:00:00",true,true,14 BPM,Ação policial,,,false,0,3,0,0,0,0,0,0,0,0,0,0,0,0
68338,"Rua Abaíra - Brás de Pina, Rio de Janeiro - RJ, Brasil",Sudeste,Rio de Janeiro,Rio de Janeiro,BRAS DE PINA,,,-22.827637,-43.2916866,"27/11/2024, 16:14:00",false,false,,Não identificado,,,false,0,0,0,0,0,0,0,0,0,0,0,0,0,0
68352,"Complexo do Lins - Lins de Vasconcelos, Rio de Janeiro - RJ, 20725-140, Brasil",Sudeste,Rio de Janeiro,Rio de Janeiro,LINS DE VASCONCELOS,,COMPLEXO DO LINS,-22.91534468,-43.28452174,"28/11/2024, 08:13:00",false,false,,Não identificado,,,false,0,0,0,0,0,0,0,0,0,0,0,0,0,0
68359,"Rio das Pedras - Itanhangá, Rio de Janeiro - RJ, Brasil",Sudeste,Rio de Janeiro,Rio de Janeiro,ITANHANGA,,RIO DAS PEDRAS,-22.9899253,-43.3216369,"28/11/2024, 16:00:00",false,false,,Disputa,,Bar,false,1,2,0,0,0,0,0,0,0,0,0,0,0,0
68382,"Rua Carlos de Oliveira - Abolição, Rio de Janeiro - RJ, Brasil",Sudeste,Rio de Janeiro,Rio de Janeiro,ABOLICAO,,,-22.8863241,-43.3001851,"28/11/2024, 17:00:00",false,false,,Homicidio/Tentativa,,Ataques armados sobre rodas,false,1,0,0,0,0,0,0,0,0,0,0,0,0,0
68364,"Complexo da Pedreira - Costa Barros, Rio de Janeiro - RJ, 21515-570, Brasil",Sudeste,Rio de Janeiro,Rio de Janeiro,COSTA BARROS,,COMPLEXO DA PEDREIRA,-22.82425288,	-43.36809439,"29/11/2024, 06:48:00",true,true,41º BPM,Tentativa/Roubo de cargas,,,false,0,1,0,0,0,0,0,0,0,0,0,0,0,0
68372,"R. Carobinha, Campo Grande, Rio de Janeiro - RJ, 23097-600, Brasil",Sudeste,Rio de Janeiro,Rio de Janeiro,CAMPO GRANDE,,FAVELA DA CAROBINHA,-22.85520656995241,-43.5333080926444,"29/11/2024, 12:30:00",false,false,,Homicidio/Tentativa,,,false,1,0,0,0,0,0,0,0,0,0,0,0,0,0
68377,"Rua Capitao Resende - Cachambi, Rio de Janeiro - RJ, Brasil",Sudeste,Rio de Janeiro,Rio de Janeiro,CACHAMBI,,,-22.8971452,-43.2720158,"29/11/2024, 15:35:00",false,true,,Tentativa/Roubo,,,false,0,1,0,0,0,0,0,0,0,0,0,0,0,0
68378,"Rua Francisca Júlia - Anil, Rio de Janeiro - RJ, Brasil",Sudeste,Rio de Janeiro,Rio de Janeiro,ANIL,,,-22.9531126,-43.3332634,"30/11/2024, 00:00:00",false,false,,Homicidio/Tentativa,,,false,1,0,0,0,0,0,0,0,0,0,0,0,0,0
68383,"Cancela Preta - Padre Miguel, Rio de Janeiro - RJ, 21725-020, Brasil",Sudeste,Rio de Janeiro,Rio de Janeiro,PADRE MIGUEL,,CANCELA PRETA,-22.8585018	,-43.449786,"30/11/2024, 12:48:00",false,false,,Disputa,,,false,0,0,0,0,0,0,0,0,0,0,0,0,0,0
68389,"Catiri - Bangu, Rio de Janeiro - RJ, 21862-005, Brasil",Sudeste,Rio de Janeiro,Rio de Janeiro,BANGU,,CATIRI,-22.857913152037163,-43.47206177125825,"30/11/2024, 14:00:00",false,false,,Homicidio/Tentativa,,Ataques armados sobre rodas,false,2,0,0,0,0,0,0,0,0,0,0,0,0,0
68387,"Morro dos Macacos - Vila Isabel, Rio de Janeiro - RJ, 20551-630, Brasil",Sudeste,Rio de Janeiro,Rio de Janeiro,VILA ISABEL,,MORRO DOS MACACOS,-22.91189634,-43.25524243,"30/11/2024, 23:23:00",false,false,,Não identificado,,,false,0,0,0,0,0,0,0,0,0,0,0,0,0,0
68447,"Rua Samoa - Vila da Penha, Rio de Janeiro - RJ, Brasil",Sudeste,Rio de Janeiro,Rio de Janeiro,VILA DA PENHA,,,-22.8446262,-43.315456,"01/12/2024, 07:00:00",false,true,,Tentativa/Roubo,,,false,1,0,0,0,0,0,0,0,0,0,0,0,0,0
68487,"Guaratiba, Rio de Janeiro - RJ, Brasil",Sudeste,Rio de Janeiro,Rio de Janeiro,GUARATIBA,,,-22.9611952,-43.6120746,"01/12/2024, 15:00:00",false,false,,Disputa,,,false,0,0,0,0,0,0,0,0,0,0,0,0,0,0
68422,"Avenida Brasil - Penha, Rio de Janeiro - RJ, Brasil",Sudeste,Rio de Janeiro,Rio de Janeiro,PENHA,,,-22.8294072,-43.2710391,"02/12/2024, 12:00:00",true,true,Batalhão de Policiamento em Vias Expressas (BPVE),Tentativa/Roubo,,,false,0,2,0,0,0,0,0,0,0,0,0,0,0,0
68470,"Tijuca, Rio de Janeiro - RJ, Brasil",Sudeste,Rio de Janeiro,Rio de Janeiro,TIJUCA,,,-22.9324433,-43.2411073,"02/12/2024, 22:34:00",false,false,,Tentativa/Roubo,,,false,0,0,0,0,0,0,0,0,0,0,0,0,0,0
68423,"Complexo da Penha - Penha, Rio de Janeiro - RJ, 21070-470, Brasil",Sudeste,Rio de Janeiro,Rio de Janeiro,PENHA,,COMPLEXO DA PENHA,-22.84557517	,-43.28296391,"03/12/2024, 02:20:00",true,true,"PC, PM",Operação policial,,,false,0,0,0,0,0,0,0,0,0,0,0,0,0,0
68426,"Complexo da Penha - Penha, Rio de Janeiro - RJ, 21070-470, Brasil",Sudeste,Rio de Janeiro,Rio de Janeiro,PENHA,,COMPLEXO DA PEDREIRA,-22.84557517	,-43.28296391,"03/12/2024, 02:55:00",true,true,"PM, PC",Operação policial,,,false,0,0,0,0,0,0,0,0,0,0,0,0,0,0
68425,"Complexo da Penha - Penha, Rio de Janeiro - RJ, 21070-470, Brasil",Sudeste,Rio de Janeiro,Rio de Janeiro,PENHA,,COMPLEXO DA PENHA,-22.84557517	,-43.28296391,"03/12/2024, 03:30:00",true,true,"PC (DRE, DGPE, DGPC, DGPB, DGPI, SSINTE, CORE, PM, COE, BOPE, BPChq, BAC, GAM, GAECO/MP)",Operação policial,,,false,2,3,0,1,0,0,0,0,0,0,0,0,0,1
68439,"Rua Petrocochino - Vila Isabel, Rio de Janeiro - RJ, Brasil",Sudeste,Rio de Janeiro,Rio de Janeiro,VILA ISABEL,,MORRO DOS MACACOS,-22.9155371,-43.2545693,"03/12/2024, 10:00:00",false,false,,Ataque a civis,,Ataques armados sobre rodas,false,1,2,0,0,0,0,0,0,0,0,0,0,0,0
68440,"Morro da Fé (Complexo da Penha) - Penha, Rio de Janeiro - RJ, 21210-154, Brasil",Sudeste,Rio de Janeiro,Rio de Janeiro,PENHA,,MORRO DA FE (COMPLEXO DA PENHA),-22.84466841	,-43.29477785,"03/12/2024, 14:50:00",false,false,,Não identificado,,,false,0,0,0,0,0,0,0,0,0,0,0,0,0,0
68441,"Chatuba (Complexo da Penha) - Penha, Rio de Janeiro - RJ, 21070-820, Brasil",Sudeste,Rio de Janeiro,Rio de Janeiro,PENHA,,CHATUBA (COMPLEXO DA PENHA),-22.84608063	,-43.29068943,"03/12/2024, 16:10:00",false,false,,Não identificado,,,false,0,0,0,0,0,0,0,0,0,0,0,0,0,0
68445,"R. Orica - Brás de Pina, Rio de Janeiro - RJ, 21215-260, Brasil",Sudeste,Rio de Janeiro,Rio de Janeiro,BRAS DE PINA,,QUITUNGO-GUAPORE,-22.8304039,-43.2960944,"03/12/2024, 16:30:00",false,true,,Não identificado,,,false,0,0,1,0,0,0,0,0,0,0,0,0,0,0
68449,"Rua Quito - Penha, Rio de Janeiro - RJ, Brasil",Sudeste,Rio de Janeiro,Rio de Janeiro,PENHA,,,-22.8382446,-43.2752961,"03/12/2024, 18:00:00",true,true,NI,Tentativa/Roubo,,,false,0,1,0,0,0,0,0,0,0,0,0,0,0,0
68477,"Avenida Tenente Coronel Muniz de Aragão - Anil, Rio de Janeiro - RJ, 22765-003, Brasil",Sudeste,Rio de Janeiro,Rio de Janeiro,ANIL,,,-22.951918681282955,-43.34309135739441,"03/12/2024, 20:00:00",false,true,,Tentativa/Roubo,,,false,0,0,0,0,0,0,0,0,0,0,0,0,0,0
68476,"Rua Retiro dos Artistas - Pechincha, Rio de Janeiro - RJ, Brasil",Sudeste,Rio de Janeiro,Rio de Janeiro,PECHINCHA,,,-22.933432,-43.3575941,"03/12/2024, 22:00:00",false,false,,Tentativa/Roubo,,,false,0,0,0,0,0,0,0,0,0,0,0,0,0,0
68466,"Favela do Batan - Realengo, Rio de Janeiro - RJ, 21730-410, Brasil",Sudeste,Rio de Janeiro,Rio de Janeiro,REALENGO,,BATAN,-22.86244519,-43.42516286,"04/12/2024, 11:00:00",true,true,"14 BPM ",Ação policial,,,false,0,1,0,0,0,0,0,0,0,0,0,0,0,0
68469,"Rua Leopoldo Bulhões - Benfica, Rio de Janeiro - RJ, Brasil",Sudeste,Rio de Janeiro,Rio de Janeiro,MANGUINHOS,,COMPLEXO DE MANGUINHOS,-22.8868601,-43.2476432,"04/12/2024, 12:00:00",true,true,UPP Manguinhos,Tentativa/Roubo de cargas,,,false,0,0,0,0,0,0,0,0,0,0,0,0,0,0
68471,"Morro do Adeus - Complexo do Alemão, Rio de Janeiro - RJ, 21061-600, Brasil",Sudeste,Rio de Janeiro,Rio de Janeiro,COMPLEXO DO ALEMAO,,MORRO DO ADEUS (COMPLEXO DO ALEMAO),-22.864810756498127,-43.26236514677063,"04/12/2024, 15:20:00",false,false,,Não identificado,,,false,0,0,0,0,0,0,0,0,0,0,0,0,0,0
68502,"Estrada dos Palmares - Santa Cruz, Rio de Janeiro - RJ, Brasil",Sudeste,Rio de Janeiro,Rio de Janeiro,SANTA CRUZ,,,-22.8781526,-43.6490295,"05/12/2024, 17:00:00",false,false,,Ataque a civis,,,false,0,2,0,0,0,0,0,0,0,0,0,0,0,0
68486,"Favela do Guarda - Del Castilho, Rio de Janeiro - RJ, 20760-070, Brasil",Sudeste,Rio de Janeiro,Rio de Janeiro,DEL CASTILHO,,FAVELA DO GUARDA (OU PARQUE UNIAO DE DEL CASTILHO),-22.8807534	,-43.2786469,"05/12/2024, 17:30:00",false,false,,Disputa,,Ataques armados sobre rodas,false,1,1,0,0,0,0,0,0,0,0,1,0,0,0
68496,"Morro do Fubá - Cascadura, Rio de Janeiro - RJ, 21311-130, Brasil",Sudeste,Rio de Janeiro,Rio de Janeiro,CASCADURA,,MORRO DO FUBA (COMPLEXO DO FUBA),-22.892324971301786,-43.33377861518315,"06/12/2024, 09:33:00",false,false,,Disputa,,,false,0,0,0,0,0,0,0,0,0,0,0,0,0,0
68509,"Gardênia Azul, Rio de Janeiro - RJ, Brasil",Sudeste,Rio de Janeiro,Rio de Janeiro,GARDENIA AZUL,,,-22.9582037,-43.3529536,"06/12/2024, 20:00:00",false,false,,Ataque a civis,,Ataques armados sobre rodas,false,0,3,0,0,0,0,0,0,0,2,0,0,0,0
68688,"Morro do Banco, Rio de Janeiro - RJ, Brasil",Sudeste,Rio de Janeiro,Rio de Janeiro,ITANHANGA,,MORRO DO BANCO,-22.9877709,-43.2950513,"07/12/2024, 17:00:00",true,true,BOPE,Ação policial,,,false,1,0,0,0,0,0,0,0,0,0,1,0,0,0
68517,"R. Piranguinho - Bangu, Rio de Janeiro - RJ, 21863-360, Brasil",Sudeste,Rio de Janeiro,Rio de Janeiro,BANGU,,,-22.8501051,-43.466215,"07/12/2024, 18:35:00",false,false,,Não identificado,,,false,0,0,0,0,0,0,0,0,0,0,0,0,0,0
68529,"Av. Brasil - Ramos, Rio de Janeiro - RJ, 20940-070, Brasil",Sudeste,Rio de Janeiro,Rio de Janeiro,RAMOS,,,-22.8428497822126,-43.25094293414613,"08/12/2024, 17:00:00",true,true,BPVE,Tentativa/Roubo,,,false,0,0,0,0,0,0,0,0,0,0,0,0,0,0
68528,"Catiri - Bangu, Rio de Janeiro - RJ, Brasil",Sudeste,Rio de Janeiro,Rio de Janeiro,BANGU,,CATIRI,-22.8579082,-43.4720611,"08/12/2024, 17:00:00",true,true,14 BPM,Ação policial,,,false,0,2,0,0,0,0,0,0,0,0,0,0,0,0
68533,"Rua Guatemala - Penha, Rio de Janeiro - RJ, Brasil",Sudeste,Rio de Janeiro,Rio de Janeiro,PENHA,,,-22.8315619,-43.2758748,"08/12/2024, 18:00:00",false,false,,Tentativa/Roubo,,,false,1,0,0,0,0,0,0,0,0,0,0,0,0,0
68535,"Vila do Pinheiro, Via C Sete - Complexo da Maré, Rio de Janeiro - RJ, Brasil",Sudeste,Rio de Janeiro,Rio de Janeiro,MARE,,VILA DO PINHEIRO (COMPLEXO DA MARE),-22.8638956,-43.2373859,"09/12/2024, 02:20:00",true,true,"DRFA, DRFC, CORE, BOPE",Operação policial,,,false,0,0,0,0,0,0,0,0,0,0,0,0,0,0
68532,"Nova Holanda - Complexo da Maré, Rio de Janeiro - RJ, 21042-680, Brasil",Sudeste,Rio de Janeiro,Rio de Janeiro,MARE,,NOVA HOLANDA (COMPLEXO DA MARE),-22.854406807321805,-43.24160375791933,"09/12/2024, 03:20:00",true,true,"DRFA, DRFC, CORE, BOPE",Operação policial,,,true,4,2,0,0,0,0,0,0,0,0,0,0,0,0
68534,"Vila do Pinheiro, Via C Sete -  Complexo da Maré, Rio de Janeiro - RJ, Brasil",Sudeste,Rio de Janeiro,Rio de Janeiro,MARE,,VILA DO PINHEIRO (COMPLEXO DA MARE),-22.8638956,-43.2373859,"09/12/2024, 03:56:00",true,true,"DRFA, DRFC, CORE, BOPE",Operação policial,,,false,0,0,0,0,0,0,0,0,0,0,0,0,0,0
68539,"Campo do Final Feliz - Complexo do Chapadão - Anchieta, Rio de Janeiro - RJ, Brasil",Sudeste,Rio de Janeiro,Rio de Janeiro,ANCHIETA,,MORRO DO FINAL FELIZ (COMPLEXO DO CHAPADAO),-22.8262296,-43.387464,"09/12/2024, 06:30:00",true,true,41º BPM,Ação policial,,,false,0,1,0,0,0,0,0,0,0,0,0,0,0,0
68543,"Via A Um - Maré, Rio de Janeiro - RJ, Brasil",Sudeste,Rio de Janeiro,Rio de Janeiro,MARE,,VILA DO JOAO (COMPLEXO DA MARE),-22.8697667,-43.2378712,"09/12/2024, 09:35:00",true,true,"DRFA, DRFC, CORE, BOPE",Operação policial,,,false,0,0,0,0,0,0,0,0,0,0,0,0,0,0
68547,"Via C-4 - Maré, Rio de Janeiro - RJ, Brasil",Sudeste,Rio de Janeiro,Rio de Janeiro,MARE,,VILA DO PINHEIRO (COMPLEXO DA MARE),-22.8667408,-43.2356033,"09/12/2024, 11:39:00",true,true,"DRFA, DRFC, CORE, BOPE",Operação policial,,,false,0,0,0,0,0,0,0,0,0,0,0,0,0,0
68554,"Morro dos Macacos - Vila Isabel, Rio de Janeiro - RJ, 20560, Brasil",Sudeste,Rio de Janeiro,Rio de Janeiro,VILA ISABEL,,MORRO DOS MACACOS,-22.912120367191513,-43.25322853494873,"09/12/2024, 19:05:00",false,false,,Disputa,,,false,0,2,0,0,0,0,0,0,0,0,0,0,0,0
68557,"Morro dos Macacos - Vila Isabel, Rio de Janeiro - RJ, 20551-630, Brasil",Sudeste,Rio de Janeiro,Rio de Janeiro,VILA ISABEL,,MORRO DOS MACACOS,-22.91189634,-43.25524243,"10/12/2024, 02:40:00",false,false,,Disputa,,,false,0,0,0,0,0,0,0,0,0,0,0,0,0,0
68563,"Hospital Marcilio Dias - Rua César Zama - Lins de Vasconcelos, Rio de Janeiro - RJ, Brasil",Sudeste,Rio de Janeiro,Rio de Janeiro,LINS DE VASCONCELOS,,COMPLEXO DO LINS,-22.9139074,-43.2833747,"10/12/2024, 07:00:00",true,true,UPP,Operação policial,,,false,0,0,1,0,0,0,0,0,0,0,0,0,0,0
68573,"Morro dos Macacos - Vila Isabel, Rio de Janeiro - RJ, 20551-630, Brasil",Sudeste,Rio de Janeiro,Rio de Janeiro,VILA ISABEL,,MORRO DOS MACACOS,-22.910815888889964,-43.25760590006104,"10/12/2024, 20:44:00",false,false,,Não identificado,,,false,0,0,0,0,0,0,0,0,0,0,0,0,0,0
68575,"Morro dos Macacos, Vila Isabel - Rio de Janeiro, RJ, Brasil",Sudeste,Rio de Janeiro,Rio de Janeiro,VILA ISABEL,,MORRO DOS MACACOS,-22.910810364086664,-43.258487052917474,"10/12/2024, 23:00:00",false,false,,Disputa,,,false,0,0,0,0,0,0,0,0,0,0,0,0,0,0
68583,"Rua Guaraúna - Vicente de Carvalho, Rio de Janeiro - RJ, Brasil",Sudeste,Rio de Janeiro,Rio de Janeiro,VICENTE DE CARVALHO,,,-22.8549038,-43.3154668,"11/12/2024, 09:00:00",false,false,,Não identificado,,Ataques armados sobre rodas,false,1,1,0,0,0,0,0,0,0,1,0,0,0,0
68595,"Areal - Rio das Pedras - Jacarepaguá, Rio de Janeiro - RJ, Brasil",Sudeste,Rio de Janeiro,Rio de Janeiro,JACAREPAGUA,,RIO DAS PEDRAS,-22.976653,-43.3366495,"11/12/2024, 14:00:00",false,false,,Homicidio/Tentativa,,,false,1,0,0,0,0,0,0,0,0,0,1,0,0,0
68587,"Morro dos Macacos - Vila Isabel, Rio de Janeiro - RJ, 20551-232, Brasil",Sudeste,Rio de Janeiro,Rio de Janeiro,VILA ISABEL,,MORRO DOS MACACOS,-22.912359021718405,-43.25543885665284,"11/12/2024, 16:30:00",false,false,,Disputa,,,false,0,0,0,0,0,0,0,0,0,0,0,0,0,0
68589,"Morro dos Macacos - Vila Isabel, Rio de Janeiro - RJ, 20560, Brasil",Sudeste,Rio de Janeiro,Rio de Janeiro,VILA ISABEL,,MORRO DOS MACACOS,-22.91227996292391,-43.253035597375494,"11/12/2024, 17:59:00",false,false,,Disputa,,,false,0,0,0,0,0,0,0,0,0,0,0,0,0,0
68590,"Morro dos Macacos - Vila Isabel, Rio de Janeiro - RJ, 20560, Brasil",Sudeste,Rio de Janeiro,Rio de Janeiro,VILA ISABEL,,MORRO DOS MACACOS,-22.909908177649584,-43.25655465560303,"11/12/2024, 18:34:00",false,false,,Disputa,,,false,0,0,0,0,0,0,0,0,0,0,0,0,0,0
68591,"Morro do Adeus - Complexo do Alemão, Rio de Janeiro - RJ, Brasil",Sudeste,Rio de Janeiro,Rio de Janeiro,COMPLEXO DO ALEMAO,,MORRO DO ADEUS (COMPLEXO DO ALEMAO),-22.8648338,-43.2617645,"11/12/2024, 19:23:00",false,false,,Não identificado,,,false,0,0,0,0,0,0,0,0,0,0,0,0,0,0
68593,"Morro dos Macacos - Vila Isabel, Rio de Janeiro - RJ, Brasil",Sudeste,Rio de Janeiro,Rio de Janeiro,VILA ISABEL,,MORRO DOS MACACOS,-22.91,-43.2575,"11/12/2024, 21:30:00",false,false,,Disputa,,,false,0,0,0,0,0,0,0,0,0,0,0,0,0,0
68604,"Avenida Brasil - Bangu, Rio de Janeiro - RJ, Brasil",Sudeste,Rio de Janeiro,Rio de Janeiro,BANGU,,,-22.8553624,-43.4881302,"12/12/2024, 08:00:00",false,false,,Homicidio/Tentativa,,,false,1,0,0,0,0,0,0,0,0,0,0,0,0,0
68608,"Rua Cândido de Oliveira - Rio Comprido, Rio de Janeiro - RJ, Brasil",Sudeste,Rio de Janeiro,Rio de Janeiro,RIO COMPRIDO,,MORRO DO ESCONDIDINHO,-22.9289545,-43.2055825,"12/12/2024, 11:00:00",false,false,,Não identificado,,"Entrada na Favela por Engano,Outros",false,1,0,0,0,0,0,0,0,0,0,0,0,0,0
68606,"R. Vinte e Quatro de Maio, Méier, Rio de Janeiro - RJ, 20725-001, Brasil",Sudeste,Rio de Janeiro,Rio de Janeiro,MEIER,,,-22.902754634812418,-43.2773479485365,"12/12/2024, 12:00:00",false,true,,Tentativa/Roubo,,,false,0,1,1,0,0,0,0,0,0,0,0,0,0,0
68607,"Rua Adolfo Bergamini - Engenho de Dentro, Rio de Janeiro - RJ, Brasil",Sudeste,Rio de Janeiro,Rio de Janeiro,ENGENHO DE DENTRO,,,-22.8996389,-43.2958583,"12/12/2024, 16:40:00",false,false,,Não identificado,,,false,0,0,0,0,0,0,0,0,0,0,0,0,0,0
68611,"Morro da Fé - Complexo da Penha, Rio de Janeiro - RJ, 21210-154, Brasil",Sudeste,Rio de Janeiro,Rio de Janeiro,PENHA,,MORRO DA FE (COMPLEXO DA PENHA),-22.84466841	,-43.29477785,"12/12/2024, 18:00:00",false,false,,Briga,,,false,1,0,0,0,0,0,0,0,1,0,0,0,0,0
68609,"Via A Um - Vila do Pinheiro - Complexo da Maré, Rio de Janeiro - RJ, Brasil",Sudeste,Rio de Janeiro,Rio de Janeiro,MARE,,VILA DO PINHEIRO (COMPLEXO DA MARE),-22.868292,-43.2376563,"12/12/2024, 21:15:00",false,false,,Não identificado,,,false,0,0,0,0,0,0,0,0,0,0,0,0,0,0
68623,"Morro dos Macacos - Vila Isabel, Rio de Janeiro - RJ, 20551-232, Brasil",Sudeste,Rio de Janeiro,Rio de Janeiro,VILA ISABEL,,MORRO DOS MACACOS,-22.912806606172392,-43.25385219573974,"13/12/2024, 15:42:00",false,false,,Disputa,,,false,0,0,0,0,0,0,0,0,0,0,0,0,0,0
68627,"Morro dos Macacos - Vila Isabel, Rio de Janeiro - RJ, 20551-195, Brasil",Sudeste,Rio de Janeiro,Rio de Janeiro,VILA ISABEL,,MORRO DOS MACACOS,-22.912469889247078,-43.25441425280915,"13/12/2024, 18:20:00",false,false,,Disputa,,,false,0,0,0,0,0,0,0,0,0,0,0,0,0,0
68639,"Morro dos Macacos - Vila Isabel, Rio de Janeiro - RJ, Brasil",Sudeste,Rio de Janeiro,Rio de Janeiro,VILA ISABEL,,MORRO DOS MACACOS,-22.91,-43.2575,"13/12/2024, 22:50:00",false,false,,Disputa,,,false,0,0,0,0,0,0,0,0,0,0,0,0,0,0
68637,"Morro do Campinho (Complexo do Fubá) - Campinho, Rio de Janeiro - RJ, 21310-320, Brasil",Sudeste,Rio de Janeiro,Rio de Janeiro,CAMPINHO,,MORRO DO CAMPINHO (COMPLEXO DO FUBA),-22.8850951874697	,-43.337939003183074,"14/12/2024, 13:05:00",false,false,,Não identificado,,,false,0,0,0,0,0,0,0,0,0,0,0,0,0,0
68646,"Av. Eng. Souza Filho, 193, Itanhangá, Rio de Janeiro - RJ, 22753-035, Brasil",Sudeste,Rio de Janeiro,Rio de Janeiro,ITANHANGA,,,-22.987632861816504,-43.32884135274391,"14/12/2024, 16:30:00",false,false,,Ataque a civis,,,false,2,2,0,0,0,0,0,0,0,0,0,0,0,0
68648,"Favela do Piraquê - Guaratiba, Rio de Janeiro - RJ, 23020-715, Brasil",Sudeste,Rio de Janeiro,Rio de Janeiro,GUARATIBA,,FAVELA DO PIRAQUE,-22.992765120199202,	-43.608855084658515,"15/12/2024, 00:00:00",false,false,,Não identificado,,,false,0,0,0,0,0,0,0,0,0,0,0,0,0,0
68649,"Catiri - Bangu, Rio de Janeiro - RJ, 21863-010, Brasil",Sudeste,Rio de Janeiro,Rio de Janeiro,BANGU,,CATIRI,-22.85319795	,-43.47059105,"15/12/2024, 15:15:00",false,false,,Não identificado,,,false,0,0,0,0,0,0,0,0,0,0,0,0,0,0
68652,"Rua Piraquara - Realengo, Rio de Janeiro - RJ, Brasil",Sudeste,Rio de Janeiro,Rio de Janeiro,REALENGO,PIRAQUARA,,-22.8788206,-43.4235194,"15/12/2024, 18:10:00",false,false,,Não identificado,,,false,0,0,0,0,0,0,0,0,0,0,0,0,0,0
68662,"Favela Para Pedro - Colégio, Rio de Janeiro - RJ, 21235-290, Brasil",Sudeste,Rio de Janeiro,Rio de Janeiro,COLEGIO,,FAVELA PARA PEDRO,-22.83883724,	-43.33365244,"15/12/2024, 22:20:00",false,false,,Não identificado,,,false,0,0,0,0,0,0,0,0,0,0,0,0,0,0
68658,"Praça Camaçari - Ramos, Rio de Janeiro - RJ, Brasil",Sudeste,Rio de Janeiro,Rio de Janeiro,RAMOS,,,-22.8518714,-43.2510084,"16/12/2024, 06:59:00",false,false,,Tiros a esmo,,,false,0,0,0,0,0,0,0,0,0,0,0,0,0,0
68673,"Carobinha - Rua Carobinha - Campo Grande, Rio de Janeiro - RJ, Brasil",Sudeste,Rio de Janeiro,Rio de Janeiro,CAMPO GRANDE,,FAVELA DA CAROBINHA,-22.8552526,-43.5333182,"16/12/2024, 11:00:00",false,false,,Homicidio/Tentativa,,Ataques armados sobre rodas,false,1,0,0,0,0,0,0,0,0,0,0,0,0,0
68679,"Morro da Primavera - Cavalcanti, Rio de Janeiro - RJ, 21370-280, Brasil",Sudeste,Rio de Janeiro,Rio de Janeiro,CAVALCANTI,,MORRO DA PRIMAVERA,-22.86902669	,-43.31696145,"16/12/2024, 15:00:00",true,true,9 BPM (GAT),Ação policial,,,false,2,0,0,0,0,0,0,0,0,0,0,0,0,0
68681,"Rocinha, Rio de Janeiro - RJ, Brasil",Sudeste,Rio de Janeiro,Rio de Janeiro,ROCINHA,,ROCINHA,-22.987941,-43.2480087,"17/12/2024, 01:20:00",true,true,"BOPE, BPChq, BAC, GTM, GAM, GESAR",Operação policial,,,false,1,2,0,0,0,0,0,0,0,0,0,0,0,0
68682,"Rocinha, Rio de Janeiro - RJ, Brasil",Sudeste,Rio de Janeiro,Rio de Janeiro,ROCINHA,,ROCINHA,-22.987941,-43.2480087,"17/12/2024, 02:00:00",true,true,"BOPE, BPChq, BAC, GTM, GAM, GESAR",Operação policial,,,false,0,0,0,0,0,0,0,0,0,0,0,0,0,0
68732,"Três Pontes - Santa Cruz, Rio de Janeiro - RJ, 23595, Brasil",Sudeste,Rio de Janeiro,Rio de Janeiro,SANTA CRUZ,,,-22.925412667478383,-43.65008614847946,"18/12/2024, 17:00:00",false,false,,Homicidio/Tentativa,,,false,1,0,0,0,0,0,0,0,0,0,0,0,0,0
68718,"Favelinha da Renascer - Tanque, Rio de Janeiro - RJ, 22733-240, Brasil",Sudeste,Rio de Janeiro,Rio de Janeiro,TANQUE,,FAVELINHA DA RENASCER (OU CHACARA DO TANQUE),-22.915556	,-43.362500,"18/12/2024, 17:00:00",false,false,,Não identificado,,,false,0,0,0,0,0,0,0,0,0,0,0,0,0,0
68713,"Viaduto Procurador José Alves de Morais - Sampaio, Rio de Janeiro - RJ, Brasil",Sudeste,Rio de Janeiro,Rio de Janeiro,SAMPAIO,,,-22.9007874,-43.2602108,"18/12/2024, 23:30:00",true,true,Unidade de Polícia Pacificadora (UPP São João,Ação policial,,Perseguição,false,0,0,0,0,0,0,0,0,0,0,0,0,0,0
68711,"Morro do Barbante (Vila Joaniza) - Ilha Do Governador, Rio de Janeiro, RJ, Brasil",Sudeste,Rio de Janeiro,Rio de Janeiro,GALEAO,,MORRO DO BARBANTE (OU VILA JOANIZA),-22.801268566421047,-43.2265123352811,"19/12/2024, 05:00:00",false,false,,Não identificado,,,false,0,0,0,0,0,0,0,0,0,0,0,0,0,0
68734,"Morro São João- Engenho Novo, Rio de Janeiro - RJ, 20950-370, Brasil",Sudeste,Rio de Janeiro,Rio de Janeiro,ENGENHO NOVO,,MORRO SAO JOAO,-22.908632687857427,-43.26500038,"19/12/2024, 12:00:00",true,true,UPP,Ação policial,,,false,0,2,0,0,0,0,0,0,0,1,0,0,0,0
68743,"Rua São Benedito - Santa Cruz, Rio de Janeiro - RJ, Brasil",Sudeste,Rio de Janeiro,Rio de Janeiro,SANTA CRUZ,,,-22.9318471,-43.6775718,"19/12/2024, 20:00:00",false,true,,Tentativa/Roubo,,,false,1,0,1,0,0,0,0,0,0,0,0,0,1,0
68739,"Costa Barros, Rio de Janeiro - RJ, Brasil",Sudeste,Rio de Janeiro,Rio de Janeiro,COSTA BARROS,,,-22.8246094,-43.3726806,"19/12/2024, 22:45:00",false,false,,Não identificado,,,false,0,0,0,0,0,0,0,0,0,0,0,0,0,0
68738,"Nova Brasília - Complexo do Alemão, Rio de Janeiro - RJ, 21043-550, Brasil",Sudeste,Rio de Janeiro,Rio de Janeiro,COMPLEXO DO ALEMAO,,NOVA BRASILIA (COMPLEXO DO ALEMAO),-22.86396978	,-43.2730245,"20/12/2024, 02:29:00",true,true,UPP Alemão,Operação policial,,,false,0,0,0,0,0,0,0,0,0,0,0,0,0,0
68736,"Rua São Gabriel, Cachambi, Rio de Janeiro - Rio de Janeiro, Brasil",Sudeste,Rio de Janeiro,Rio de Janeiro,CACHAMBI,,,-22.88556745484001,-43.27052067965269,"20/12/2024, 02:30:00",false,false,,Não identificado,,,false,0,0,0,0,0,0,0,0,0,0,0,0,0,0
68737,"Morro do Fubá (Complexo do Fubá) - Cascadura, Rio de Janeiro - RJ, 21311-130, Brasil",Sudeste,Rio de Janeiro,Rio de Janeiro,CASCADURA,,MORRO DO FUBA (COMPLEXO DO FUBA),-22.892324971301786	,-43.33377861518315,"20/12/2024, 02:50:00",false,false,,Não identificado,,,false,0,0,0,0,0,0,0,0,0,0,0,0,0,0
68747,"Fazendinha - Complexo do Alemão, Rio de Janeiro - RJ, 20766, Brasil",Sudeste,Rio de Janeiro,Rio de Janeiro,COMPLEXO DO ALEMAO,,FAZENDINHA (COMPLEXO DO ALEMAO),-22.86362228	,-43.27874626,"20/12/2024, 03:13:00",true,true,UPP Alemão,Operação policial,,,false,0,0,0,0,0,0,0,0,0,0,0,0,0,0
68741,"Cidade de Deus, Rio de Janeiro - RJ, 22773-060, Brasil",Sudeste,Rio de Janeiro,Rio de Janeiro,CIDADE DE DEUS,,CIDADE DE DEUS,-22.949566780962133,-43.3657883460022,"20/12/2024, 03:25:00",true,true,"PC, MPRJ",Operação policial,,,false,0,0,0,0,0,0,0,0,0,0,0,0,0,0
68765,"Avenida Canal do Anil - Anil, Rio de Janeiro - RJ, Brasil",Sudeste,Rio de Janeiro,Rio de Janeiro,ANIL,,,-22.962846,-43.34533,"20/12/2024, 04:00:00",false,false,,Não identificado,,,false,1,0,0,0,0,0,0,0,0,0,0,0,0,0
68766,"Rua Soldado José Menezes Filho - Anil, Rio de Janeiro - RJ, Brasil",Sudeste,Rio de Janeiro,Rio de Janeiro,ANIL,,,-22.9556307,-43.3422066,"20/12/2024, 15:00:00",false,false,,Não identificado,,,false,1,0,0,0,0,0,0,0,0,0,0,0,0,0
68781,"Estrada da Matriz - Guaratiba, Rio de Janeiro - RJ, Brasil",Sudeste,Rio de Janeiro,Rio de Janeiro,GUARATIBA,,,-22.9938213,-43.6039727,"20/12/2024, 19:00:00",false,false,,Homicidio/Tentativa,,Ataques armados sobre rodas,false,1,0,0,0,0,0,0,0,0,0,0,0,0,0
68756,"Morro dos Macacos - Vila Isabel, Rio de Janeiro - RJ, 20551-195, Brasil",Sudeste,Rio de Janeiro,Rio de Janeiro,VILA ISABEL,,MORRO DOS MACACOS,-22.91318913627668,-43.2539368196045,"20/12/2024, 19:45:00",false,false,,Disputa,,,false,0,1,0,0,0,0,0,0,0,0,0,0,0,0
68763,"Morro do Fubá (Complexo do Fubá) - Cascadura, Rio de Janeiro - RJ, 21311-130, Brasil",Sudeste,Rio de Janeiro,Rio de Janeiro,CASCADURA,,MORRO DO FUBA (COMPLEXO DO FUBA),-22.892324971301786	,-43.33377861518315,"21/12/2024, 01:00:00",false,false,,Não identificado,,,false,0,0,0,0,0,0,0,0,0,0,0,0,0,0
68784,"Morro dos Macacos - Vila Isabel, Rio de Janeiro - RJ, 20551-232, Brasil",Sudeste,Rio de Janeiro,Rio de Janeiro,VILA ISABEL,,MORRO DOS MACACOS,-22.91225319547,-43.2503331375122,"21/12/2024, 10:00:00",false,false,,Homicidio/Tentativa,,,false,1,0,0,0,0,0,0,0,0,0,0,0,0,0
68782,"Irajá - Av. Pastor Martin Luther King Jr. - Irajá, Rio de Janeiro - RJ, 21530-010, Brasil",Sudeste,Rio de Janeiro,Rio de Janeiro,IRAJA,,,-22.848094018424113,-43.32356674603271,"21/12/2024, 12:20:00",false,false,,Não identificado,,,false,0,0,0,0,0,0,0,0,0,0,0,0,0,0
68783,"Morro dos Macacos - Vila Isabel, Rio de Janeiro - RJ, 20551-630, Brasil",Sudeste,Rio de Janeiro,Rio de Janeiro,VILA ISABEL,,MORRO DOS MACACOS,-22.912121845196623,-43.25462346511231,"21/12/2024, 13:45:00",false,false,,Não identificado,,,false,0,0,0,0,0,0,0,0,0,0,0,0,0,0
68786,"Avenida Camões - Penha Circular, Rio de Janeiro - RJ, Brasil",Sudeste,Rio de Janeiro,Rio de Janeiro,PENHA CIRCULAR,,,-22.8289788,-43.2816822,"21/12/2024, 15:00:00",false,false,,Homicidio/Tentativa,,,false,2,0,0,0,0,0,0,0,0,0,0,0,0,0
68785,"Morro do Campinho - Campinho, Rio de Janeiro - RJ, 21320-060, Brasil",Sudeste,Rio de Janeiro,Rio de Janeiro,CAMPINHO,,MORRO DO CAMPINHO (COMPLEXO DO FUBA),-22.88667726212075,-43.341723772924794,"21/12/2024, 16:00:00",false,false,,Não identificado,,,false,0,0,0,0,0,0,0,0,0,0,0,0,0,0
68792,"Favalinha da Renascer - Tanque, Rio de Janeiro - RJ, 22733-240, Brasil",Sudeste,Rio de Janeiro,Rio de Janeiro,TANQUE,,FAVELINHA DA RENASCER (OU CHACARA DO TANQUE),-22.915556,	-43.362500,"21/12/2024, 20:20:00",true,true,NI,Ação policial,,,false,0,0,0,0,0,0,0,0,0,0,0,0,0,0
68809,"Avenida Brasil, Fazenda Botafogo, Coelho Neto, Rio de Janeiro - RJ, 21530-170, Brasil",Sudeste,Rio de Janeiro,Rio de Janeiro,COELHO NETO,,CONJUNTO FAZENDA BOTAFOGO (COMPLEXO DA PEDREIRA),-22.829796193138982,-43.3483118341156,"21/12/2024, 21:30:00",false,false,,Tentativa/Roubo,,,false,1,0,0,0,0,0,0,0,0,0,0,0,0,0
68793,"Favalinha da Renascer - Tanque, Rio de Janeiro - RJ, 22733-240, Brasil",Sudeste,Rio de Janeiro,Rio de Janeiro,TANQUE,,FAVELINHA DA RENASCER (OU CHACARA DO TANQUE),-22.915556	,-43.362500,"21/12/2024, 22:52:00",true,true,NI,Ação policial,,,false,0,0,0,0,0,0,0,0,0,0,0,0,0,0
68796,"Morro dos Macacos - Vila Isabel, Rio de Janeiro - RJ, 20551-195, Brasil",Sudeste,Rio de Janeiro,Rio de Janeiro,VILA ISABEL,,MORRO DOS MACACOS,-22.913323597183297,-43.25428121563491,"22/12/2024, 17:30:00",false,false,,Não identificado,,,false,0,0,0,0,0,0,0,0,0,0,0,0,0,0
68798,"Morro do Salgueiro - Tijuca, Rio de Janeiro - RJ, 20521-330, Brasil",Sudeste,Rio de Janeiro,Rio de Janeiro,TIJUCA,,MORRO DO SALGUEIRO,-22.9303304,-43.2259689,"22/12/2024, 21:11:00",false,false,,Não identificado,,,false,0,0,0,0,0,0,0,0,0,0,0,0,0,0
68806,"Morro dos Macacos - Vila Isabel, Rio de Janeiro - RJ, Brasil",Sudeste,Rio de Janeiro,Rio de Janeiro,VILA ISABEL,,MORRO DOS MACACOS,-22.91,-43.2575,"23/12/2024, 07:00:00",false,false,,Disputa,,,false,0,0,0,0,0,0,0,0,0,0,0,0,0,0
68835,"Catiri - Bangu, Rio de Janeiro - RJ, 21863-010, Brasil",Sudeste,Rio de Janeiro,Rio de Janeiro,BANGU,,CATIRI,-22.85319795	,-43.47059105,"23/12/2024, 09:00:00",false,false,,Disputa,,Ataques armados sobre rodas,false,0,2,0,0,0,0,0,0,0,0,0,0,0,0
68820,"Rio Acari - Rua Maurício de Lacerda - Coelho Neto, Rio de Janeiro - RJ, Brasil",Sudeste,Rio de Janeiro,Rio de Janeiro,COELHO NETO,,,-22.8254329,-43.3545828,"23/12/2024, 14:00:00",true,true," 41º BPM ",Ação policial,,,false,0,0,0,0,0,0,0,0,0,0,0,0,0,0
68823,"Rua Abrahão Jabour - Jacarepaguá, Rio de Janeiro - RJ, Brasil",Sudeste,Rio de Janeiro,Rio de Janeiro,FREGUESIA (JACAREPAGUA),,,-22.9739535,-43.4113532,"24/12/2024, 04:00:00",true,true,"31 BPM ",Ação policial,,,false,1,0,0,0,0,0,0,0,0,0,0,0,0,0
68829,"Avenida Ernani Cardoso - Cascadura, Rio de Janeiro - RJ, Brasil",Sudeste,Rio de Janeiro,Rio de Janeiro,CASCADURA,,,-22.8824151,-43.3352074,"24/12/2024, 08:43:00",false,false,,Não identificado,,,false,0,0,0,0,0,0,0,0,0,0,0,0,0,0
68830,"Avenida Ernani Cardoso - Cascadura, Rio de Janeiro - RJ, Brasil",Sudeste,Rio de Janeiro,Rio de Janeiro,CASCADURA,,,-22.8824151,-43.3352074,"24/12/2024, 09:36:00",false,false,,Não identificado,,,false,0,0,0,0,0,0,0,0,0,0,0,0,0,0
68838,"Largo do Correia - Campo Grande, Rio de Janeiro - RJ, 23040-151, Brasil",Sudeste,Rio de Janeiro,Rio de Janeiro,CAMPO GRANDE,,,-22.955805579560025,-43.57688276963455,"24/12/2024, 13:00:00",false,false,,Não identificado,,,false,0,0,0,0,0,0,0,0,0,0,0,0,0,0
68834,"Praça Nossa Senhora da Apresentação - Irajá, Rio de Janeiro - RJ, Brasil",Sudeste,Rio de Janeiro,Rio de Janeiro,IRAJA,,,-22.8327432,-43.3234776,"24/12/2024, 13:45:00",false,false,,Não identificado,,,false,0,0,0,0,0,0,0,0,0,0,0,0,0,0
68839,"Av. Salvador Allende - Jacarepaguá, Rio de Janeiro - RJ, 22780-160, Brasil",Sudeste,Rio de Janeiro,Rio de Janeiro,BARRA OLIMPICA,,,-22.96795019145435,-43.39781810926208,"24/12/2024, 16:00:00",false,false,,Não identificado,,,false,0,0,0,0,0,0,0,0,0,0,0,0,0,0
68841,"Rocinha, Rio de Janeiro - RJ, Brasil",Sudeste,Rio de Janeiro,Rio de Janeiro,ROCINHA,,ROCINHA,-22.987941,-43.2480087,"24/12/2024, 20:13:00",false,false,,Não identificado,,,false,0,0,0,0,0,0,0,0,0,0,0,0,0,0
68843,"Favela Nova Divinéia - Rua Tenente Miguel - Grajaú, Rio de Janeiro - RJ, 20561, Brasil",Sudeste,Rio de Janeiro,Rio de Janeiro,GRAJAU,,NOVA DIVINEIA,-22.9293533,-43.2640556,"24/12/2024, 22:05:00",false,false,,Não identificado,,,false,0,0,0,0,0,0,0,0,0,0,0,0,0,0
68846,"Ladeira dos Tabajaras - Copacabana, Rio de Janeiro - RJ, 22031-111, Brasil",Sudeste,Rio de Janeiro,Rio de Janeiro,COPACABANA,,LADEIRA DOS TABAJARAS,-22.96447927	,-43.18981297,"25/12/2024, 04:20:00",false,false,,Não identificado,,,false,0,0,0,0,0,0,0,0,0,0,0,0,0,0
68844,"Pontilhão - Jacarezinho, Rio de Janeiro - RJ, 20785-180, Brasil",Sudeste,Rio de Janeiro,Rio de Janeiro,JACAREZINHO,,PONTILHAO (JACAREZINHO),-22.8864899,-43.25422,"25/12/2024, 04:52:00",true,true,04 BPM,Ação policial,,,false,0,1,0,0,0,0,0,0,0,0,0,0,0,0
68850,"Pontilhão - Caju, Rio de Janeiro - RJ, Brasil",Sudeste,Rio de Janeiro,Rio de Janeiro,CAJU,,COMPLEXO DO CAJU,-22.8807991,-43.2278482,"25/12/2024, 08:37:00",true,true,4 BPM,Ação policial,,,false,0,1,0,0,0,0,0,0,0,0,0,0,0,0
68856,"Morro do Campinho (Complexo do Fubá) - Campinho, Rio de Janeiro - RJ, 21341, Brasil",Sudeste,Rio de Janeiro,Rio de Janeiro,CAMPINHO,,MORRO DO CAMPINHO (COMPLEXO DO FUBA),-22.886558651456646,-43.33974966708983,"25/12/2024, 10:00:00",false,false,,Não identificado,,,false,0,0,0,0,0,0,0,0,0,0,0,0,0,0
68857,"Jacarezinho, Rio de Janeiro - RJ, Brasil",Sudeste,Rio de Janeiro,Rio de Janeiro,JACAREZINHO,,JACAREZINHO,-22.8882154,-43.259736,"25/12/2024, 18:30:00",false,false,,Tiros a esmo,,,false,0,0,0,0,0,0,0,0,0,0,0,0,0,0
68860,"Morro do Campinho (Complexo do Fubá) - Campinho, Rio de Janeiro - RJ, 21341, Brasil",Sudeste,Rio de Janeiro,Rio de Janeiro,CAMPINHO,,MORRO DO CAMPINHO (COMPLEXO DO FUBA),-22.886558651456646,-43.33974966708983,"26/12/2024, 06:00:00",false,false,,Não identificado,,,false,0,0,0,0,0,0,0,0,0,0,0,0,0,0
68872,"Morro do Campinho (Complexo do Fubá) - Campinho, Rio de Janeiro - RJ, 21310-320, Brasil",Sudeste,Rio de Janeiro,Rio de Janeiro,CAMPINHO,,MORRO DO CAMPINHO (COMPLEXO DO FUBA),-22.8850951874697,	-43.337939003183074,"26/12/2024, 21:00:00",false,false,,Não identificado,,,false,0,0,0,0,0,0,0,0,0,0,0,0,0,0
68889,"Morro dos Macacos - Vila Isabel, Rio de Janeiro - RJ, 20551-630, Brasil",Sudeste,Rio de Janeiro,Rio de Janeiro,VILA ISABEL,,MORRO DOS MACACOS,-22.91189634,-43.25524243,"28/12/2024, 05:00:00",true,true,BOPE e Upp Macacos,Ação policial,,,false,0,0,0,0,0,0,0,0,0,0,0,0,0,0
68888,"Vila do João - Maré, Rio de Janeiro - RJ, 21046-500, Brasil",Sudeste,Rio de Janeiro,Rio de Janeiro,MARE,,VILA DO JOAO (COMPLEXO DA MARE),-22.868566395278147,-43.24196307778391,"28/12/2024, 06:00:00",false,true,BPChq,Não identificado,,,false,0,0,0,0,0,0,0,0,0,0,0,0,0,0
68893,"Rua Taquarichim - Rocha Miranda, Rio de Janeiro - RJ, Brasil",Sudeste,Rio de Janeiro,Rio de Janeiro,ROCHA MIRANDA,,,-22.8400745,-43.3473366,"28/12/2024, 07:00:00",true,true,9 BPM,Ação policial,,,false,1,0,0,0,0,0,0,0,0,0,0,0,0,0
68899,"Morro dos Macacos - Vila Isabel, Rio de Janeiro - RJ, 20560, Brasil",Sudeste,Rio de Janeiro,Rio de Janeiro,VILA ISABEL,,MORRO DOS MACACOS,-22.91118589702091,-43.25326210975646,"28/12/2024, 17:59:00",false,false,,Disputa,,,false,0,0,0,0,0,0,0,0,0,0,0,0,0,0
68916,"Fontela - Vargem Pequena, Rio de Janeiro - RJ, 22795-711, Brasil",Sudeste,Rio de Janeiro,Rio de Janeiro,VARGEM PEQUENA,,FAVELA DO FONTELA,-22.994404385493600,-43.44583357036130,"28/12/2024, 18:00:00",false,false,,Homicidio/Tentativa,,Entrada na Favela por Engano,false,1,1,0,0,0,0,0,0,0,0,0,0,0,0
68910,"Av. Brasil - São Cristóvão, Rio de Janeiro - RJ, 20940-070, Brasil",Sudeste,Rio de Janeiro,Rio de Janeiro,SAO CRISTOVAO,,,-22.888743954128177,-43.22181971321126,"28/12/2024, 19:30:00",true,true,4 BPM,Ação policial,,,false,0,0,0,1,0,0,0,0,0,0,0,0,0,0
68925,"Vila Pan-Americana - Jacarepaguá - Avenida Cláudio Besserman Vianna - Barra da Tijuca, Rio de Janeiro - RJ, Brasil",Sudeste,Rio de Janeiro,Rio de Janeiro,BARRA OLIMPICA,,,-22.9730351,-43.35803689999999,"29/12/2024, 12:00:00",false,false,,Não identificado,,,false,0,1,0,0,0,0,0,0,0,0,0,0,0,0
68920,"Tanque, Rio de Janeiro - RJ, Brasil",Sudeste,Rio de Janeiro,Rio de Janeiro,TANQUE,,,-22.9161954,-43.3551228,"29/12/2024, 14:00:00",true,true,Não identificado,Operação policial,,,false,0,0,0,0,0,0,0,0,0,0,0,0,0,0
68933,"Morro do Fubá - Cascadura, Rio de Janeiro - RJ, 21311-130, Brasil",Sudeste,Rio de Janeiro,Rio de Janeiro,CASCADURA,,MORRO DO FUBA (COMPLEXO DO FUBA),-22.892324971301786,-43.33377861518315,"29/12/2024, 14:00:00",false,false,,Não identificado,,,false,0,0,0,0,0,0,0,0,0,0,0,0,0,0
68919,"Morro dos Macacos - Vila Isabel, Rio de Janeiro - RJ, 20560, Brasil",Sudeste,Rio de Janeiro,Rio de Janeiro,VILA ISABEL,,MORRO DOS MACACOS,-22.911472487244524,-43.261673517227166,"29/12/2024, 15:20:00",false,false,,Disputa,,,false,0,0,0,0,0,0,0,0,0,0,0,0,0,0
68984,"Morro do Fubá (Complexo do Fubá) - Cascadura, Rio de Janeiro - RJ, 21311-130, Brasil",Sudeste,Rio de Janeiro,Rio de Janeiro,CASCADURA,,MORRO DO FUBA (COMPLEXO DO FUBA),-22.892324971301786,	-43.33377861518315,"30/12/2024, 12:00:00",false,false,,Disputa,,Bar,false,2,0,0,0,0,0,0,0,0,0,0,0,0,0
68946,"Morro dos Macacos - Vila Isabel, Rio de Janeiro - RJ, 20560, Brasil",Sudeste,Rio de Janeiro,Rio de Janeiro,VILA ISABEL,,MORRO DOS MACACOS,-22.911142247404676,-43.25654504711305,"30/12/2024, 17:42:00",false,false,,Não identificado,,,false,0,0,0,0,0,0,0,0,0,0,0,0,0,0
68958,"Av. Mal. Rondon - Engenho Novo, Rio de Janeiro - RJ, 20950-312, Brasil",Sudeste,Rio de Janeiro,Rio de Janeiro,ENGENHO NOVO,,,-22.904391112626428,-43.26413226679535,"31/12/2024, 08:30:00",false,false,,Disputa,,,false,1,0,0,0,0,0,0,0,0,0,0,0,1,0
68967,"Morro Santo Amaro - Catete, Rio de Janeiro - RJ, 22211, Brasil",Sudeste,Rio de Janeiro,Rio de Janeiro,CATETE,,SANTO AMARO,-22.9236111,-43.1805556,"31/12/2024, 21:03:00",false,false,,Não identificado,,,false,0,0,0,0,0,0,0,0,0,0,0,0,0,0
68978,"Praia de Copacabana, Copacabana, Rio de Janeiro - RJ, 22021-001, Brasil",Sudeste,Rio de Janeiro,Rio de Janeiro,COPACABANA,,,-22.97014513902264,-43.181285142683414,"31/12/2024, 21:15:00",false,false,,Não identificado,,,false,0,2,0,0,0,0,0,0,0,0,0,1,0,0
68970,"Rio das Pedras, Itanhangá - Rio de Janeiro",Sudeste,Rio de Janeiro,Rio de Janeiro,ITANHANGA,,RIO DAS PEDRAS,-22.977164416961664,-43.333993793975225,"01/01/2025, 01:48:00",false,false,,Não identificado,,,false,0,0,0,0,0,0,0,0,0,0,0,0,0,0
68971,"Morro do São Carlos (Complexo do São Carlos), Rio de Janeiro - RJ, 20250-150, Brasil",Sudeste,Rio de Janeiro,Rio de Janeiro,ESTACIO,,MORRO DO SAO CARLOS (COMPLEXO DO SAO CARLOS),-22.91824946	,-43.20363845,"01/01/2025, 04:00:00",false,false,,Disputa,,,false,0,0,0,0,0,0,0,0,0,0,0,0,0,0
68983,"Rua Souto - Quintino Bocaiúva, Rio de Janeiro - RJ, Brasil",Sudeste,Rio de Janeiro,Rio de Janeiro,QUINTINO BOCAIUVA,,,-22.887911,-43.3272349,"01/01/2025, 05:00:00",false,false,,Homicidio/Tentativa,,,false,1,0,0,0,0,0,0,0,0,0,0,0,0,0
68991,"Avenida Pastor Martin Luther King Junior, Irajá, Rio de Janeiro - Irajá, Rio de Janeiro - RJ, Brasil",Sudeste,Rio de Janeiro,Rio de Janeiro,IRAJA,,,-22.84899,-43.32124,"02/01/2025, 09:00:00",false,false,,Não identificado,,,false,1,0,0,0,0,0,0,0,0,0,0,0,0,0
68998,"Favela de Antares - Santa Cruz, Rio de Janeiro - RJ, 23510-360, Brasil",Sudeste,Rio de Janeiro,Rio de Janeiro,SANTA CRUZ,,FAVELA DE ANTARES,-22.9212928	,-43.66281821,"02/01/2025, 20:53:00",false,false,,Disputa,,,false,0,0,0,0,0,0,0,0,0,0,0,0,0,0
69003,"Favela do Barbante - Inhoaíba, Rio de Janeiro - RJ, Brasil",Sudeste,Rio de Janeiro,Rio de Janeiro,INHOAIBA,,FAVELA DO BARBANTE,-22.90346902,	-43.58097905,"02/01/2025, 22:20:00",false,false,,Disputa,,,false,0,0,0,0,0,0,0,0,0,0,0,0,0,0
68997,"Favela de Antares - Santa Cruz, Rio de Janeiro - RJ, 23510-360, Brasil",Sudeste,Rio de Janeiro,Rio de Janeiro,SANTA CRUZ,,FAVELA DE ANTARES,-22.9212928	,-43.66281821,"02/01/2025, 22:29:00",false,false,,Disputa,,,false,0,0,0,0,0,0,0,0,0,0,0,0,0,0
68996,"Favela do Barbante - Inhoaíba, Rio de Janeiro - RJ, Brasil",Sudeste,Rio de Janeiro,Rio de Janeiro,INHOAIBA,,FAVELA DO BARBANTE,-22.903469019999978,-43.588939846356205,"02/01/2025, 23:46:00",false,false,,Disputa,,,false,0,0,0,0,0,0,0,0,0,0,0,0,0,0
69006,"Avenida Brasil - Favela de Acari, Acari, Rio de Janeiro - RJ, Brasil",Sudeste,Rio de Janeiro,Rio de Janeiro,ACARI,,FAVELA DE ACARI,-22.8270791,-43.3407612,"03/01/2025, 07:58:00",true,true,PM (41 BPM),Ação policial,,,false,0,0,0,0,0,0,0,0,0,0,0,0,0,0
69007,"Quitungo-Guaporé - Brás de Pina, Rio de Janeiro - RJ, 21215-510, Brasil",Sudeste,Rio de Janeiro,Rio de Janeiro,BRAS DE PINA,,QUITUNGO-GUAPORE,-22.835000	,-43.300278,"03/01/2025, 08:15:00",true,true,PM (16 BPM),Ação policial,,,false,0,1,0,0,0,0,0,0,0,0,0,0,0,0
69010,"Rua Catiri, Bangu, Rio de Janeiro, Rio de Janeiro, Brasil",Sudeste,Rio de Janeiro,Rio de Janeiro,BANGU,,CATIRI,-22.8521344,-43.4661584,"03/01/2025, 11:45:00",false,false,,Não identificado,,,false,0,0,0,0,0,0,0,0,0,0,0,0,0,0
69016,"Favelinha do Renascer - Tanque, Rio de Janeiro - RJ, 22733-240, Brasil",Sudeste,Rio de Janeiro,Rio de Janeiro,TANQUE,,FAVELINHA DA RENASCER (OU CHACARA DO TANQUE),-22.915556	,-43.362500,"03/01/2025, 15:00:00",true,true,PM (18 BPM),Ação policial,,,false,0,1,0,0,0,0,0,0,0,0,0,0,0,0
69015,"Engenho de Dentro, Rio de Janeiro - RJ, Brasil",Sudeste,Rio de Janeiro,Rio de Janeiro,ENGENHO DE DENTRO,,,-22.8939154,-43.2954699,"03/01/2025, 16:00:00",true,true,PM (3 BPM),Ação policial,,,false,0,1,0,0,0,0,0,0,0,0,0,0,0,0
69019,"R. Salema - Ricardo de Albuquerque, Rio de Janeiro - RJ, 21620-540, Brasil",Sudeste,Rio de Janeiro,Rio de Janeiro,RICARDO DE ALBUQUERQUE,,,-22.838180040024184,-43.398681809786986,"03/01/2025, 20:00:00",true,true,Não informado,Ação policial,,,false,2,0,0,0,0,0,0,0,0,0,0,0,0,0
69017,"Morro Azul - Laranjeiras, Rio de Janeiro - RJ, 22231, Brasil",Sudeste,Rio de Janeiro,Rio de Janeiro,LARANJEIRAS,,MORRO AZUL,-22.9383333,-43.1805556,"04/01/2025, 01:14:00",false,false,,Não identificado,,,false,0,0,0,0,0,0,0,0,0,0,0,0,0,0
69032,"Linha Amarela - Higienópolis, Rio de Janeiro - RJ, Brasil",Sudeste,Rio de Janeiro,Rio de Janeiro,HIGIENOPOLIS,,,-22.8716033,-43.261844,"04/01/2025, 13:00:00",true,true,PM (RECOM),Tentativa/Roubo,,,false,0,0,0,0,0,0,0,0,0,0,0,0,0,0
69031,"Morro Dona Dalva - Itanhangá, Rio de Janeiro - RJ, 22753-005, Brasil",Sudeste,Rio de Janeiro,Rio de Janeiro,ITANHANGA,,MORRO DONA DALVA,-22.9907432,	-43.3195926,"04/01/2025, 14:00:00",true,true,PM (BPCHOQ),Ação policial,,,false,0,2,0,0,0,0,0,0,0,0,0,0,0,0
69037,"Rua Honório - Todos os Santos, Rio de Janeiro - RJ, Brasil",Sudeste,Rio de Janeiro,Rio de Janeiro,TODOS OS SANTOS,,,-22.8916455,-43.2825933,"04/01/2025, 19:00:00",true,true,PM (3 BPM),Tentativa/Roubo,,Perseguição,false,0,2,0,0,0,0,0,0,0,0,0,0,0,0
69034,"Cabeça de Porco - vila do contorno, Taquara - RJ, 22725-800, Brasil",Sudeste,Rio de Janeiro,Rio de Janeiro,TAQUARA,,FAVELA NOVA AURORA (CABECA DE PORCO),-22.91695341486991,-43.3757493531613,"04/01/2025, 20:27:00",false,false,,Não identificado,,,false,0,0,0,0,0,0,0,0,0,0,0,0,0,0
69044,"Morro dos Macacos - Vila Isabel, Rio de Janeiro - RJ, 20551-230, Brasil",Sudeste,Rio de Janeiro,Rio de Janeiro,VILA ISABEL,,MORRO DOS MACACOS,-22.911818371190286,-43.257929153442376,"05/01/2025, 19:00:00",false,false,,Disputa,,,false,0,1,0,0,0,0,0,0,0,0,0,0,0,0
69043,"Morro dos Macacos - Vila Isabel, Rio de Janeiro - RJ, 20551-230, Brasil",Sudeste,Rio de Janeiro,Rio de Janeiro,VILA ISABEL,,MORRO DOS MACACOS,-22.912055548243032,-43.25659877777099,"05/01/2025, 19:45:00",false,false,,Disputa,,,false,0,0,0,0,0,0,0,0,0,0,0,0,0,0
69045,"Morro dos Macacos - Vila Isabel, Rio de Janeiro - RJ, 20551-230, Brasil",Sudeste,Rio de Janeiro,Rio de Janeiro,VILA ISABEL,,MORRO DOS MACACOS,-22.912292724880807,-43.25625545501708,"05/01/2025, 21:43:00",true,true,NÃO IDENTIFICADO,Disputa,,,false,0,0,0,0,0,0,0,0,0,0,0,0,0,0
69054,"Rua Engenheiro Gama Lôbo - Vila Isabel, Rio de Janeiro - RJ",Sudeste,Rio de Janeiro,Rio de Janeiro,VILA ISABEL,,,-22.9125759,-43.2446558,"06/01/2025, 09:01:00",false,false,,Não identificado,,,false,0,0,0,0,0,0,0,0,0,0,0,0,0,0
69055,"Morro dos Macacos - Vila Isabel, Rio de Janeiro - RJ, 20560, Brasil",Sudeste,Rio de Janeiro,Rio de Janeiro,VILA ISABEL,,MORRO DOS MACACOS,-22.910059295097412,-43.26386219978332,"06/01/2025, 10:42:00",false,false,,Não identificado,,,false,0,0,0,0,0,0,0,0,0,0,0,0,0,0
69069,"Costa Barros, Rio de Janeiro - RJ, Brasil",Sudeste,Rio de Janeiro,Rio de Janeiro,COSTA BARROS,,,-22.8246094,-43.3726806,"06/01/2025, 13:00:00",true,true,PM (41 BPM),Ação policial,,,false,0,2,0,0,0,0,0,0,0,0,0,0,0,0
69062,"Favelinha da Renascer - Tanque, Rio de Janeiro - RJ, 22733-240, Brasil",Sudeste,Rio de Janeiro,Rio de Janeiro,TANQUE,,FAVELINHA DA RENASCER (OU CHACARA DO TANQUE),-22.915556,	-43.362500,"06/01/2025, 16:25:00",false,false,,Não identificado,,,false,0,0,0,0,0,0,0,0,0,0,0,0,0,0
69066,"Morro dos Macacos - Vila Isabel, Rio de Janeiro - RJ, 20551-195, Brasil",Sudeste,Rio de Janeiro,Rio de Janeiro,VILA ISABEL,,MORRO DOS MACACOS,-22.91204278626381,-43.25410848098145,"06/01/2025, 17:40:00",false,false,,Disputa,,,false,0,0,0,0,0,0,0,0,0,0,0,0,0,0
69088,"Vila Aliança , Bangu, Rio de Janeiro - RJ, Brasil",Sudeste,Rio de Janeiro,Rio de Janeiro,BANGU,,VILA ALIANCA,-22.8572405,-43.4892386,"06/01/2025, 20:30:00",false,false,,Disputa,,Ataques armados sobre rodas,false,2,0,0,0,0,0,0,0,0,0,0,0,0,0
69081,"Morro do Jordão - Tanque, Rio de Janeiro - RJ, 22725-590, Brasil",Sudeste,Rio de Janeiro,Rio de Janeiro,TANQUE,,MORRO DO JORDAO,-22.91094354	,-43.37403875,"07/01/2025, 15:00:00",false,false,,Não identificado,,,false,0,0,0,0,0,0,0,0,0,0,0,0,0,0
69087,"Vila Kennedy, Rio de Janeiro - RJ, Brasil",Sudeste,Rio de Janeiro,Rio de Janeiro,VILA KENNEDY,,VILA KENNEDY,-22.8572405,-43.4892386,"07/01/2025, 22:30:00",false,false,,Disputa,,,false,0,0,0,0,0,0,0,0,0,0,0,0,0,0
69090,"Mandela (Complexo de Manguinhos) - Manguinhos, Rio de Janeiro - RJ, 20911-300, Brasil",Sudeste,Rio de Janeiro,Rio de Janeiro,MANGUINHOS,,MANDELA (COMPLEXO DE MANGUINHOS),-22.8840658,-43.2488235,"08/01/2025, 06:30:00",true,true,PC (DRFC); PC (21 DP); PC (DRFA); PC (CORE),Operação policial,,,false,1,3,0,0,0,0,0,0,0,0,0,0,0,0
69089,"Morro São João - Engenho Novo, Rio de Janeiro - RJ, 20715-040, Brasil",Sudeste,Rio de Janeiro,Rio de Janeiro,ENGENHO NOVO,,MORRO SAO JOAO,-22.9107816566378,-43.26358777724609,"08/01/2025, 06:35:00",false,false,,Não identificado,,,false,1,0,0,0,0,0,0,0,0,0,0,0,1,0
69091,"Mandela (Complexo de Manguinhos) - Manguinhos, Rio de Janeiro - RJ, Brasil",Sudeste,Rio de Janeiro,Rio de Janeiro,MANGUINHOS,,MANDELA (COMPLEXO DE MANGUINHOS),-22.8840658,-43.2488235,"08/01/2025, 07:15:00",true,true,PC (DRFC); PC (21 DP); PC (DRFA); PC (CORE),Operação policial,,,false,0,0,0,0,0,0,0,0,0,0,0,0,0,0
69094,"Mandela (Complexo de Manguinhos) - Manguinhos, Rio de Janeiro - RJ, Brasil",Sudeste,Rio de Janeiro,Rio de Janeiro,MANGUINHOS,,MANDELA (COMPLEXO DE MANGUINHOS),-22.8840658,-43.2488235,"08/01/2025, 08:20:00",true,true,PC (DRFC); PC (21 DP); PC (DRFA); PC (CORE),Operação policial,,,false,0,0,0,0,0,0,0,0,0,0,0,0,0,0
69095,"Jacarezinho, Rio de Janeiro - RJ, 20973-290, Brasil",Sudeste,Rio de Janeiro,Rio de Janeiro,JACAREZINHO,,JACAREZINHO,-22.88736296,-43.25766105,"08/01/2025, 09:00:00",true,true,PC (DRFC); PC (21 DP); PC (DRFA); PC (CORE),Ação policial,,,false,0,0,0,0,0,0,0,0,0,0,0,0,0,0
69101,"Complexo da Pedreira - Costa Barros, Rio de Janeiro - RJ, 21515-570, Brasil",Sudeste,Rio de Janeiro,Rio de Janeiro,COSTA BARROS,,COMPLEXO DA PEDREIRA,-22.82425288,-43.36809439,"08/01/2025, 12:50:00",false,false,,Não identificado,,,false,0,0,0,0,0,0,0,0,0,0,0,0,0,0
69107,"Favela Nova Aurora (Cabeça de Porco) - Taquara - RJ, 22725-800, Brasil",Sudeste,Rio de Janeiro,Rio de Janeiro,TAQUARA,,FAVELA NOVA AURORA (CABECA DE PORCO),-22.91695341486991	,-43.3757493531613,"08/01/2025, 19:20:00",false,false,,Não identificado,,,false,0,0,0,0,0,0,0,0,0,0,0,0,0,0
69113,"Favela Nova Aurora (Cabeça de Porco) - Taquara - RJ, 22725-800, Brasil",Sudeste,Rio de Janeiro,Rio de Janeiro,TAQUARA,,FAVELA NOVA AURORA (CABECA DE PORCO),-22.91695341486991	,-43.3757493531613,"08/01/2025, 23:00:00",false,false,,Disputa,,,false,0,0,0,0,0,0,0,0,0,0,0,0,0,0
69109,"Estrada General Afonso de Carvalho - Bangu, Rio de Janeiro - RJ, Brasil",Sudeste,Rio de Janeiro,Rio de Janeiro,BANGU,,,-22.8481383,-43.4595664,"09/01/2025, 00:00:00",true,true,PM (14 BPM),Ação policial,,,false,0,0,0,0,0,0,0,0,0,0,0,0,0,0
69108,"Morro da Serrinha (Complexo da Serrinha) - Madureira, Rio de Janeiro - RJ, 21360-320, Brasil",Sudeste,Rio de Janeiro,Rio de Janeiro,MADUREIRA,,MORRO DA SERRINHA (COMPLEXO DA SERRINHA),-22.86651325	,-43.32711774,"09/01/2025, 01:45:00",true,true,"PM (9 BPM), PM (BAC), etc.",Operação policial,,,false,0,0,0,0,0,0,0,0,0,0,0,0,0,0
69112,"Avenida Brasil - Cordovil, Rio de Janeiro - RJ, Brasil",Sudeste,Rio de Janeiro,Rio de Janeiro,CORDOVIL,,,-22.8155791,-43.2905109,"09/01/2025, 03:10:00",false,false,,Tentativa/Roubo,,,false,0,0,0,0,0,0,0,0,0,0,0,0,0,0
69110,"Morro da Serrinha (Complexo da Serrinha) - Madureira, Rio de Janeiro - RJ, 21360-320, Brasil",Sudeste,Rio de Janeiro,Rio de Janeiro,MADUREIRA,,MORRO DA SERRINHA (COMPLEXO DA SERRINHA),-22.86651325,-43.32711774,"09/01/2025, 05:17:00",true,true,"PM (9 BPM), PM (BAC), etc.",Operação policial,,,false,0,0,0,0,0,0,0,0,0,0,0,0,0,0
69133,"Comunidade do Canal - Vargem Grande, Rio de Janeiro - RJ, 22783-210, Brasil",Sudeste,Rio de Janeiro,Rio de Janeiro,VARGEM GRANDE,,COMUNIDADE DO CANAL,-22.9935619	,-43.4944838,"09/01/2025, 15:08:00",true,true,PM (31 BPM),Ação policial,,,false,0,0,0,0,0,0,0,0,0,0,0,0,0,0
69125,"Rua Major Suckow - Rocha, Rio de Janeiro, Brasil",Sudeste,Rio de Janeiro,Rio de Janeiro,ROCHA,,,-22.8995268,-43.2456561,"09/01/2025, 17:06:00",false,false,,Não identificado,,,false,0,0,0,0,0,0,0,0,0,0,0,0,0,0
69128,"Favela Nova Aurora (Cabeça de Porco) - Taquara - RJ, 22725-800, Brasil",Sudeste,Rio de Janeiro,Rio de Janeiro,TAQUARA,,FAVELA NOVA AURORA (CABECA DE PORCO),-22.91695341486991,	-43.3757493531613,"09/01/2025, 18:18:00",false,false,,Não identificado,,,false,0,0,0,0,0,0,0,0,0,0,0,0,0,0
69129,"Favelinha da Renascer (Chácara do Tanque) - Tanque, Rio de Janeiro - RJ, 22733-240, Brasil",Sudeste,Rio de Janeiro,Rio de Janeiro,TANQUE,,FAVELINHA DA RENASCER (OU CHACARA DO TANQUE),-22.915556	,-43.362500,"09/01/2025, 19:30:00",true,true,NI,Ação policial,,,false,0,0,0,0,0,0,0,0,0,0,0,0,0,0
69134,"Favela Nova Aurora (Cabeça de Porco) - Taquara - RJ, 22725-800, Brasil",Sudeste,Rio de Janeiro,Rio de Janeiro,TAQUARA,,FAVELA NOVA AURORA (CABECA DE PORCO),-22.91695341486991	,-43.3757493531613,"09/01/2025, 19:32:00",false,false,,Não identificado,,,false,0,0,0,0,0,0,0,0,0,0,0,0,0,0
69130,"Largo do Pechincha - Pechincha, Rio de Janeiro - RJ, Brasil",Sudeste,Rio de Janeiro,Rio de Janeiro,PECHINCHA,,,-22.9287802,-43.3548107,"09/01/2025, 19:32:00",false,false,,Não identificado,,,false,0,0,0,0,0,0,0,0,0,0,0,0,0,0
69131,"Cesarão - Santa Cruz, Rio de Janeiro - RJ, 23595-250, Brasil",Sudeste,Rio de Janeiro,Rio de Janeiro,SANTA CRUZ,,CESARAO,-22.934514684048242,	-43.65913451840158,"09/01/2025, 20:05:00",false,false,,Não identificado,,,false,0,0,0,0,0,0,0,0,0,0,0,0,0,0
69132,"Favela Nova Aurora (Cabeça de Porco) - Taquara - RJ, 22725-800, Brasil",Sudeste,Rio de Janeiro,Rio de Janeiro,TAQUARA,,FAVELA NOVA AURORA (CABECA DE PORCO),-22.91695341486991	,-43.3757493531613,"09/01/2025, 20:33:00",false,false,,Não identificado,,,false,0,0,0,0,0,0,0,0,0,0,0,0,0,0
69152,"Favela da Chacrinha - Praça Seca, Rio de Janeiro - RJ, 22733-040, Brasil",Sudeste,Rio de Janeiro,Rio de Janeiro,PRACA SECA,,FAVELA DA CHACRINHA,-22.90210250884888,-43.36291239895617,"10/01/2025, 14:50:00",false,false,,Não identificado,,,false,0,0,0,0,0,0,0,0,0,0,0,0,0,0
69158,"Avenida Francisco Bicalho - Santo Cristo, Rio de Janeiro - RJ, Brasil",Sudeste,Rio de Janeiro,Rio de Janeiro,SANTO CRISTO,,,-22.9046586,-43.2097136,"10/01/2025, 15:00:00",false,true,,Tentativa/Roubo,,,false,1,1,0,0,0,0,0,0,0,0,0,0,0,0
69153,"Favela Bateau Mouche - Praça Seca, Rio de Janeiro - RJ, 22733, Brasil",Sudeste,Rio de Janeiro,Rio de Janeiro,PRACA SECA,,FAVELA BATEAU MOUCHE,-22.90553130050597	,-43.354608754520655,"10/01/2025, 15:30:00",false,false,,Não identificado,,,false,0,0,0,0,0,0,0,0,0,0,0,0,0,0
69159,"Catiri - Bangu, Rio de Janeiro - RJ, 21863-010, Brasil",Sudeste,Rio de Janeiro,Rio de Janeiro,BANGU,,CATIRI,-22.85319795	,-43.47059105,"10/01/2025, 17:30:00",false,false,,Disputa,,Ataques armados sobre rodas,false,1,0,0,0,0,0,0,0,0,0,0,0,0,0
69155,"Morro do Fubá (Complexo do Fubá) - Cascadura, Rio de Janeiro - RJ, 21311-130, Brasil",Sudeste,Rio de Janeiro,Rio de Janeiro,CASCADURA,,MORRO DO FUBA (COMPLEXO DO FUBA),-22.892324971301786	,-43.33377861518315,"10/01/2025, 17:58:00",false,false,,Não identificado,,,false,0,0,0,0,0,0,0,0,0,0,0,0,0,0
69160,"Rua Torres Homem - Vila Isabel, Rio de Janeiro - RJ, Brasil",Sudeste,Rio de Janeiro,Rio de Janeiro,VILA ISABEL,,,-22.9146107,-43.2494949,"10/01/2025, 18:00:00",false,false,,Tentativa/Roubo,,,false,0,0,0,0,0,0,0,0,0,0,0,0,0,0
69161,"Morro da Mangueira - Mangueira, Rio de Janeiro - Rio de Janeiro, Brasil",Sudeste,Rio de Janeiro,Rio de Janeiro,MANGUEIRA,,MANGUEIRA,-22.904916134024464,-43.234144896268845,"10/01/2025, 20:40:00",false,false,,Não identificado,,,false,0,0,0,0,0,0,0,0,0,0,0,0,0,0
69180,"Comunidade do Rio da Prata - Rua Amanajó - Bangu, Rio de Janeiro - RJ, 21820-210, Brasil",Sudeste,Rio de Janeiro,Rio de Janeiro,BANGU,,COMUNIDADE DO RIO DA PRATA,-22.885056287381264,-43.47524932883606,"11/01/2025, 11:00:00",false,true,,Tentativa/Roubo,,,false,1,0,0,0,0,0,0,0,0,0,0,0,0,0
69174,"Estrada de Botafogo - Complexo da Pedreira - Costa Barros, Rio de Janeiro - RJ, Brasil",Sudeste,Rio de Janeiro,Rio de Janeiro,COSTA BARROS,,COMPLEXO DA PEDREIRA,-22.8207158,-43.3647849,"11/01/2025, 11:06:00",true,true,PM (41 BPM),Ação policial,,,false,2,0,0,0,0,0,0,0,0,0,0,0,0,0
69176,"Morro do Fubá (Complexo do Fubá) - Cascadura, Rio de Janeiro - RJ, 21311-130, Brasil",Sudeste,Rio de Janeiro,Rio de Janeiro,CASCADURA,,MORRO DO FUBA (COMPLEXO DO FUBA),-22.892324971301786,	-43.33377861518315,"11/01/2025, 14:00:00",false,false,,Não identificado,,,false,0,0,0,0,0,0,0,0,0,0,0,0,0,0
69178,"Estrada do Portinho, Vila Irajá - Irajá, Rio de Janeiro, Brasil",Sudeste,Rio de Janeiro,Rio de Janeiro,IRAJA,,VILA IRAJA,-22.830661,-43.3300692,"11/01/2025, 18:04:00",false,false,,Não identificado,,,false,0,0,0,0,0,0,0,0,0,0,0,0,0,0
69185,"Avenida João Ribeiro - Pilares, Rio de Janeiro - RJ, Brasil",Sudeste,Rio de Janeiro,Rio de Janeiro,PILARES,,,-22.8766229,-43.2969097,"12/01/2025, 07:00:00",false,false,,Tentativa/Roubo,,,false,1,0,0,0,0,0,0,0,0,0,0,0,0,0
69187,"Morro do Fubá (Complexo do Fubá) - Cascadura, Rio de Janeiro - RJ, 21311-130, Brasil",Sudeste,Rio de Janeiro,Rio de Janeiro,CASCADURA,,MORRO DO FUBA (COMPLEXO DO FUBA),-22.892324971301786	,-43.33377861518315,"12/01/2025, 12:19:00",false,false,,Não identificado,,,false,0,0,0,0,0,0,0,0,0,0,0,0,0,0
69201,"Fallet/Fogueteiro - Santa Teresa, Rio de Janeiro - RJ, 20251-250, Brasil",Sudeste,Rio de Janeiro,Rio de Janeiro,SANTA TERESA,,FALLET/FOGUETEIRO,-22.92641055	,-43.19702099,"13/01/2025, 03:23:00",true,true,PC (DRE); PC (CORE); PC(DGPC); PM (BOPE); PM (BAC); PM (BTM); PM (GAM); PM (BPCHQ),Operação policial,,,false,0,0,0,0,0,0,0,0,0,0,0,0,0,0
69208,"Vila do João - Maré, Rio de Janeiro - RJ, Brasil",Sudeste,Rio de Janeiro,Rio de Janeiro,MARE,,VILA DO JOAO (COMPLEXO DA MARE),-22.8723298,-43.2390005,"13/01/2025, 12:55:00",false,false,,Não identificado,,,false,0,0,0,0,0,0,0,0,0,0,0,0,0,0
69209,"Avenida Marechal Rondon - Engenho Novo, Rio de Janeiro - RJ, Brasil",Sudeste,Rio de Janeiro,Rio de Janeiro,ENGENHO NOVO,,,-22.9041796,-43.2637354,"13/01/2025, 15:50:00",true,true,PM (UPP São João); PM (BPCHQ); PM (CPP),Ação policial,,,false,0,0,0,0,0,0,0,0,0,0,0,0,0,0
69215,"Morro da Mangueira - Mangueira, Rio de Janeiro - RJ, Brasil",Sudeste,Rio de Janeiro,Rio de Janeiro,MANGUEIRA,,MANGUEIRA,-22.9025508,-43.2370745,"13/01/2025, 18:00:00",false,false,,Não identificado,,,false,0,0,0,0,0,0,0,0,0,0,0,0,0,0
69238,"Santa Cruz, Rio de Janeiro - RJ, Brasil",Sudeste,Rio de Janeiro,Rio de Janeiro,SANTA CRUZ,,,-22.9208226,-43.6809034,"14/01/2025, 12:00:00",false,false,,Homicidio/Tentativa,,,false,1,0,0,0,0,0,0,0,0,0,0,0,0,0
69239,"Rua Carlos Chambeland - Vila da Penha, Rio de Janeiro - RJ, Brasil",Sudeste,Rio de Janeiro,Rio de Janeiro,VILA DA PENHA,,,-22.8447296,-43.304422,"14/01/2025, 13:30:00",false,false,,Não identificado,,,false,0,1,0,0,0,0,0,0,0,0,0,0,0,1
69234,"Conjunto do IPASE - Vila Kosmos, Rio de Janeiro - RJ, 21210-024, Brasil",Sudeste,Rio de Janeiro,Rio de Janeiro,VILA KOSMOS,,CONJUNTO DO IPASE,-22.84731833848876,-43.3046742553421,"14/01/2025, 15:10:00",true,true,PM (BOPE),Operação policial,,,false,0,0,0,0,0,0,0,0,0,0,0,0,0,0
69232,"Blvd. 28 de Setembro - Vila Isabel, Rio de Janeiro - RJ, 20551-085, Brasil",Sudeste,Rio de Janeiro,Rio de Janeiro,VILA ISABEL,,,-22.91648297971305,-43.24983659289855,"14/01/2025, 15:13:00",false,false,,Não identificado,,,false,0,0,0,0,0,0,0,0,0,0,0,0,0,0
69237,"Cojunto do IPASE - Vila da Penha, Rio de Janeiro - RJ, 21210-623, Brasil",Sudeste,Rio de Janeiro,Rio de Janeiro,VILA KOSMOS,,CONJUNTO DO IPASE,-22.846910710806444,-43.30464207990113,"14/01/2025, 16:10:00",true,true,PM (BOPE),Operação policial,,,false,0,0,0,0,0,0,0,0,0,0,0,0,0,0
69240,"Av. Pastor Martin Luther King Jr - Inhaúma, Rio de Janeiro - RJ, 20765-630, Brasil",Sudeste,Rio de Janeiro,Rio de Janeiro,INHAUMA,,,"-22.875185792879712 ",-43.28122217437925,"14/01/2025, 17:47:00",false,false,,Não identificado,,,false,0,0,0,0,0,0,0,0,0,0,0,0,0,0
69458,"Av. Gen. Benedito da Silveira, 528 - Vila Militar, Rio de Janeiro - RJ, 21615-000, Brasil",Sudeste,Rio de Janeiro,Rio de Janeiro,VILA MILITAR,,,-22.865600171437997,-43.38964409999999,"14/01/2025, 21:00:00",false,true,,Não identificado,,,false,0,0,1,0,0,0,0,0,0,0,0,0,0,0
69242,"Morro da Serrinha (Complexo da Serrinha) Madureira, Rio de Janeiro - RJ, 21360, Brasil",Sudeste,Rio de Janeiro,Rio de Janeiro,MADUREIRA,,MORRO DA SERRINHA (COMPLEXO DA SERRINHA),-22.8653569,-43.3272011,"14/01/2025, 21:59:00",false,false,,Não identificado,,,false,0,0,0,0,0,0,0,0,0,0,0,0,0,0
69248,"R. Paranapanema - Olaria, Rio de Janeiro - RJ, 21073-185, Brasil",Sudeste,Rio de Janeiro,Rio de Janeiro,OLARIA,,,-22.850558380307188,-43.272108355818254,"15/01/2025, 01:35:00",false,false,,Não identificado,,,false,0,0,0,0,0,0,0,0,0,0,0,0,0,0
69245,"Complexo do Alemão, Rio de Janeiro - RJ, 21043-100, Brasil",Sudeste,Rio de Janeiro,Rio de Janeiro,COMPLEXO DO ALEMAO,,COMPLEXO DO ALEMAO,-22.86027516	,-43.2743799,"15/01/2025, 01:50:00",true,true,"PM (BOPE); PM (BPCHQ); PM (COE); PC; MPRJ (GAECO). ",Operação policial,,,true,3,3,0,1,0,0,0,0,0,0,0,0,0,0
69243,"Cascatinha - Penha, Rio de Janeiro - RJ, 21071-010, Brasil",Sudeste,Rio de Janeiro,Rio de Janeiro,PENHA,,CASCATINHA (COMPLEXO DA PENHA),-22.85035784221911,-43.279743662767075,"15/01/2025, 03:16:00",true,true,"PM (BOPE); PM (BPCHQ); PM (COE); PC; MPRJ (GAECO). ",Operação policial,,,false,0,0,0,0,0,0,0,0,0,0,0,0,0,0
69244,"Complexo do Alemão, Rio de Janeiro - RJ, 21043-100, Brasil",Sudeste,Rio de Janeiro,Rio de Janeiro,COMPLEXO DO ALEMAO,,COMPLEXO DO ALEMAO,-22.86027516,	-43.2743799,"15/01/2025, 03:27:00",true,true,"PM (BOPE); PM (BPCHQ); PM (COE); PC; MPRJ (GAECO). ",Operação policial,,,false,0,0,0,0,0,0,0,0,0,0,0,0,0,0
69246,"Morro da Serrinha (Complexo da Serrinha) - Madureira, Rio de Janeiro - RJ, 21360-320, Brasil",Sudeste,Rio de Janeiro,Rio de Janeiro,MADUREIRA,,MORRO DA SERRINHA (COMPLEXO DA SERRINHA),-22.86651325	,-43.32711774,"15/01/2025, 03:47:00",false,false,,Não identificado,,,false,0,0,0,0,0,0,0,0,0,0,0,0,0,0
69247,"Conjunto do IPASE - Vila Kosmos, Rio de Janeiro - RJ, 21210-840, Brasil",Sudeste,Rio de Janeiro,Rio de Janeiro,VILA KOSMOS,,CONJUNTO DO IPASE,-22.84845508	,-43.30446505,"15/01/2025, 03:59:00",false,false,,Não identificado,,,false,0,0,0,0,0,0,0,0,0,0,0,0,0,0
69250,"Complexo da Penha - Penha, Rio de Janeiro - RJ, 21070-470, Brasil",Sudeste,Rio de Janeiro,Rio de Janeiro,PENHA,,COMPLEXO DA PENHA,-22.84557517,	-43.28296391,"15/01/2025, 04:40:00",true,true,"COE, BOPE, PC, MP-GAECO",Operação policial,,,false,0,0,0,0,0,0,0,0,0,0,0,0,0,0
69251,"Complexo do Alemão, Rio de Janeiro - RJ, 21043-100, Brasil",Sudeste,Rio de Janeiro,Rio de Janeiro,COMPLEXO DO ALEMAO,,COMPLEXO DO ALEMAO,-22.86027516	,-43.2743799,"15/01/2025, 05:05:00",true,true,"COE, BOPE, PC, MP-GAECO",Operação policial,,,false,0,0,0,0,0,0,0,0,0,0,0,0,0,0
69255,"Morro da Merendiba (Complexo da Penha), Rio de Janeiro - RJ, 21070-520, Brasil",Sudeste,Rio de Janeiro,Rio de Janeiro,PENHA,,MORRO DA MERENDIBA (COMPLEXO DA PENHA),-22.84717114,	-43.27580977,"15/01/2025, 06:00:00",true,true,"COE, BOPE, PC, MP-GAECO",Operação policial,,,false,0,0,0,0,0,0,0,0,0,0,0,0,0,0
69256,"Complexo do Alemão, Rio de Janeiro - RJ, Brasil",Sudeste,Rio de Janeiro,Rio de Janeiro,COMPLEXO DO ALEMAO,,COMPLEXO DO ALEMAO,-22.8613084,-43.2721368,"15/01/2025, 10:00:00",true,true,"não identificado ",Ação policial,,,false,0,0,0,0,0,0,0,0,0,0,0,0,0,0
69257,"Condomínio Jardim Clarice - Av. Afonso da Silveira Filho - Anil, Rio de Janeiro - RJ, Brasil",Sudeste,Rio de Janeiro,Rio de Janeiro,ANIL,,CONDOMINIO JARDIM CLARICE,-22.9650144,-43.3412312,"15/01/2025, 10:00:00",false,true,,Não identificado,,,false,0,0,0,0,0,0,0,0,0,0,0,0,0,0
69275,"Favela da Flexal (Morro da GB) - Engenho da Rainha, Rio de Janeiro - RJ, 20766-650, Brasil",Sudeste,Rio de Janeiro,Rio de Janeiro,ENGENHO DA RAINHA,,FAVELA DA FLEXAL (MORRO DA GB),-22.8644633,	-43.2955654,"15/01/2025, 11:32:00",false,false,,Não identificado,,,false,0,0,0,0,0,0,0,0,0,0,0,0,0,0
69258,"R. Canitar, Complexo do Alemão, Rio de Janeiro - RJ, 21061-610, Brasil",Sudeste,Rio de Janeiro,Rio de Janeiro,COMPLEXO DO ALEMAO,,CANITAR (COMPLEXO DO ALEMAO),-22.859839932484963,-43.279388440058916,"15/01/2025, 12:10:00",false,false,,Não identificado,,,false,0,0,0,0,0,0,0,0,0,0,0,0,0,0
69262,"Morro dos Macacos - Vila Isabel, Rio de Janeiro - RJ, 20551-195, Brasil",Sudeste,Rio de Janeiro,Rio de Janeiro,VILA ISABEL,,MORRO DOS MACACOS,-22.911607961309187,-43.255224279931646,"15/01/2025, 14:48:00",false,false,,Não identificado,,,false,0,0,0,0,0,0,0,0,0,0,0,0,0,0
69271,"Favelinha do Metrô - Maracanã, Rio de Janeiro - RJ, 20271-130, Brasil",Sudeste,Rio de Janeiro,Rio de Janeiro,MARACANA,,FAVELA DO METRO,-22.908630467341318," -43.23766265622027","15/01/2025, 15:00:00",true,true,PM (6 BPM),Ação policial,,,false,0,0,0,0,0,0,0,0,0,0,0,0,0,0
69276,"Linha Amarela - Bonsucesso, Rio de Janeiro - RJ, Brasil",Sudeste,Rio de Janeiro,Rio de Janeiro,BONSUCESSO,,,-22.8716509,-43.2562752,"15/01/2025, 17:00:00",true,true,PM (BPVE),Ação policial,,,false,0,0,0,0,0,0,0,0,0,0,0,0,0,0
69273,"Avenida Paula Sousa, Maracanã, Rio de Janeiro - Rio de Janeiro, Brazil",Sudeste,Rio de Janeiro,Rio de Janeiro,MARACANA,,,-22.91271258272755,-43.22615426033735,"15/01/2025, 17:30:00",true,true,NI,Ação policial,,Perseguição,false,0,0,0,0,0,0,0,0,0,0,0,0,0,0
69272,"Estrada do Morgado - Vargem Grande, Rio de Janeiro - RJ, Brasil",Sudeste,Rio de Janeiro,Rio de Janeiro,VARGEM GRANDE,,,-22.9765248,-43.5073932,"15/01/2025, 20:00:00",false,false,,Não identificado,,,false,0,0,0,0,0,0,0,0,0,0,0,0,0,0
69278,"Avenida Alfredo Albuquerque - Vila Kennedy, Rio de Janeiro - RJ, Brasil",Sudeste,Rio de Janeiro,Rio de Janeiro,VILA KENNEDY,,VILA KENNEDY,-22.8545113,-43.4929818,"15/01/2025, 20:30:00",false,false,,Disputa,,,false,1,2,0,0,0,0,0,0,0,0,0,0,0,0
69289,"Morro dos Macacos - Vila Isabel, Rio de Janeiro - RJ, 20551-630, Brasil",Sudeste,Rio de Janeiro,Rio de Janeiro,VILA ISABEL,,MORRO DOS MACACOS,-22.91189634,-43.25524243,"15/01/2025, 21:05:00",false,false,,Não identificado,,,false,0,0,0,0,0,0,0,0,0,0,0,0,0,0
69293,"R. França Júnior - Andaraí, Rio de Janeiro - RJ, Brasil",Sudeste,Rio de Janeiro,Rio de Janeiro,ANDARAI,,,-22.9292221,-43.2480967,"16/01/2025, 02:00:00",false,true,,Tentativa/Roubo,,,false,0,0,0,1,0,0,0,0,0,0,0,0,0,0
69280,"R. Dr. Bernardino - Praça Seca, Rio de Janeiro - RJ, 21320-020, Brasil",Sudeste,Rio de Janeiro,Rio de Janeiro,PRACA SECA,,,-22.897974,-43.3460137,"16/01/2025, 08:41:00",false,false,,Não identificado,,,false,0,0,0,0,0,0,0,0,0,0,0,0,0,0
69281,"Morro do Campinho (Complexo do Fubá), Campinho, Rio de Janeiro - RJ, 21310-320, Brasil",Sudeste,Rio de Janeiro,Rio de Janeiro,CAMPINHO,,MORRO DO CAMPINHO (COMPLEXO DO FUBA),-22.8850951874697	,-43.337939003183074,"16/01/2025, 08:45:00",false,false,,Não identificado,,,false,0,0,0,0,0,0,0,0,0,0,0,0,0,0
69290,"Dendê, Ilha do Governador, Rio de Janeiro - RJ, Brasil",Sudeste,Rio de Janeiro,Rio de Janeiro,JARDIM CARIOCA,,MORRO DO DENDE,-22.8053883,-43.1868232,"16/01/2025, 11:00:00",true,true,PM (17 BPM); PM (1º CPA); PM (COE); PM (GESAR),Ação policial,,,false,1,0,0,0,0,0,0,0,0,0,0,0,0,0
69295,"Estrada João Paulo - Barros Filho, Rio de Janeiro - RJ, Brasil",Sudeste,Rio de Janeiro,Rio de Janeiro,BARROS FILHO,,PROENCA ROSA,-22.8387957,-43.3624022,"16/01/2025, 12:00:00",true,true,PM (41 BPM),Ação policial,,,false,0,2,0,0,0,0,0,0,0,0,0,0,0,0
69294,"Morro do Juramento - Vicente de Carvalho, Rio de Janeiro - RJ, Brasil",Sudeste,Rio de Janeiro,Rio de Janeiro,VICENTE DE CARVALHO,,MORRO DO JURAMENTO (COMPLEXO DO JURAMENTO),-22.8627778,-43.3152778,"16/01/2025, 19:05:00",true,true,PM (41 BPM),Ação policial,,,false,0,3,0,0,0,0,0,0,0,0,0,0,0,0
69299,"Conjunto Cesar Maia - Vargem Pequena, Rio de Janeiro - RJ, 22783-116, Brasil",Sudeste,Rio de Janeiro,Rio de Janeiro,VARGEM PEQUENA,,CONJUNTO CESAR MAIA,-22.9905516,	-43.43146907,"17/01/2025, 04:12:00",false,false,,Não identificado,,,false,0,0,0,0,0,0,0,0,0,0,0,0,0,0
69305,"Comunidade Santa Maria - Jacarepaguá, Rio de Janeiro - RJ, 22723-630, Brasil",Sudeste,Rio de Janeiro,Rio de Janeiro,JACAREPAGUA,,COMUNIDADE SANTA MARIA,-22.914739	,-43.42013078,"17/01/2025, 08:14:00",true,true,PM (18 BPM),Ação policial,,,false,0,2,0,0,0,0,0,0,0,0,0,0,0,0
69312,"Vila do João - Maré, Rio de Janeiro - RJ, Brasil",Sudeste,Rio de Janeiro,Rio de Janeiro,MARE,,VILA DO JOAO (COMPLEXO DA MARE),-22.8735209,-43.2373768,"17/01/2025, 12:27:00",true,true,PM (BOPE),Ação policial,,Tiros de Helicóptero,false,0,0,0,0,0,0,0,0,0,0,0,0,0,0
69338,"Barra da Tijuca, Rio de Janeiro - RJ, Brasil",Sudeste,Rio de Janeiro,Rio de Janeiro,BARRA DA TIJUCA,,,-23.0040194,-43.3661069,"18/01/2025, 23:00:00",false,true,,Briga,,Presença de político,false,1,0,0,0,0,0,0,0,0,0,0,0,0,0
69345,"Morro do Chaves (Complexo da Pedreira) - Barros Filho, Rio de Janeiro - RJ, 21515-000, Brasil",Sudeste,Rio de Janeiro,Rio de Janeiro,BARROS FILHO,,MORRO DO CHAVES (COMPLEXO DA PEDREIRA),-22.83352157,	-43.36290336,"19/01/2025, 00:00:00",false,false,,Disputa,,,false,2,0,0,0,0,0,0,0,0,0,0,0,0,0
69344,"Rua Estrela - Rio Comprido, Rio de Janeiro - RJ, Brasil",Sudeste,Rio de Janeiro,Rio de Janeiro,RIO COMPRIDO,,,-22.924983,-43.2075655,"19/01/2025, 02:00:00",false,true,,Briga,,,false,1,0,0,0,0,0,0,0,0,0,0,0,0,0
69333,"Jordão - Tanque, Rio de Janeiro - RJ, 22725-590, Brasil",Sudeste,Rio de Janeiro,Rio de Janeiro,TANQUE,,MORRO DO JORDAO,-22.91094354,-43.37403875,"19/01/2025, 05:00:00",false,false,,Não identificado,,,false,0,0,0,0,0,0,0,0,0,0,0,0,0,0
69358,"Vilar Carioca - Inhoaíba, Rio de Janeiro - RJ, Brasil",Sudeste,Rio de Janeiro,Rio de Janeiro,INHOAIBA,,VILAR CARIOCA,-22.918265184453404,-43.60025510765686,"19/01/2025, 18:30:00",false,false,,Disputa,,,false,0,0,0,0,0,0,0,0,0,0,0,0,0,0
69350,"Madero Steak House Praia do Pepê - Avenida Lucio Costa - Barra da Tijuca, Rio de Janeiro - RJ, Brasil",Sudeste,Rio de Janeiro,Rio de Janeiro,BARRA DA TIJUCA,,,-23.0148868,-43.3051964,"19/01/2025, 19:00:00",false,true,,Tentativa/Roubo,,,false,1,1,0,0,0,0,0,0,0,0,0,0,0,0
69346,"Complexo do Chapadão - Rua Davi, Costa Barros, Rio de Janeiro, Rio de Janeiro, Brasil",Sudeste,Rio de Janeiro,Rio de Janeiro,COSTA BARROS,,COMPLEXO DO CHAPADAO,-22.8260369,-43.3737803,"19/01/2025, 20:10:00",false,false,,Não identificado,,,false,0,0,0,0,0,0,0,0,0,0,0,0,0,0
69352,"Conjunto João XXIII - Av. João XXIII - Santa Cruz, Rio de Janeiro - RJ, 23560-352, Brasil",Sudeste,Rio de Janeiro,Rio de Janeiro,SANTA CRUZ,,CONJUNTO JOAO XXIII,-22.90727396889137,-43.70353436338502,"19/01/2025, 21:00:00",false,false,,Não identificado,,,false,0,0,0,0,0,0,0,0,0,0,0,0,0,0
69349,"Vilar Carioca - Inhoaíba, Rio de Janeiro - RJ, Brasil",Sudeste,Rio de Janeiro,Rio de Janeiro,INHOAIBA,,VILAR CARIOCA,-22.9256863,-43.6022614,"20/01/2025, 02:30:00",false,false,,Disputa,,,false,0,0,0,0,0,0,0,0,0,0,0,0,0,0
69353,"Conjunto João XXIII - Av. João XXIII - Santa Cruz, Rio de Janeiro - RJ, 23560-352, Brasil",Sudeste,Rio de Janeiro,Rio de Janeiro,SANTA CRUZ,,CONJUNTO JOAO XXIII,-22.90727396889137,-43.70353436338502,"20/01/2025, 03:00:00",false,false,,Não identificado,,,false,0,0,0,0,0,0,0,0,0,0,0,0,0,0
69348,"Vilar Carioca - R. Cem - Inhoaíba, Rio de Janeiro - RJ, Brasil",Sudeste,Rio de Janeiro,Rio de Janeiro,INHOAIBA,,VILAR CARIOCA,-22.9256863,-43.6022614,"20/01/2025, 03:40:00",false,false,,Disputa,,,false,0,0,0,0,0,0,0,0,0,0,0,0,0,0
69359,"Vilar Carioca - Inhoaíba, Rio de Janeiro - RJ, Brasil",Sudeste,Rio de Janeiro,Rio de Janeiro,INHOAIBA,,VILAR CARIOCA,-22.9256863,-43.6022614,"20/01/2025, 05:00:00",false,false,,Disputa,,,false,0,0,0,0,0,0,0,0,0,0,0,0,0,0
69369,"Morro do Banco - Itanhangá, Rio de Janeiro - RJ, 22641-192, Brasil",Sudeste,Rio de Janeiro,Rio de Janeiro,ITANHANGA,,MORRO DO BANCO,-22.98785953,-43.2964934,"20/01/2025, 10:00:00",true,true,PM (BOPE),Ação policial,,,false,0,2,0,0,0,0,0,0,0,0,0,0,0,0
69378,"Estrada Santa Eugênia, Santa Cruz, Rio de Janeiro - Rio de Janeiro, Brasil",Sudeste,Rio de Janeiro,Rio de Janeiro,SANTA CRUZ,,,-22.946864048687285,-43.64020988345146,"20/01/2025, 18:38:00",false,false,,Não identificado,,,false,0,0,0,0,0,0,0,0,0,0,0,0,0,0
69379,"Rua Paçuaré - Paciência, Rio de Janeiro - RJ, Brasil",Sudeste,Rio de Janeiro,Rio de Janeiro,PACIENCIA,,,-22.9228121,-43.6211527,"20/01/2025, 19:00:00",false,false,,Não identificado,,,false,0,0,0,0,0,0,0,0,0,0,0,0,0,0
69385,"Avenida Brasil - Caju, Rio de Janeiro - RJ, Brasil",Sudeste,Rio de Janeiro,Rio de Janeiro,CAJU,,,-22.8878117,-43.2238234,"20/01/2025, 22:30:00",false,false,,Tentativa/Roubo,,,false,0,1,0,0,0,0,0,0,0,0,0,0,0,0
69384,"Rua Capitão Macieira - Madureira, Rio de Janeiro - RJ, Brasil",Sudeste,Rio de Janeiro,Rio de Janeiro,MADUREIRA,,,-22.8776221,-43.3455713,"20/01/2025, 23:00:00",false,false,,Disputa,,,false,0,1,0,0,0,0,0,0,0,0,0,0,0,0
69418,"Rua Clarimundo de Melo, Morro do Fubá - Cascadura, Rio de Janeiro - RJ, 21311-292, Brasil",Sudeste,Rio de Janeiro,Rio de Janeiro,CASCADURA,,MORRO DO FUBA (COMPLEXO DO FUBA),-22.889353304811806,-43.32732654841004,"21/01/2025, 12:00:00",false,false,,Disputa,,,false,1,0,0,0,0,0,0,0,0,0,0,0,0,0
69393,"Penha Circular, Rio de Janeiro - RJ, Brasil",Sudeste,Rio de Janeiro,Rio de Janeiro,PENHA CIRCULAR,,,-22.8392917,-43.2913678,"21/01/2025, 14:50:00",false,false,,Não identificado,,,false,0,0,0,0,0,0,0,0,0,0,0,0,0,0
69390,"Morro do Fubá (Complexo do Fubá) - Cascadura, Rio de Janeiro - RJ, 21311-130, Brasil",Sudeste,Rio de Janeiro,Rio de Janeiro,CASCADURA,,MORRO DO FUBA (COMPLEXO DO FUBA),-22.892324971301786,	-43.33377861518315,"21/01/2025, 16:00:00",false,false,,Não identificado,,,false,0,0,0,0,0,0,0,0,0,0,0,0,0,0
69427,"Morro do Jordão - Tanque, Rio de Janeiro - RJ, 22725-590, Brasil",Sudeste,Rio de Janeiro,Rio de Janeiro,TANQUE,,MORRO DO JORDAO,-22.91094354,-43.37403875,"21/01/2025, 21:00:00",true,true,PM (18 BPM),Ação policial,,,false,2,1,0,0,0,0,0,0,0,0,0,0,0,0
69411,"Conjunto Manguariba - Paciência, Rio de Janeiro - RJ, 23065-280, Brasil",Sudeste,Rio de Janeiro,Rio de Janeiro,PACIENCIA,,CONJUNTO MANGUARIBA,-22.8733079,-43.63162569,"22/01/2025, 09:00:00",true,true,PC (DRACO),Ação policial,,,false,1,1,0,0,0,0,0,0,0,0,0,0,0,0
69419,"Rua Dois W - Recreio dos Bandeirantes, Rio de Janeiro - RJ, Brasil",Sudeste,Rio de Janeiro,Rio de Janeiro,RECREIO DOS BANDEIRANTES,,GLEBA FINCH,-23.0299743,-43.4740001,"22/01/2025, 12:00:00",false,false,,Homicidio/Tentativa,,,false,1,0,0,0,0,0,0,0,0,0,0,0,0,0
69416,"Rua Visconde de Santa Isabel - Vila Isabel, Rio de Janeiro - RJ, Brasil",Sudeste,Rio de Janeiro,Rio de Janeiro,VILA ISABEL,,,-22.9169802,-43.2578125,"22/01/2025, 16:50:00",false,false,,Não identificado,,,false,0,0,0,0,0,0,0,0,0,0,0,0,0,0
69433,"Malvina - Vila Kennedy, Rio de Janeiro - RJ, 21850-010, Brasil",Sudeste,Rio de Janeiro,Rio de Janeiro,VILA KENNEDY,,MALVINA (VILA KENNEDY),-22.86067619	,-43.48783756,"22/01/2025, 23:00:00",false,false,,Disputa,,,false,0,0,0,0,0,0,0,0,0,0,0,0,0,0
69442,"Vila Cruzeiro (Complexo da Penha) - Penha, Rio de Janeiro - RJ, 21070-370, Brasil",Sudeste,Rio de Janeiro,Rio de Janeiro,PENHA,,VILA CRUZEIRO (COMPLEXO DA PENHA),-22.848632637937747	,-43.28276462401774,"24/01/2025, 01:30:00",true,true,PM (BOPE); PM (BPCQH); PM (BAC); PM (GAM); PM (RECOM);  PM (BTM); PM (BPVE); PC (CORE); PC (DGPC),Operação policial,,,false,0,0,0,0,0,0,0,0,0,0,0,0,0,0
69452,"Pedra do Sapo, Complexo do Alemão - Rio de Janeiro, RJ, Brasil",Sudeste,Rio de Janeiro,Rio de Janeiro,COMPLEXO DO ALEMAO,,PEDRA DO SAPO (COMPLEXO DO ALEMAO),-22.85576903	,-43.27443849,"24/01/2025, 01:39:00",true,true,PM (BOPE); PM (BPCQH); PM (BAC); PM (GAM); PM (RECOM);  PM (BTM); PM (BPVE); PC (CORE); PC (DGPC),Operação policial,,,false,0,0,0,0,0,0,0,0,0,0,0,0,0,0
69443,"Favela da Fazendinha (Complexo do Alemão), Rio de Janeiro - RJ, 21061-740, Brasil",Sudeste,Rio de Janeiro,Rio de Janeiro,COMPLEXO DO ALEMAO,,FAVELA DA FAZENDINHA (COMPLEXO DO ALEMAO),-22.866856090443562,-43.27749844177246,"24/01/2025, 02:00:00",true,true,PM (BOPE); PM (BPCQH); PM (BAC); PM (GAM); PM (RECOM);  PM (BTM); PM (BPVE); PC (CORE); PC (DGPC),Operação policial,,,false,0,0,0,0,0,0,0,0,0,0,0,0,0,0
69453,"Vila Cruzeiro (Complexo da Penha) - Penha, Rio de Janeiro - RJ, 21070-370, Brasil",Sudeste,Rio de Janeiro,Rio de Janeiro,PENHA,,VILA CRUZEIRO (COMPLEXO DA PENHA),-22.848632637937747	,-43.28276462401774,"24/01/2025, 02:24:00",true,true,PM (BOPE); PM (BPCQH); PM (BAC); PM (GAM); PM (RECOM);  PM (BTM); PM (BPVE); PC (CORE); PC (DGPC),Operação policial,,,false,0,0,0,0,0,0,0,0,0,0,0,0,0,0
69437,"Nova Brasília, Complexo do Alemão, Rio de Janeiro - Rio de Janeiro, Brasil",Sudeste,Rio de Janeiro,Rio de Janeiro,COMPLEXO DO ALEMAO,,NOVA BRASILIA (COMPLEXO DO ALEMAO),-22.865975361730047,-43.2735250890255,"24/01/2025, 02:25:00",true,true,PM (BOPE); PM (BPCQH); PM (BAC); PM (GAM); PM (RECOM);  PM (BTM); PM (BPVE); PC (CORE); PC (DGPC),Operação policial,,,false,0,0,0,0,0,0,0,0,0,0,0,0,0,0
69449,"R. São João Bernardo, 23 Complexo da Penha - Penha, Rio de Janeiro - RJ, 21070-470, Brasil",Sudeste,Rio de Janeiro,Rio de Janeiro,PENHA,,COMPLEXO DA PENHA,-22.84802717557607,-43.286139645473625,"24/01/2025, 03:00:00",true,true,PM (BOPE); PM (BPCQH); PM (BAC); PM (GAM); PM (RECOM);  PM (BTM); PM (BPVE); PC (CORE); PC (DGPC),Operação policial,,,true,5,8,1,0,0,0,0,0,0,0,1,0,1,2
69439,"Vila Cruzeiro (Complexo da Penha) - Penha, Rio de Janeiro - RJ, 21070-370, Brasil",Sudeste,Rio de Janeiro,Rio de Janeiro,PENHA,,VILA CRUZEIRO (COMPLEXO DA PENHA),-22.848632637937747	,-43.28276462401774,"24/01/2025, 03:26:00",true,true,PM (BOPE); PM (BPCQH); PM (BAC); PM (GAM); PM (RECOM);  PM (BTM); PM (BPVE); PC (CORE); PC (DGPC),Operação policial,,,false,0,0,0,0,0,0,0,0,0,0,0,0,0,0
69445,"Nova Brasília (Complexo do Alemão), Rio de Janeiro - RJ, 21043-550, Brasil",Sudeste,Rio de Janeiro,Rio de Janeiro,COMPLEXO DO ALEMAO,,NOVA BRASILIA (COMPLEXO DO ALEMAO),-22.86396978	,-43.2730245,"24/01/2025, 04:29:00",true,true,PM (BOPE); PM (BPCQH); PM (BAC); PM (GAM); PM (RECOM);  PM (BTM); PM (BPVE); PC (CORE); PC (DGPC),Operação policial,,,false,0,0,0,0,0,0,0,0,0,0,0,0,0,0
69446,"Grota - Complexo do Alemão, Rio de Janeiro - RJ, 21043-110, Brasil",Sudeste,Rio de Janeiro,Rio de Janeiro,COMPLEXO DO ALEMAO,,GROTA (COMPLEXO DO ALEMAO),-22.86058085	,-43.27385042,"24/01/2025, 04:40:00",true,true,PM (BOPE); PM (BPCQH); PM (BAC); PM (GAM); PM (RECOM);  PM (BTM); PM (BPVE); PC (CORE); PC (DGPC),Operação policial,,,false,0,0,0,0,0,0,0,0,0,0,0,0,0,0
69451,"Nova Brasília - Complexo do Alemão, Rio de Janeiro - RJ, 21043-550, Brasil",Sudeste,Rio de Janeiro,Rio de Janeiro,COMPLEXO DO ALEMAO,,NOVA BRASILIA (COMPLEXO DO ALEMAO),-22.86396978,	-43.2730245,"24/01/2025, 06:18:00",true,true,PM (BOPE); PM (BPCQH); PM (BAC); PM (GAM); PM (RECOM);  PM (BTM); PM (BPVE); PC (CORE); PC (DGPC),Operação policial,,,false,0,0,0,0,0,0,0,0,0,0,0,0,0,0
69454,"Complexo do Alemão, Rio de Janeiro - RJ, 21043-100, Brasil",Sudeste,Rio de Janeiro,Rio de Janeiro,COMPLEXO DO ALEMAO,,COMPLEXO DO ALEMAO,-22.86027516	,-43.2743799,"24/01/2025, 07:30:00",true,true,PM (BOPE); PM (BPCQH); PM (BAC); PM (GAM); PM (RECOM);  PM (BTM); PM (BPVE); PC (CORE); PC (DGPC),Operação policial,,,false,0,0,0,0,0,0,0,0,0,0,0,0,0,0
69556,"Rua Araguaia - Freguesia (Jacarepaguá), Rio de Janeiro - RJ, Brasil",Sudeste,Rio de Janeiro,Rio de Janeiro,FREGUESIA (JACAREPAGUA),,,-22.9358757,-43.3388144,"24/01/2025, 09:00:00",false,false,,Homicidio/Tentativa,,Ataques armados sobre rodas,false,0,1,0,0,0,0,0,0,0,0,0,0,0,0
69456,"Complexo do Alemão, Rio de Janeiro - RJ, Brasil",Sudeste,Rio de Janeiro,Rio de Janeiro,COMPLEXO DO ALEMAO,,COMPLEXO DO ALEMAO,-22.8613084,-43.2721368,"24/01/2025, 09:18:00",true,true,PM (BOPE); PM (BPCQH); PM (BAC); PM (GAM); PM (RECOM);  PM (BTM); PM (BPVE); PC (CORE); PC (DGPC),Operação policial,,,false,0,0,0,0,0,0,0,0,0,0,0,0,0,0
69460,"Nova Brasilia - Complexo do Alemão, Rio de Janeiro - RJ, 21072-370, Brasil",Sudeste,Rio de Janeiro,Rio de Janeiro,COMPLEXO DO ALEMAO,,NOVA BRASILIA (COMPLEXO DO ALEMAO),-22.86430589918394,-43.27270263491822,"24/01/2025, 12:00:00",true,true,,Operação policial,,,false,0,0,0,0,0,0,0,0,0,0,0,0,0,0
69462,"Av. Lobo Júnior - Penha Circular, Rio de Janeiro - RJ, 21070-061, Brasil",Sudeste,Rio de Janeiro,Rio de Janeiro,PENHA CIRCULAR,,,-22.83848012700377,-43.28425916798402,"24/01/2025, 12:00:00",true,true,"PM (BOPE, BPChq, BAC, GAM, RECOM, BTM, BPVE) PC (CORE, DGPC)",Operação policial,,,false,0,1,0,0,0,0,0,0,0,0,0,0,0,0
69461,"Nova Brasília - Complexo do Alemão, Rio de Janeiro - RJ, 21072-370, Brasil",Sudeste,Rio de Janeiro,Rio de Janeiro,COMPLEXO DO ALEMAO,,NOVA BRASILIA (COMPLEXO DO ALEMAO),-22.86325799545408,-43.27298158465577,"24/01/2025, 15:36:00",true,true,NI,Operação policial,,,false,0,0,0,0,0,0,0,0,0,0,0,0,0,0
69476,"Glória, Rio de Janeiro - RJ, Brasil",Sudeste,Rio de Janeiro,Rio de Janeiro,GLORIA,,,-22.9204249,-43.1744643,"24/01/2025, 17:00:00",true,true,PM,Tentativa/Roubo,,,false,1,1,0,0,0,0,0,0,0,0,0,0,0,0
69464,"Morro dos Macacos - Vila Isabel, Rio de Janeiro - RJ, 20551-230, Brasil",Sudeste,Rio de Janeiro,Rio de Janeiro,VILA ISABEL,,MORRO DOS MACACOS,-22.912737429958153,-43.256201810836785,"25/01/2025, 03:59:00",false,false,,Não identificado,,,false,0,0,0,0,0,0,0,0,0,0,0,0,0,0
69473,"Morro do Andaraí - Andaraí, Rio de Janeiro - RJ, 20541-240, Brasil",Sudeste,Rio de Janeiro,Rio de Janeiro,ANDARAI,,MORRO DO ANDARAI,-22.93296722,-43.25643623,"25/01/2025, 05:00:00",true,true,PM (6 BPM),Ação policial,,,false,0,0,0,0,0,0,0,0,0,0,0,0,0,0
69478,"Morro do Dendê, - Jardim Carioca, Ilha do Governador, Rio de Janeiro - RJ, 21922-490, Brasil",Sudeste,Rio de Janeiro,Rio de Janeiro,JARDIM CARIOCA,,MORRO DO DENDE,-22.802039	,-43.184899,"25/01/2025, 13:30:00",false,false,,Não identificado,,,false,0,0,0,0,0,0,0,0,0,0,0,0,0,0
69479,"Morro da Serrinha (Complexo da Serrinha) - Madureira, Rio de Janeiro - RJ, 21360-320, Brasil",Sudeste,Rio de Janeiro,Rio de Janeiro,MADUREIRA,,MORRO DA SERRINHA (COMPLEXO DA SERRINHA),-22.86651325	,-43.32711774,"25/01/2025, 14:46:00",false,false,,Disputa,,,false,0,0,0,0,0,0,0,0,0,0,0,0,0,0
69521,"Favela do Dique - Rua do Sossego - Jardim América, Rio de Janeiro - RJ, Brasil",Sudeste,Rio de Janeiro,Rio de Janeiro,JARDIM AMERICA,,FAVELA DO DIQUE,-22.8019334,-43.324037,"25/01/2025, 23:00:00",false,false,,Disputa,,,false,1,0,0,0,0,0,0,0,0,0,0,0,0,0
69488,"Catiri - Bangu, Rio de Janeiro - RJ, 21863-010, Brasil",Sudeste,Rio de Janeiro,Rio de Janeiro,BANGU,,CATIRI,-22.85319795,	-43.47059105,"25/01/2025, 23:30:00",false,false,,Disputa,,,false,1,0,0,0,0,0,0,0,0,0,0,0,0,0
69481,"Avenida Infante Dom Henrique - Flamengo, Rio de Janeiro - RJ, Brasil",Sudeste,Rio de Janeiro,Rio de Janeiro,FLAMENGO,,,-22.9340641,-43.1738128,"26/01/2025, 04:00:00",false,true,,Tentativa/Roubo,,,false,0,0,1,0,0,0,0,0,0,0,0,0,0,0
69487,"Favela Vila Sapê - Curicica, Rio de Janeiro - RJ, 22775-400, Brasil",Sudeste,Rio de Janeiro,Rio de Janeiro,CURICICA,,FAVELA VILA SAPE,-22.95051047	,-43.37547407,"26/01/2025, 11:59:00",false,false,,Disputa,,,false,0,0,0,0,0,0,0,0,0,0,0,0,0,0
69491,"Av. João Ribeiro - Pilares, Rio de Janeiro - RJ, 20750-095, Brasil",Sudeste,Rio de Janeiro,Rio de Janeiro,PILARES,,,-22.8707969,-43.3003255,"26/01/2025, 20:00:00",true,true,PM (3 BPM),Tentativa/Roubo,,,false,0,1,0,0,0,0,0,0,0,1,0,0,0,0
69516,"Favela de Vigário Geral (Complexo de Israel), Rio de Janeiro - RJ, 21241-310, Brasil",Sudeste,Rio de Janeiro,Rio de Janeiro,VIGARIO GERAL,,FAVELA DE VIGARIO GERAL (COMPLEXO DE ISRAEL),-22.80801593	,-43.30553607,"27/01/2025, 23:37:00",false,false,,Disputa,,,false,0,0,0,0,0,0,0,0,0,0,0,0,0,0
69518,"Praça do Carmo - Penha Circular, Rio de Janeiro - RJ, 21210-154, Brasil",Sudeste,Rio de Janeiro,Rio de Janeiro,PENHA CIRCULAR,,,-22.839426353787537,-43.29563557960117,"28/01/2025, 05:52:00",false,false,,Não identificado,,,false,0,0,0,0,0,0,0,0,0,0,0,0,0,0
69523,"Favelinha (Penha) Rua Acaraú - Penha, Rio de Janeiro - RJ, Brasil",Sudeste,Rio de Janeiro,Rio de Janeiro,PENHA,,COMPLEXO DA PENHA,-22.8386443,-43.2892983,"28/01/2025, 05:59:00",true,true,PM (16 BPM),Operação policial,,,false,0,0,0,0,0,0,0,0,0,0,0,0,0,0
69524,"Quitungo-Guaporé - Brás de Pina, Rio de Janeiro - RJ, 21215-510, Brasil",Sudeste,Rio de Janeiro,Rio de Janeiro,BRAS DE PINA,,QUITUNGO-GUAPORE,-22.835000	,-43.300278,"28/01/2025, 06:38:00",true,true,PM (16 BPM),Operação policial,,,false,0,0,0,0,0,0,0,0,0,0,0,0,0,0
69527,"Conjunto Morar Carioca- Rocha, Rio de Janeiro - RJ, 20960-045, Brasil",Sudeste,Rio de Janeiro,Rio de Janeiro,ROCHA,,BAIRRO CARIOCA (TRIAGEM),-22.89450099,-43.24665594,"28/01/2025, 11:44:00",true,true,PC,Ação policial,,Entrada na Favela por Engano,false,0,1,0,0,0,0,0,0,0,0,0,0,0,0
69559,"Morro Faz Quem Quer - Guadalupe, Rio de Janeiro - RJ, 21655-780, Brasil",Sudeste,Rio de Janeiro,Rio de Janeiro,GUADALUPE,,FAVELA FAZ QUEM QUER,-22.833725221878918,-43.37757050576698,"28/01/2025, 20:00:00",false,false,,Não identificado,,,false,0,0,0,0,0,0,0,0,0,0,0,0,0,0
69538,"Conjunto do Ipase - Vila Kosmos, Rio de Janeiro - RJ, 21210-840, Brasil",Sudeste,Rio de Janeiro,Rio de Janeiro,VILA KOSMOS,,CONJUNTO DO IPASE,-22.84845508	,-43.30446505,"28/01/2025, 23:00:00",false,false,,Não identificado,,,false,0,0,0,0,0,0,0,0,0,0,0,0,0,0
69542,"Avenida Brasil - Maré, Rio de Janeiro - RJ, Brasil",Sudeste,Rio de Janeiro,Rio de Janeiro,MARE,,COMPLEXO DA MARE,-22.8587984,-43.2476958,"29/01/2025, 01:30:00",true,true,PM (BOPE); PC; SSP-RJ; SSP-ES,Operação policial,,,false,0,0,0,0,0,0,0,0,0,0,0,0,0,0
69540,"Rua Cinqüenta - Galeão, Rio de Janeiro - RJ, Brasil",Sudeste,Rio de Janeiro,Rio de Janeiro,GALEAO,,,-22.8130904,-43.2245693,"29/01/2025, 03:32:00",true,true,PM (17 BPM),Ação policial,,,false,0,3,0,0,0,0,0,0,0,0,0,0,0,0
69566,"Avenida Dom Hélder Câmara - Cachambi, Rio de Janeiro - RJ, Brasil",Sudeste,Rio de Janeiro,Rio de Janeiro,CACHAMBI,,,-22.8862149,-43.2833283,"29/01/2025, 05:00:00",true,true,PM,Ação policial,,Perseguição,false,0,1,0,0,0,0,0,0,0,0,0,0,0,0
69544,"Conjunto Joao XXIII, Av. João XXIII - Santa Cruz, Rio de Janeiro - RJ, 23560-352, Brasil",Sudeste,Rio de Janeiro,Rio de Janeiro,SANTA CRUZ,,CONJUNTO JOAO XXIII,-22.90307374907288,-43.71746039259034,"29/01/2025, 06:20:00",false,false,,Não identificado,,,false,0,0,0,0,0,0,0,0,0,0,0,0,0,0
69552,"Vila do João - Complexo da Maré, Rio de Janeiro - RJ, 21046-630, Brasil",Sudeste,Rio de Janeiro,Rio de Janeiro,MARE,,VILA DO JOAO (COMPLEXO DA MARE),-22.87117627,	-43.2410853,"29/01/2025, 08:20:00",true,true,PM (BOPE); PC; SSP-RJ; SSP-ES,Operação policial,,,false,0,0,0,0,0,0,0,0,0,0,0,0,0,0
69563,"Morro do Timbaú (Complexo da Maré) - Maré, Rio de Janeiro - RJ, 21042-050, Brasil",Sudeste,Rio de Janeiro,Rio de Janeiro,MARE,,MORRO DO TIMBAU (COMPLEXO DA MARE),-22.86250847	,-43.24132626,"29/01/2025, 14:40:00",true,true,PM (BOPE); PC; SSP-RJ; SSP-ES,Operação policial,,,false,1,1,0,0,0,0,0,0,0,0,0,0,0,0
69581,"Estrada Santa Maura - Jacarepaguá, Rio de Janeiro - RJ, Brasil",Sudeste,Rio de Janeiro,Rio de Janeiro,JACAREPAGUA,,,-22.9648155,-43.4021247,"30/01/2025, 06:39:00",false,true,,Tentativa/Roubo,,,false,0,0,0,1,0,0,0,0,0,0,0,0,0,0
69572,"Vila Kennedy, Rio de Janeiro - RJ, Brasil",Sudeste,Rio de Janeiro,Rio de Janeiro,VILA KENNEDY,,VILA KENNEDY,-22.8572405,-43.4892386,"30/01/2025, 07:57:00",true,true,PM (14 BPM),Ação policial,,,false,0,1,0,0,0,0,0,0,0,0,0,0,0,0
69577,"Posto XI - Rua Leopoldina Rego - Penha, Rio de Janeiro - RJ, Brasil",Sudeste,Rio de Janeiro,Rio de Janeiro,PENHA,,,-22.8418179,-43.269655,"30/01/2025, 09:00:00",true,true,PM (16 BPM),Tentativa/Roubo,,,false,0,1,0,0,0,0,0,0,0,0,0,0,0,0
69594,"Favela do Dique - Vigário Geral, Rio de Janeiro - RJ, 21241-240, Brasil",Sudeste,Rio de Janeiro,Rio de Janeiro,VIGARIO GERAL,,FAVELA DO DIQUE,-22.80273638	,-43.31908399,"30/01/2025, 18:30:00",true,true,PRF,Ação policial,,Perseguição,false,0,2,0,0,0,0,0,0,0,0,0,0,0,0
69593,"Avenida Brasil - Cidade Alta, Cordovil, Rio de Janeiro - RJ, Brasil",Sudeste,Rio de Janeiro,Rio de Janeiro,CORDOVIL,,CIDADE ALTA (COMPLEXO DE ISRAEL),-22.8155791,-43.2905109,"31/01/2025, 01:30:00",true,true,PM (BOPE); PM (BPVE); PM (1 CPA); PM (BPCHQ); PM (BAC); PM (GAM); PM (Recom); PM (BTM); PM (GESAR),Operação policial,,,false,0,0,1,0,0,0,0,0,0,0,0,0,0,0
69597,"Favela Parada de Lucas, Rio de Janeiro - RJ, 21241-367, Brasil",Sudeste,Rio de Janeiro,Rio de Janeiro,PARADA DE LUCAS,,FAVELA PARADA DE LUCAS (COMPLEXO DE ISRAEL),-22.8133644	,-43.3013488,"31/01/2025, 01:50:00",true,true,PM (BOPE); PM (BPVE); PM (1 CPA); PM (BPCHQ); PM (BAC); PM (GAM); PM (Recom); PM (BTM); PM (GESAR),Operação policial,,,false,0,0,0,0,0,0,0,0,0,0,0,0,0,0
69589,"Vigário Geral - Complexo de Israel, Rio de Janeiro - RJ, 21241-310, Brasil",Sudeste,Rio de Janeiro,Rio de Janeiro,VIGARIO GERAL,,FAVELA DE VIGARIO GERAL (COMPLEXO DE ISRAEL),-22.80801593	,-43.30553607,"31/01/2025, 02:15:00",true,true,PM (BOPE); PM (BPVE); PM (1 CPA); PM (BPCHQ); PM (BAC); PM (GAM); PM (Recom); PM (BTM); PM (GESAR),Operação policial,,,false,0,0,0,0,0,0,0,0,0,0,0,0,0,0
69591,"Furquim Mendes - Vigário Geral, Rio de Janeiro - RJ, Brasil",Sudeste,Rio de Janeiro,Rio de Janeiro,VIGARIO GERAL,,FURQUIM MENDES,-22.8060539,-43.3149972,"31/01/2025, 02:40:00",true,true,COE,Operação policial,,,false,0,0,0,0,0,0,0,0,0,0,0,0,0,0
69587,"Cidade Alta (Complexo de Israel)  - Cordovil, Rio de Janeiro - RJ, 21010-640, Brasil",Sudeste,Rio de Janeiro,Rio de Janeiro,CORDOVIL,,CIDADE ALTA (COMPLEXO DE ISRAEL),-22.82007088	,-43.29432515,"31/01/2025, 03:00:00",true,true,PM (BOPE); PM (BPVE); PM (1 CPA); PM (BPCHQ); PM (BAC); PM (GAM); PM (Recom); PM (BTM); PM (GESAR),Operação policial,,,false,0,0,0,0,0,0,0,0,0,0,0,0,0,0
69590,"Vigário Geral - Complexo de Israel, Rio de Janeiro - RJ, 21241-310, Brasil",Sudeste,Rio de Janeiro,Rio de Janeiro,VIGARIO GERAL,,FAVELA DE VIGARIO GERAL (COMPLEXO DE ISRAEL),-22.80801593	,-43.30553607,"31/01/2025, 03:00:00",true,true,PM (BOPE); PM (BPVE); PM (1 CPA); PM (BPCHQ); PM (BAC); PM (GAM); PM (Recom); PM (BTM); PM (GESAR),Operação policial,,,false,0,0,0,0,0,0,0,0,0,0,0,0,0,0
69585,"Rua Marechal Antônio Sousa, Conjunto Vila Esperança - Jardim América, Rio de Janeiro - RJ, Brasil",Sudeste,Rio de Janeiro,Rio de Janeiro,JARDIM AMERICA,,CONJUNTO VILA ESPERANCA,-22.8109475,-43.3190394,"31/01/2025, 03:00:00",true,true,PM (BOPE); PM (BPVE); PM (1 CPA); PM (BPCHQ); PM (BAC); PM (GAM); PM (Recom); PM (BTM); PM (GESAR),Operação policial,,,false,0,0,0,0,0,0,0,0,0,0,0,0,0,0
69596,"Furquim Mendes - Vigário Geral, Rio de Janeiro - RJ, Brasil",Sudeste,Rio de Janeiro,Rio de Janeiro,VIGARIO GERAL,,FURQUIM MENDES,-22.8060539,-43.3149972,"31/01/2025, 03:55:00",true,true,PM (BOPE); PM (BPVE); PM (1 CPA); PM (BPCHQ); PM (BAC); PM (GAM); PM (Recom); PM (BTM); PM (GESAR),Operação policial,,,false,0,0,0,0,0,0,0,0,0,0,0,0,0,0
69602,"Rua Teotônio de Brito - Olaria, Rio de Janeiro - RJ, Brasil",Sudeste,Rio de Janeiro,Rio de Janeiro,OLARIA,,,-22.8472724,-43.2689327,"31/01/2025, 09:00:00",false,false,,Homicidio/Tentativa,,,false,1,0,0,0,0,0,0,0,0,0,0,0,0,0
69606,"Rua Padre Manso - Madureira, Rio de Janeiro - RJ, Brasil",Sudeste,Rio de Janeiro,Rio de Janeiro,MADUREIRA,,,-22.8797586,-43.3373623,"31/01/2025, 12:55:00",false,false,,Tentativa/Roubo,,,false,0,1,0,0,0,0,0,0,0,0,0,0,0,0
69608,"Catiri - Bangu, Rio de Janeiro - RJ, Brasil",Sudeste,Rio de Janeiro,Rio de Janeiro,BANGU,,CATIRI,-22.8579082,-43.4720611,"31/01/2025, 15:00:00",true,true,PM (14 BPM),Ação policial,,,false,0,1,0,0,0,0,0,0,0,0,0,0,0,0
69604,"Borda do Mato - Grajaú, Rio de Janeiro - RJ, 20561-190, Brasil",Sudeste,Rio de Janeiro,Rio de Janeiro,GRAJAU,,BORDA DO MATO,-22.92840689	,-43.26458147,"31/01/2025, 16:00:00",false,false,,Não identificado,,,false,0,0,0,0,0,0,0,0,0,0,0,0,0,0
69616,"Rua Iperó - Curicica, Rio de Janeiro - RJ, Brasil",Sudeste,Rio de Janeiro,Rio de Janeiro,CURICICA,,,-22.94558,-43.3842138,"31/01/2025, 20:00:00",false,true,,Tentativa/Roubo,,Bar,false,0,4,0,0,0,0,0,0,0,0,0,0,0,0
69613,"Catete, Rio de Janeiro - RJ, Brasil",Sudeste,Rio de Janeiro,Rio de Janeiro,CATETE,,,-22.9268338,-43.1793449,"31/01/2025, 21:49:00",false,false,,Não identificado,,,false,0,0,0,0,0,0,0,0,0,0,0,0,0,0
69619,"Chácara do Céu - Tijuca, Rio de Janeiro - RJ, 20530-390, Brasil",Sudeste,Rio de Janeiro,Rio de Janeiro,TIJUCA,,CHACARA DO CEU (TIJUCA),-22.9353782,-43.2531083,"31/01/2025, 23:30:00",false,false,,Disputa,,,false,0,1,0,0,0,0,0,0,0,0,0,0,0,0
69615,"Pau da Bandeira (Morro dos Macacos) - Vila Isabel, Rio de Janeiro - RJ, 20560-140, Brasil",Sudeste,Rio de Janeiro,Rio de Janeiro,VILA ISABEL,,MORRO PAU DA BANDEIRA,-22.91503472	,-43.25796182,"01/02/2025, 11:55:00",false,false,,Não identificado,,,false,0,0,0,0,0,0,0,0,0,0,0,0,0,0
69620,"Av. Dom Hélder Câmara - Engenho de Dentro, Rio de Janeiro - RJ, 20771-002, Brasil",Sudeste,Rio de Janeiro,Rio de Janeiro,ENGENHO DE DENTRO,,,"-22.88670114495759 ",-43.288328310559294,"01/02/2025, 15:00:00",true,true,PM,Tentativa/Roubo,,,false,0,0,0,0,0,0,0,0,0,0,0,0,0,0
69632,"Avenida Lusitânia - Penha Circular, Rio de Janeiro - RJ, 21012-350, Brasil",Sudeste,Rio de Janeiro,Rio de Janeiro,PENHA CIRCULAR,,,-22.83137682455071,-43.281223141330145,"02/02/2025, 14:30:00",false,false,,Tentativa/Roubo,,,false,0,0,0,0,0,0,0,0,0,0,0,0,0,0
69628,"Linha Amarela - Bonsucesso, Rio de Janeiro - RJ, Brasil",Sudeste,Rio de Janeiro,Rio de Janeiro,BONSUCESSO,,,-22.8716509,-43.2562752,"03/02/2025, 03:00:00",false,true,,Arrastão,,,false,0,0,1,0,0,0,0,0,0,0,0,0,0,0
69649,"Morro do Andarai - Andaraí, Rio de Janeiro - RJ, Brasil",Sudeste,Rio de Janeiro,Rio de Janeiro,ANDARAI,,MORRO DO ANDARAI,-22.9352778,-43.2563889,"04/02/2025, 00:38:00",false,false,,Disputa,,,false,0,0,0,0,0,0,0,0,0,0,0,0,0,0
69659,"Terminal BRT Curral Falso - Estrada de Sepetiba - Santa Cruz, Rio de Janeiro - RJ, Brasil",Sudeste,Rio de Janeiro,Rio de Janeiro,SANTA CRUZ,,,-22.9365339,-43.6675311,"04/02/2025, 07:00:00",false,false,,Ataque a civis,,,false,0,6,0,0,0,0,0,0,0,0,0,0,0,3
69671,"Avenida Brasil - Vila Kennedy, Rio de Janeiro - RJ, Brasil",Sudeste,Rio de Janeiro,Rio de Janeiro,VILA KENNEDY,,VILA KENNEDY,-22.8553416,-43.4878514,"04/02/2025, 12:00:00",true,true,PM (14 BPM),Ação policial,,,false,0,0,0,0,0,0,0,0,0,0,0,0,0,0
69672,"Morro do Providência - Rua Da Bica, 28, Gamboa, Rio de Janeiro, Rio de Janeiro, Brasil",Sudeste,Rio de Janeiro,Rio de Janeiro,GAMBOA,,MORRO DA PROVIDENCIA,-22.8993373,-43.1954521,"04/02/2025, 22:10:00",false,false,,Não identificado,,,false,0,0,0,0,0,0,0,0,0,0,0,0,0,0
69674,"Praça do Bangu 2 - Conjunto Edson Fernandes dos Santos - Bangu, Rio de Janeiro - RJ, 21866-040, Brasil",Sudeste,Rio de Janeiro,Rio de Janeiro,BANGU,,CONJUNTO EDSON FERNANDES DOS SANTOS,-22.846320469272847,-43.46442929998817,"04/02/2025, 22:30:00",false,false,,Homicidio/Tentativa,,,false,1,0,0,0,0,0,0,0,0,0,1,0,0,0
69675,"Morro dos Macacos - Vila Isabel, Rio de Janeiro - RJ, 20551-630, Brasil",Sudeste,Rio de Janeiro,Rio de Janeiro,VILA ISABEL,,MORRO DOS MACACOS,-22.91189634	,-43.25524243,"04/02/2025, 23:16:00",false,false,,Disputa,,,false,0,0,0,0,0,0,0,0,0,0,0,0,0,0
69690,"R. Lemos Brito, Favela Lemos Brito (Complexo do 18) - Quintino Bocaiúva, Rio de Janeiro - RJ, 21311-380, Brasil",Sudeste,Rio de Janeiro,Rio de Janeiro,QUINTINO BOCAIUVA,,FAVELA LEMOS DE BRITO (COMPLEXO DO 18),-22.89771795089119,-43.32800789419555,"05/02/2025, 13:00:00",true,true,PM (9 BPM),Tentativa/Roubo de cargas,,,false,0,0,0,0,0,0,0,0,0,0,0,0,0,0
69691,"Avenida Brasil - Benfica, Rio de Janeiro - RJ, Brasil",Sudeste,Rio de Janeiro,Rio de Janeiro,BENFICA,,,-22.8850574,-43.2351722,"05/02/2025, 15:00:00",true,true,PM (4 BPM); PM (Segurança Presente de Caxias),Tentativa/Roubo de cargas,,,false,0,1,0,0,0,0,0,0,0,0,0,0,0,0
69686,"Viaduto Negrão de Lima - Madureira, Rio de Janeiro - RJ, 21351-971, Brasil",Sudeste,Rio de Janeiro,Rio de Janeiro,MADUREIRA,,,-22.877051918857113,-43.335579081159224,"05/02/2025, 17:33:00",false,false,,Não identificado,,,false,0,0,0,0,0,0,0,0,0,0,0,0,0,0
69692,"Favela Az de Ouro (Beira-Rio) - Anchieta, Rio de Janeiro - RJ, 21630-130, Brasil",Sudeste,Rio de Janeiro,Rio de Janeiro,ANCHIETA,,FAVELA AZ DE OURO (OU BEIRA-RIO),-22.82124054474107,	-43.4128314484172,"05/02/2025, 23:40:00",false,false,,Não identificado,,,false,0,0,0,0,0,0,0,0,0,0,0,0,0,0
69695,"Parque União (Complexo da Maré) - Maré, Rio de Janeiro - RJ, 21044-030, Brasil",Sudeste,Rio de Janeiro,Rio de Janeiro,MARE,,PARQUE UNIAO (COMPLEXO DA MARE),-22.85115502	,-43.24390164,"06/02/2025, 02:15:00",true,true,PC (DRFC),Operação policial,,,false,0,0,0,0,0,0,0,0,0,0,0,0,0,0
69694,"Parque União (Complexo da Maré) - Maré, Rio de Janeiro - RJ, 21044-030, Brasil",Sudeste,Rio de Janeiro,Rio de Janeiro,MARE,,PARQUE UNIAO (COMPLEXO DA MARE),-22.85115502,	-43.24390164,"06/02/2025, 03:46:00",true,true,PC (DRFC),Operação policial,,,false,0,0,0,0,0,0,0,0,0,0,0,0,0,0
69701,"Morro do Barbante (Vila Joaniza) - Galeão, Rio de Janeiro - RJ, 21941-660, Brasil",Sudeste,Rio de Janeiro,Rio de Janeiro,GALEAO,,MORRO DO BARBANTE (OU VILA JOANIZA),-22.81324966,	-43.22954715,"06/02/2025, 06:00:00",true,true,SSI; PM (BOPE); PM (22 BPM); PM (17° BPM); PC (19 DP); PC (21 DP); PC (22 DP); PC (37 DP),Operação policial,,,false,2,2,0,0,0,0,0,0,0,0,0,0,0,0
69718,"Favela Parque Dois Irmãos - Curicica, Rio de Janeiro - RJ, 22711-050, Brasil",Sudeste,Rio de Janeiro,Rio de Janeiro,CURICICA,,FAVELA PARQUE DOIS IRMAOS (CURICICA),-22.95105015	,-43.39378358,"06/02/2025, 15:00:00",false,false,,Disputa,,,false,0,0,0,0,0,0,0,0,0,0,0,0,0,0
69715,"Rua Sauna - Senador Camará, Rio de Janeiro - RJ, Brasil",Sudeste,Rio de Janeiro,Rio de Janeiro,SENADOR CAMARA,,,-22.8838157,-43.5052161,"06/02/2025, 18:41:00",true,true,PM (14 BPM),Ação policial,,,false,0,1,0,0,0,0,0,0,0,0,0,0,0,0
69712,"Morro da Serrinha (Complexo da Serrinha) - Madureira, Rio de Janeiro - RJ, 21360, Brasil",Sudeste,Rio de Janeiro,Rio de Janeiro,MADUREIRA,,MORRO DA SERRINHA (COMPLEXO DA SERRINHA),-22.8653569,-43.3272011,"07/02/2025, 01:24:00",false,false,,Não identificado,,,false,0,0,0,0,0,0,0,0,0,0,0,0,0,0
69722,"Morro da Caixa D'Água - Tanque, Rio de Janeiro - RJ, 22733-120, Brasil",Sudeste,Rio de Janeiro,Rio de Janeiro,TANQUE,,MORRO DA CAIXA D'AGUA (TANQUE),-22.913241152429805,-43.35790885035672,"07/02/2025, 02:30:00",true,true,PM (18 BPM),Ação policial,,,false,0,0,0,0,0,0,0,0,0,0,0,0,0,0
69714,"R. Padre Manuel da Nóbrega - Quintino Bocaiúva, Rio de Janeiro - RJ, 21381-009, Brasil",Sudeste,Rio de Janeiro,Rio de Janeiro,QUINTINO BOCAIUVA,,,-22.884689238792564,-43.310984887093525,"07/02/2025, 03:05:00",true,true,NÃO IDENTIFICADO,Tentativa/Roubo,,Perseguição,false,0,0,0,0,0,0,0,0,0,0,0,0,0,0
69716,"Morro da Caixa D'Água - Tanque, Rio de Janeiro - RJ, 22733-240",Sudeste,Rio de Janeiro,Rio de Janeiro,TANQUE,,MORRO DA CAIXA D'AGUA (TANQUE),-22.9124155,-43.3579571,"07/02/2025, 04:00:00",true,true,PM (18 PM),Ação policial,,,false,0,1,0,0,0,0,0,0,0,0,0,0,0,0
69719,"Morro da Caixa D'Água - Tanque, Rio de Janeiro - RJ, 22733-120, Brasil",Sudeste,Rio de Janeiro,Rio de Janeiro,TANQUE,,MORRO DO JORDAO,-22.912351744121295,-43.35725439135709,"07/02/2025, 04:40:00",true,true,PM (18 BPM),Ação policial,,,false,0,0,0,0,0,0,0,0,0,0,0,0,0,0
69768,"Favelinha da Renascer (Chácara do Tanque) - Tanque, Rio de Janeiro - RJ, 22733-240, Brasil",Sudeste,Rio de Janeiro,Rio de Janeiro,TANQUE,,FAVELINHA DA RENASCER (OU CHACARA DO TANQUE),-22.915556	,-43.362500,"07/02/2025, 05:00:00",true,true,PM (18 BPM),Ação policial,,,true,3,0,0,0,0,0,0,0,0,0,0,0,0,0
69735,"Rua Evangelina - Olaria, Rio de Janeiro - RJ, Brasil",Sudeste,Rio de Janeiro,Rio de Janeiro,OLARIA,,,-22.8508177,-43.2691116,"07/02/2025, 08:00:00",false,false,,Homicidio/Tentativa,,Bar,false,1,0,0,0,0,0,0,0,0,0,0,0,0,0
69736,"Morro dos Macacos - Vila Isabel, Rio de Janeiro - RJ, 20551-232, Brasil",Sudeste,Rio de Janeiro,Rio de Janeiro,VILA ISABEL,,MORRO DOS MACACOS,-22.91316236900229,-43.255482978820794,"07/02/2025, 16:30:00",false,false,,Não identificado,,,false,0,0,0,0,0,0,0,0,0,0,0,0,0,0
69748,"Rua Delfim Carlos - Olaria, Rio de Janeiro - RJ, Brasil",Sudeste,Rio de Janeiro,Rio de Janeiro,OLARIA,,,-22.8485803,-43.2696242,"07/02/2025, 17:00:00",false,false,,Homicidio/Tentativa,,,false,1,0,0,0,0,0,0,0,0,0,0,0,0,0
69742,"Morro do Juramento, Vicente de Carvalho, Rio de Janeiro, RJ, Brasil",Sudeste,Rio de Janeiro,Rio de Janeiro,VICENTE DE CARVALHO,,MORRO DO JURAMENTO (COMPLEXO DO JURAMENTO),-22.862002526221392,-43.31436716728428,"08/02/2025, 03:00:00",true,true,PM (41 BPM),Ação policial,,,false,0,1,0,0,0,0,0,0,0,0,0,0,0,0
69775,"Catiri - Bangu, Rio de Janeiro - RJ, 21863-010, Brasil",Sudeste,Rio de Janeiro,Rio de Janeiro,BANGU,,CATIRI,-22.85319795	,-43.47059105,"08/02/2025, 23:50:00",false,false,,Disputa,,,false,0,0,0,0,0,0,0,0,0,0,0,0,0,0
69761,"Morro do Fubá (Complexo do Fubá) - Cascadura, Rio de Janeiro - RJ, 21311-130, Brasil",Sudeste,Rio de Janeiro,Rio de Janeiro,CASCADURA,,MORRO DO FUBA (COMPLEXO DO FUBA),-22.892324971301786,-43.33377861518315,"09/02/2025, 16:50:00",false,false,,Não identificado,,,false,0,0,0,0,0,0,0,0,0,0,0,0,0,0
69763,"Morro do Jordão - Tanque, Rio de Janeiro - RJ, 22725-590, Brasil",Sudeste,Rio de Janeiro,Rio de Janeiro,TANQUE,,MORRO DO JORDAO,-22.91094354	,-43.37403875,"10/02/2025, 02:00:00",false,false,,Não identificado,,,false,0,0,0,0,0,0,0,0,0,0,0,0,0,0
69765,"Morro do Fubá (Complexo do Fubá) - Cascadura, Rio de Janeiro - RJ, 21311-130, Brasil",Sudeste,Rio de Janeiro,Rio de Janeiro,CASCADURA,,MORRO DO FUBA (COMPLEXO DO FUBA),-22.892324971301786	,-43.33377861518315,"10/02/2025, 03:30:00",false,false,,Não identificado,,,false,0,0,0,0,0,0,0,0,0,0,0,0,0,0
69780,"Estacionamento do Shopping - Bangu, Rio de Janeiro - RJ, Brasil",Sudeste,Rio de Janeiro,Rio de Janeiro,BANGU,,,-22.8795232,-43.468913,"10/02/2025, 09:00:00",false,false,,Homicidio/Tentativa,,,false,1,0,0,0,0,0,0,0,0,0,0,0,0,0
69791,"Estr. do Otaviano - Turiaçú, Rio de Janeiro - RJ, 21540-010, Brasil",Sudeste,Rio de Janeiro,Rio de Janeiro,TURIACU,,,-22.8615338,-43.3436789,"10/02/2025, 19:00:00",false,false,,Tentativa/Roubo,,,false,0,1,0,0,0,0,0,0,0,0,0,0,0,0
69797,"Av. Brasil - Vila Kennedy, Rio de Janeiro - RJ, 21850-480, Brasil",Sudeste,Rio de Janeiro,Rio de Janeiro,VILA KENNEDY,,VILA KENNEDY,-22.85551037597021,-43.489539007409675,"11/02/2025, 09:05:00",true,true,PM (BPVE); PM (14 BPM),Operação policial,,,false,0,1,0,0,0,0,0,0,0,0,0,0,0,0
69804,"Morro do Fubá (Complexo do Fubá) - Cascadura, Rio de Janeiro - RJ, 21311-130, Brasil",Sudeste,Rio de Janeiro,Rio de Janeiro,CASCADURA,,MORRO DO FUBA (COMPLEXO DO FUBA),-22.892324971301786,	-43.33377861518315,"11/02/2025, 15:34:00",false,false,,Disputa,,,false,2,0,0,0,0,0,0,0,0,0,0,0,0,0
69808,"Av. Marechal Fontenele - Jardim Sulacap, Rio de Janeiro - RJ, 21750-001, Brasil",Sudeste,Rio de Janeiro,Rio de Janeiro,JARDIM SULACAP,,,-22.884453013945958,-43.40460938728147,"11/02/2025, 17:30:00",true,true,PM,Tentativa/Roubo,,,false,0,0,0,0,0,0,0,0,0,0,0,0,0,0
69810,"Morro da Serrinha (Complexo da Serrinha) - Madureira, Rio de Janeiro - RJ, 21360, Brasil",Sudeste,Rio de Janeiro,Rio de Janeiro,MADUREIRA,,MORRO DA SERRINHA (COMPLEXO DA SERRINHA),-22.8653569,-43.3272011,"12/02/2025, 02:42:00",true,true,PM (COE); PM (9 BPM); PM (40 BPM); PM (27 BPM); PM (2 CPA),Operação policial,,,false,0,0,0,0,0,0,0,0,0,0,0,0,0,0
69822,"Complexo de Israel - Vigário Geral, Rio de Janeiro - RJ, 21241-310, Brasil",Sudeste,Rio de Janeiro,Rio de Janeiro,VIGARIO GERAL,,FAVELA DE VIGARIO GERAL (COMPLEXO DE ISRAEL),-22.80801593,-43.30553607,"12/02/2025, 10:00:00",true,true,PM (GAM); PM; PC,Ação policial,,,false,0,2,0,0,0,0,0,0,0,0,0,0,0,0
69821,"Cidade Alta - Parada de Lucas, Rio de Janeiro - RJ, 21010-325, Brasil",Sudeste,Rio de Janeiro,Rio de Janeiro,PARADA DE LUCAS,,CIDADE ALTA (COMPLEXO DE ISRAEL),-22.818369950781705,-43.29921749924316,"12/02/2025, 10:53:00",true,true,PM (GAM); PM; PC,Operação policial,,,false,0,0,0,0,0,0,0,0,0,0,0,0,0,0
69824,"Conjunto Amarelinho- Acari, Rio de Janeiro - RJ, 21531-300, Brasil",Sudeste,Rio de Janeiro,Rio de Janeiro,ACARI,,CONJUNTO AMARELINHO,-22.82538495,-43.3394958,"12/02/2025, 13:40:00",false,false,,Não identificado,,,false,0,0,0,0,0,0,0,0,0,0,0,0,0,0
69828,"R. Domingos Mondim, Favela Praia da Rosa - Tauá (Ilha do Governador), Rio de Janeiro - RJ, 21920-060, Brasil",Sudeste,Rio de Janeiro,Rio de Janeiro,TAUA,,FAVELA PRAIA DA ROSA,-22.792187,	-43.1890573,"12/02/2025, 14:00:00",true,true,PM (17 BPM),Ação policial,,,false,0,0,0,0,0,0,0,0,0,0,0,0,0,0
69825,"Favela de Acari - Acari, Rio de Janeiro - RJ, 21531-060, Brasil",Sudeste,Rio de Janeiro,Rio de Janeiro,ACARI,,FAVELA DE ACARI,-22.82529478	,-43.34453914,"12/02/2025, 15:36:00",true,true,não identificado,Ação policial,,,false,0,0,0,0,0,0,0,0,0,0,0,0,0,0
69827,"Cascadura, Rio de Janeiro - RJ, Brasil",Sudeste,Rio de Janeiro,Rio de Janeiro,CASCADURA,,,-22.8821983,-43.3247002,"12/02/2025, 16:00:00",true,true,PM (3 BPM),Tentativa/Roubo,,,false,1,1,0,0,0,0,0,0,0,0,0,0,0,0
69840,"Estrada do Outeiro Santo - Taquara, Rio de Janeiro - RJ, Brasil",Sudeste,Rio de Janeiro,Rio de Janeiro,TAQUARA,,,-22.9294793,-43.3916636,"13/02/2025, 07:48:00",false,false,,Não identificado,,,false,0,0,0,0,0,0,0,0,0,0,0,0,0,0
69847,"Gardênia Azul, Rio de Janeiro - RJ, Brasil",Sudeste,Rio de Janeiro,Rio de Janeiro,GARDENIA AZUL,,,-22.9582037,-43.3529536,"13/02/2025, 12:00:00",true,true,PM (18 BPM),Ação policial,,,false,0,0,0,0,0,0,0,0,0,0,0,0,0,0
69841,"Morro do Juramento - Vicente de Carvalho, Rio de Janeiro - RJ, Brasil",Sudeste,Rio de Janeiro,Rio de Janeiro,VICENTE DE CARVALHO,,MORRO DO JURAMENTO (COMPLEXO DO JURAMENTO),-22.8627778,-43.3152778,"13/02/2025, 14:40:00",false,false,,Disputa,,,false,0,1,0,0,0,0,0,0,0,0,0,0,0,0
69851,"Morro da Congonha (Complexo do Cajueiro) - Madureira, Rio de Janeiro - RJ, 21360-201, Brasil",Sudeste,Rio de Janeiro,Rio de Janeiro,MADUREIRA,,MORRO DA CONGONHA (COMPLEXO DO CAJUEIRO),-22.86285092	,-43.33422047,"13/02/2025, 19:23:00",false,false,,Disputa,,,false,0,0,0,0,0,0,0,0,0,0,0,0,0,0
69852,"Morro do Fubá (Complexo do Fubá) - Cascadura, Rio de Janeiro - RJ, 21311-130, Brasil",Sudeste,Rio de Janeiro,Rio de Janeiro,CASCADURA,,MORRO DO FUBA (COMPLEXO DO FUBA),-22.892324971301786,	-43.33377861518315,"13/02/2025, 20:50:00",false,false,,Disputa,,,false,0,0,0,0,0,0,0,0,0,0,0,0,0,0
69853,"Morro do Juramento (Complexo do Juramento) - Vicente de Carvalho, Rio de Janeiro, RJ, Brasil",Sudeste,Rio de Janeiro,Rio de Janeiro,VICENTE DE CARVALHO,,MORRO DO JURAMENTO (COMPLEXO DO JURAMENTO),-22.86204124	,-43.31545844,"13/02/2025, 20:55:00",false,false,,Disputa,,,false,0,0,0,0,0,0,0,0,0,0,0,0,0,0
69859,"Morro do Fubá (Complexo do Fubá) - Cascadura, Rio de Janeiro - RJ, 21311-130, Brasil",Sudeste,Rio de Janeiro,Rio de Janeiro,CASCADURA,,MORRO DO FUBA (COMPLEXO DO FUBA),-22.892324971301786	,-43.33377861518315,"14/02/2025, 07:25:00",false,false,,Disputa,,,false,0,0,0,0,0,0,0,0,0,0,0,0,0,0
69854,"Rua Uranos, Bonsucesso, Rio de Janeiro, RJ, Brasil",Sudeste,Rio de Janeiro,Rio de Janeiro,BONSUCESSO,,,-22.872790791268894,-43.253757803165044,"14/02/2025, 07:36:00",false,false,,Não identificado,,,false,0,0,0,0,0,0,0,0,0,0,0,0,0,0
69869,"Morro do Juramento (Complexo do Juramento) - Vicente de Carvalho, Rio de Janeiro - RJ, 21371-060, Brasil",Sudeste,Rio de Janeiro,Rio de Janeiro,VICENTE DE CARVALHO,,MORRO DO JURAMENTO (COMPLEXO DO JURAMENTO),-22.858901893258793,-43.31664653286504,"14/02/2025, 17:00:00",false,false,,Disputa,,,false,0,0,0,0,0,0,0,0,0,0,0,0,0,0
69871,"Morro do Juramento (Complexo do Juramento)- Vicente de Carvalho, Rio de Janeiro - RJ, 21371-122, Brasil",Sudeste,Rio de Janeiro,Rio de Janeiro,VICENTE DE CARVALHO,,MORRO DO JURAMENTO (COMPLEXO DO JURAMENTO),-22.858510837276096,-43.316340114819326,"14/02/2025, 18:00:00",false,false,,Disputa,,,false,0,0,0,0,0,0,0,0,0,0,0,0,0,0
69877,"Rua das Acácias - Gávea, Rio de Janeiro - RJ, Brasil",Sudeste,Rio de Janeiro,Rio de Janeiro,GAVEA,,,-22.9751562,-43.2294524,"14/02/2025, 18:30:00",false,true,,Tentativa/Roubo,,,false,1,0,0,0,0,0,0,0,0,0,0,0,0,0
69876,"Morro da Muzema, Itanhangá - Rio de Janeiro, RJ, Brasil",Sudeste,Rio de Janeiro,Rio de Janeiro,ITANHANGA,,MORRO DA MUZEMA,-22.98252022	,-43.32289413,"15/02/2025, 06:45:00",true,true,PM (BPCHQ),Ação policial,,,false,0,2,0,0,0,0,0,0,0,0,0,0,0,0
69879,"Morro do Juramento (Complexo do Juramento) - Vicente de Carvalho, Rio de Janeiro, RJ, Brasil",Sudeste,Rio de Janeiro,Rio de Janeiro,VICENTE DE CARVALHO,,MORRO DO JURAMENTO (COMPLEXO DO JURAMENTO),-22.86204124	,-43.31545844,"15/02/2025, 09:50:00",false,false,,Disputa,,,false,0,0,0,0,0,0,0,0,0,0,0,0,0,0
69878,"Morro do Juramento (Complexo do Juramento) - Tomás Coelho, Rio de Janeiro, RJ, Brasil",Sudeste,Rio de Janeiro,Rio de Janeiro,TOMAS COELHO,,MORRO DO JURAMENTO (COMPLEXO DO JURAMENTO),-22.862486109761665,-43.31281914632934,"15/02/2025, 10:30:00",false,false,,Disputa,,,false,0,0,0,0,0,0,0,0,0,0,0,0,0,0
69885,"Morro dos Macacos - Vila Isabel, Rio de Janeiro - RJ, 20551-230, Brasil",Sudeste,Rio de Janeiro,Rio de Janeiro,VILA ISABEL,,MORRO DOS MACACOS,-22.912055548243032,-43.255440063476556,"15/02/2025, 21:51:00",false,false,,Não identificado,,,false,0,0,0,0,0,0,0,0,0,0,0,0,0,0
69895,"Morro do Juramento - Vicente de Carvalho, Rio de Janeiro - RJ, 21371-010, Brasil",Sudeste,Rio de Janeiro,Rio de Janeiro,VICENTE DE CARVALHO,,MORRO DO JURAMENTO (COMPLEXO DO JURAMENTO),-22.85981581834818,-43.31745591376952,"16/02/2025, 14:50:00",false,false,,Disputa,,Tiroteio contínuo,false,0,0,0,0,0,0,0,0,0,0,0,0,0,0
69896,"Morro do Juramento - Vicente de Carvalho, Rio de Janeiro - RJ, 21371-010, Brasil",Sudeste,Rio de Janeiro,Rio de Janeiro,VICENTE DE CARVALHO,,MORRO DO JURAMENTO (COMPLEXO DO JURAMENTO),-22.85853060981008,-43.31702676032714,"16/02/2025, 15:50:00",false,false,,Disputa,,,false,0,0,0,0,0,0,0,0,0,0,0,0,0,0
69897,"Morro do Juramento - Vicente de Carvalho, Rio de Janeiro - RJ, 21371-010, Brasil",Sudeste,Rio de Janeiro,Rio de Janeiro,VICENTE DE CARVALHO,,MORRO DO JURAMENTO (COMPLEXO DO JURAMENTO),-22.85845151965692,-43.31695165847472,"16/02/2025, 16:50:00",false,false,,Disputa,,,false,0,0,0,0,0,0,0,0,0,0,0,0,0,0
69898,"Morro do Juramento - Vicente de Carvalho, Rio de Janeiro - RJ, 21371-080, Brasil",Sudeste,Rio de Janeiro,Rio de Janeiro,VICENTE DE CARVALHO,,MORRO DO JURAMENTO (COMPLEXO DO JURAMENTO),-22.859133670714463,-43.31715550635985,"16/02/2025, 18:05:00",false,false,,Disputa,,,false,0,0,0,0,0,0,0,0,0,0,0,0,0,0
69924,"Morro do Juramento - Vicente de Carvalho, Rio de Janeiro - RJ, 21220, Brasil",Sudeste,Rio de Janeiro,Rio de Janeiro,VICENTE DE CARVALHO,,MORRO DO JURAMENTO (COMPLEXO DO JURAMENTO),-22.859609259560674,-43.313934945279534,"16/02/2025, 22:30:00",false,false,,Não identificado,,,false,0,0,0,0,0,0,0,0,0,0,0,0,0,0
69901,"Morro do Juramento (Complexo do Juramento) - Vicente de Carvalho, Rio de Janeiro, RJ, Brasil",Sudeste,Rio de Janeiro,Rio de Janeiro,VICENTE DE CARVALHO,,MORRO DO JURAMENTO (COMPLEXO DO JURAMENTO),-22.86204124	,-43.31545844,"17/02/2025, 03:05:00",false,false,,Disputa,,,false,0,0,0,0,0,0,0,0,0,0,0,0,0,0
69903,"Irajá - Passarela 25, Rio de Janeiro - RJ, 21230-045, Brasil",Sudeste,Rio de Janeiro,Rio de Janeiro,IRAJA,,,-22.82302622570002,-43.330609592575605,"17/02/2025, 03:29:00",false,false,,Não identificado,,,false,0,0,0,0,0,0,0,0,0,0,0,0,0,0
69904,"Rua Conselheiro Galvão - Madureira, Rio de Janeiro - RJ, Brasil",Sudeste,Rio de Janeiro,Rio de Janeiro,MADUREIRA,,,-22.8724517,-43.3363996,"17/02/2025, 03:36:00",false,false,,Não identificado,,,false,0,0,0,0,0,0,0,0,0,0,0,0,0,0
69905,"Morro da Camarista - Engenho de Dentro, Rio de Janeiro - RJ, 20730-130, Brasil",Sudeste,Rio de Janeiro,Rio de Janeiro,ENGENHO DE DENTRO,,MORRO DA CAMARISTA (COMPLEXO DO LINS),-22.91160375	,-43.29866574,"17/02/2025, 03:46:00",true,true,NI,Tentativa/Roubo de cargas,,,false,0,0,0,0,0,0,0,0,0,0,0,0,0,0
69907,"Morro da Serrinha (Complexo da Serrinha) - Madureira, Rio de Janeiro - RJ, 21360-320, Brasil",Sudeste,Rio de Janeiro,Rio de Janeiro,MADUREIRA,,MORRO DA SERRINHA (COMPLEXO DA SERRINHA),-22.86651325	,-43.32711774,"17/02/2025, 03:56:00",true,true,NI,Operação policial,,,false,0,0,0,0,0,0,0,0,0,0,0,0,0,0
69906,"Morro do Sertão - Anil, Rio de Janeiro - RJ, 22753-630, Brasil",Sudeste,Rio de Janeiro,Rio de Janeiro,ANIL,,FAVELA DO SERTAO,-22.96538225,	-43.3208615,"17/02/2025, 04:01:00",false,false,,Não identificado,,,false,0,0,0,0,0,0,0,0,0,0,0,0,0,0
69908,"Morro do Juramento (Complexo do Juramento) - Vicente de Carvalho, Rio de Janeiro, RJ, Brasil",Sudeste,Rio de Janeiro,Rio de Janeiro,VICENTE DE CARVALHO,,MORRO DO JURAMENTO (COMPLEXO DO JURAMENTO),-22.86204124	,-43.31545844,"17/02/2025, 04:30:00",false,false,,Disputa,,,false,0,0,0,0,0,0,0,0,0,0,0,0,0,0
69922,"Avenida das Américas - Barra da Tijuca, Rio de Janeiro - RJ, Brasil",Sudeste,Rio de Janeiro,Rio de Janeiro,BARRA DA TIJUCA,,,-23.0007498,-43.3835775,"17/02/2025, 05:45:00",false,true,,Homicidio/Tentativa,,,false,0,0,1,0,0,0,0,0,0,0,0,0,0,0
69929,"Av. das Américas - Barra da Tijuca, Rio de Janeiro - RJ, Brasil",Sudeste,Rio de Janeiro,Rio de Janeiro,BARRA DA TIJUCA,,,-23.0007498,-43.3835775,"17/02/2025, 11:00:00",false,true,,Briga,,Ataques armados sobre rodas,false,0,0,0,0,0,0,0,0,0,0,0,0,0,0
69932,"Rua Barão de Capanema - Bangu, Rio de Janeiro - RJ, Brasil",Sudeste,Rio de Janeiro,Rio de Janeiro,BANGU,,,-22.8826382,-43.4697397,"17/02/2025, 12:00:00",false,true,,Homicidio/Tentativa,,,false,0,0,1,0,0,0,0,0,0,0,0,0,0,0
69933,"Avenida Rainha Elisabeth - Copacabana, Rio de Janeiro - RJ, Brasil",Sudeste,Rio de Janeiro,Rio de Janeiro,COPACABANA,,,-22.9854942,-43.1928888,"17/02/2025, 21:00:00",false,false,,Tentativa/Roubo,,,false,1,0,0,0,0,0,0,0,0,0,0,0,0,0
69947,"Ladeira do Leme - Copacabana, Rio de Janeiro - RJ, 22011-080, Brasil",Sudeste,Rio de Janeiro,Rio de Janeiro,COPACABANA,,,-22.96451547552996,-43.18027125714721,"18/02/2025, 10:50:00",false,false,,Homicidio/Tentativa,,,false,0,1,0,0,0,0,0,0,0,0,0,0,0,0
69949,"Rua Mogiqui, Complexo da Pedreira - Costa Barros, Rio de Janeiro - RJ, Brasil",Sudeste,Rio de Janeiro,Rio de Janeiro,COSTA BARROS,,COMPLEXO DA PEDREIRA,-22.8225501,-43.3704118,"18/02/2025, 13:00:00",true,true,PM (41 BPM),Ação policial,,,false,0,3,0,1,0,0,0,0,0,1,0,0,0,0
69950,"Rua Varginha - Barra de Guaratiba, Rio de Janeiro - RJ, Brasil",Sudeste,Rio de Janeiro,Rio de Janeiro,BARRA DE GUARATIBA,,,-23.0421489,-43.5547935,"18/02/2025, 19:58:00",false,false,,Não identificado,,,false,0,0,0,0,0,0,0,0,0,0,0,0,0,0
69955,"Vila Aliança - Bangu, Rio de Janeiro - RJ, 21842-160, Brasil",Sudeste,Rio de Janeiro,Rio de Janeiro,BANGU,,VILA ALIANCA,-22.86909773	,-43.47777013,"18/02/2025, 22:00:00",false,false,,Tiros a esmo,,,false,0,0,0,0,0,0,0,0,0,0,0,0,0,0
69952,"Morro do Juramento (Complexo do Juramento) - Vicente de Carvalho, Rio de Janeiro, RJ, Brasil",Sudeste,Rio de Janeiro,Rio de Janeiro,VICENTE DE CARVALHO,,MORRO DO JURAMENTO (COMPLEXO DO JURAMENTO),-22.86204124	,-43.31545844,"19/02/2025, 02:30:00",false,false,,Não identificado,,,false,0,0,0,0,0,0,0,0,0,0,0,0,0,0
69953,"Morro do Juramento (Complexo do Juramento) - Tomás Coelho, Rio de Janeiro, RJ, Brasil",Sudeste,Rio de Janeiro,Rio de Janeiro,TOMAS COELHO,,MORRO DO JURAMENTO (COMPLEXO DO JURAMENTO),-22.862486109761665,-43.31281914632934,"19/02/2025, 03:39:00",false,false,,Não identificado,,,false,0,0,0,0,0,0,0,0,0,0,0,0,0,0
69964,"Brás de Pina, Rio de Janeiro - RJ, Brasil",Sudeste,Rio de Janeiro,Rio de Janeiro,BRAS DE PINA,,,-22.8344389,-43.3027813,"19/02/2025, 07:00:00",true,true,PM (16 BPM),Tentativa/Roubo de cargas,,,false,0,0,0,0,0,0,0,0,0,0,0,0,0,0
69965,"Complexo do Chapadão - Costa Barros, Rio de Janeiro - RJ, 21755-470, Brasil",Sudeste,Rio de Janeiro,Rio de Janeiro,COSTA BARROS,,COMPLEXO DO CHAPADAO,-22.82326393	,-43.37707903,"19/02/2025, 08:50:00",false,false,,Não identificado,,,false,0,0,0,0,0,0,0,0,0,0,0,0,0,0
69969,"UNIRIO - Avenida Pasteur - Urca, Rio de Janeiro - RJ, Brasil",Sudeste,Rio de Janeiro,Rio de Janeiro,URCA,,,-22.9551773,-43.1691755,"19/02/2025, 12:00:00",true,true,PM (2 BPM),Ação policial,,Outros,false,0,1,0,0,0,0,0,0,0,0,0,0,0,0
69973,"Juramentinho- Tomás Coelho, Rio de Janeiro - RJ, 21220-770, Brasil",Sudeste,Rio de Janeiro,Rio de Janeiro,TOMAS COELHO,,MORRO DO JURAMENTINHO (COMPLEXO DO JURAMENTO),-22.860666082997927,-43.30496104586914,"20/02/2025, 03:14:00",true,true,PM (3 BPM),Operação policial,,,false,0,0,0,0,0,0,0,0,0,0,0,0,0,0
69989,"Rua Coirana - Brás de Pina, Rio de Janeiro - RJ, Brasil",Sudeste,Rio de Janeiro,Rio de Janeiro,BRAS DE PINA,,,-22.8298626,-43.2913346,"20/02/2025, 19:13:00",false,false,,Não identificado,,,false,0,0,0,0,0,0,0,0,0,0,0,0,0,0
69994,"Conjunto do IPASE - Vila Kosmos, Rio de Janeiro - RJ, 21210-840, Brasil",Sudeste,Rio de Janeiro,Rio de Janeiro,VILA KOSMOS,,CONJUNTO DO IPASE,-22.84845508	,-43.30446505,"21/02/2025, 02:40:00",true,true,PM (41 BPM),Operação policial,,,false,0,0,0,0,0,0,0,0,0,0,0,0,0,0
69998,"Conjunto Esperança - Complexo da Maré, Rio de Janeiro - RJ, 21041-590, Brasil",Sudeste,Rio de Janeiro,Rio de Janeiro,MARE,,CONJUNTO ESPERANCA (COMPLEXO DA MARE),-22.87599978	,-43.23824142,"21/02/2025, 03:00:00",true,true,PM (CORE),Operação policial,,,false,0,0,0,0,0,0,0,0,0,0,0,0,0,0
69991,"Morro do Fé - Complexo da Penha, Rio de Janeiro - RJ, 21210-154, Brasil",Sudeste,Rio de Janeiro,Rio de Janeiro,PENHA,,MORRO DA FE (COMPLEXO DA PENHA),-22.84569402086696,-43.29688224526063,"21/02/2025, 03:11:00",true,true,PM (16 BPM); PM (CPP),Operação policial,,,false,0,1,0,0,0,0,0,0,0,0,0,0,0,0
69996,"Vila do João - Complexo da Maré, Rio de Janeiro - RJ, 21046-630, Brasil",Sudeste,Rio de Janeiro,Rio de Janeiro,MARE,,VILA DO JOAO (COMPLEXO DA MARE),-22.87117627	,-43.2410853,"21/02/2025, 03:24:00",true,true,PC (CORE),Operação policial,,,false,0,0,0,0,0,0,0,0,0,0,0,0,0,0
69997,"Morro do Juramentinho (Complexo do Juramento) - Tomás Coelho, Rio de Janeiro - RJ, 21220-770, Brasil",Sudeste,Rio de Janeiro,Rio de Janeiro,TOMAS COELHO,,MORRO DO JURAMENTINHO (COMPLEXO DO JURAMENTO),-22.86159537424765,-43.30545457232788,"21/02/2025, 03:27:00",true,true,PM (3 BPM),Operação policial,,,false,0,0,0,0,0,0,0,0,0,0,0,0,0,0
70000,"Vila do João - Complexo da Maré, Rio de Janeiro - RJ, 21046-630, Brasil",Sudeste,Rio de Janeiro,Rio de Janeiro,MARE,,VILA DO JOAO (COMPLEXO DA MARE),-22.87117627	,-43.2410853,"21/02/2025, 06:25:00",false,false,,Não identificado,,,false,0,0,0,0,0,0,0,0,0,0,0,0,0,0
70042,"Cidade Alta - Cordovil, Rio de Janeiro - RJ, 21010-640, Brasil",Sudeste,Rio de Janeiro,Rio de Janeiro,CORDOVIL,,CIDADE ALTA (COMPLEXO DE ISRAEL),-22.82007088,-43.29432515,"21/02/2025, 07:00:00",false,false,,Homicidio/Tentativa,,Entrada na Favela por Engano,false,0,1,0,0,0,0,0,0,0,0,0,0,0,1
70005,"Complexo do Lins - Lins de Vasconcelos, Rio de Janeiro - RJ, 20725-140, Brasil",Sudeste,Rio de Janeiro,Rio de Janeiro,LINS DE VASCONCELOS,,COMPLEXO DO LINS,-22.91534468	,-43.28452174,"21/02/2025, 07:00:00",true,true,PM (BOPE),Operação policial,,,false,1,0,0,0,0,0,0,0,0,0,0,0,0,0
70020,"Av. Ataulfo de Paiva, Leblon, Rio de Janeiro - RJ, 22440-034, Brasil",Sudeste,Rio de Janeiro,Rio de Janeiro,LEBLON,,,-22.98576151140396,-43.2269636,"22/02/2025, 04:00:00",true,true,PM (BOPE); PM (23 BPM),Sequestro/Cárcere Privado,,,false,1,0,0,0,0,0,0,0,0,0,0,0,0,0
70029,"Estrada da Água Branca - Realengo, Rio de Janeiro - RJ, Brasil",Sudeste,Rio de Janeiro,Rio de Janeiro,REALENGO,,,-22.867718,-43.4445508,"23/02/2025, 07:00:00",true,true,PM (14 BPM),Ação policial,,,false,0,3,0,0,0,0,0,0,0,0,0,0,0,0
70030,"Morro do Fubá - Cascadura, Rio de Janeiro - RJ, 21311-190, Brasil",Sudeste,Rio de Janeiro,Rio de Janeiro,CASCADURA,,MORRO DO FUBA (COMPLEXO DO FUBA),-22.887170881507046,-43.3296777994172,"23/02/2025, 15:15:00",false,false,,Disputa,,,false,1,0,0,0,0,0,0,0,0,0,0,0,0,0
70052,"Viaduto da Penha - Penha Circular, Rio de Janeiro - RJ, 21020, Brasil",Sudeste,Rio de Janeiro,Rio de Janeiro,PENHA CIRCULAR,,,-22.837315580013442,-43.284608293233134,"23/02/2025, 22:20:00",false,true,,Homicidio/Tentativa,,,false,0,1,0,0,0,0,0,0,0,0,0,0,0,0
70032,"Morro do Barbante - Galeão, Rio de Janeiro - RJ, 21941-660, Brasil",Sudeste,Rio de Janeiro,Rio de Janeiro,GALEAO,,MORRO DO BARBANTE (OU VILA JOANIZA),-22.8132622,-43.2294558,"24/02/2025, 04:54:00",true,true,PM (17 BPM),Ação policial,,,false,0,0,0,0,0,0,0,0,0,0,0,0,0,0
70053,"Vargem Grande, Rio de Janeiro - RJ, Brasil",Sudeste,Rio de Janeiro,Rio de Janeiro,VARGEM GRANDE,,,-22.9762943,-43.4941932,"24/02/2025, 08:00:00",false,false,,Homicidio/Tentativa,,,false,1,0,0,0,0,0,0,0,0,0,0,0,0,0
70061,"R. da Passagem - Jacarepaguá, Rio de Janeiro - RJ, Brasil",Sudeste,Rio de Janeiro,Rio de Janeiro,JACAREPAGUA,,RIO DAS PEDRAS,-22.9745907,-43.3347499,"24/02/2025, 19:00:00",false,false,,Homicidio/Tentativa,,,false,1,0,0,0,0,0,0,0,0,0,0,0,0,0
70055,"Boogie Woogie - Pitangueiras, Rio de Janeiro - RJ, 21932-230, Brasil",Sudeste,Rio de Janeiro,Rio de Janeiro,PITANGUEIRAS,,MORRO DO BOOGIE WOOGIE,-22.817177649999973,-43.18337745978699,"25/02/2025, 05:05:00",true,true,PM (17 BPM),Ação policial,,,false,0,1,0,0,0,0,0,0,0,0,0,0,0,0
70057,"Complexo do Chapadão - Costa Barros, Rio de Janeiro - RJ, 21755-470, Brasil",Sudeste,Rio de Janeiro,Rio de Janeiro,COSTA BARROS,,COMPLEXO DO CHAPADAO,-22.822482710213038,-43.377068301163945,"25/02/2025, 05:20:00",false,false,,Não identificado,,,false,0,0,0,0,0,0,0,0,0,0,0,0,0,0
70058,"R. Alm. Alexandrino - Santa Teresa, Rio de Janeiro - RJ, Brasil",Sudeste,Rio de Janeiro,Rio de Janeiro,SANTA TERESA,,,-22.9320416,-43.1971936,"25/02/2025, 06:38:00",false,false,,Não identificado,,,false,0,0,0,0,0,0,0,0,0,0,0,0,0,0
70068,"Avenida Brasil - Benfica, Rio de Janeiro - RJ, Brasil",Sudeste,Rio de Janeiro,Rio de Janeiro,BENFICA,,,-22.8850574,-43.2351722,"25/02/2025, 08:50:00",false,false,,Tentativa/Roubo de cargas,,Presença de Agente Privado de Segurança,false,1,0,0,0,0,0,0,0,0,0,0,0,0,0
70073,"Avenida Meriti - Jardim América, Rio de Janeiro - RJ, Brasil",Sudeste,Rio de Janeiro,Rio de Janeiro,JARDIM AMERICA,,,-22.8171144,-43.3163957,"25/02/2025, 13:00:00",false,true,,Tentativa/Roubo,,,false,0,0,1,0,0,0,0,0,0,0,0,0,0,0
70072,"Rua São João Batista - Botafogo, Rio de Janeiro - RJ, Brasil",Sudeste,Rio de Janeiro,Rio de Janeiro,BOTAFOGO,,,-22.9571435,-43.1893433,"25/02/2025, 14:00:00",true,true,PM (Cia Tabajaras),Ação policial,,,false,0,1,0,0,0,0,0,0,0,0,0,0,0,0
70074,"Av. João XXIII - Santa Cruz, Rio de Janeiro - RJ, 23560-352, Brasil",Sudeste,Rio de Janeiro,Rio de Janeiro,SANTA CRUZ,,,"-22.91043045352198 ",-43.69273159911407,"25/02/2025, 17:25:00",false,false,,Não identificado,,,false,0,0,0,0,0,0,0,0,0,0,0,0,0,0
70086,"Av. Brasil - Barros Filho, Rio de Janeiro - RJ, Brasil",Sudeste,Rio de Janeiro,Rio de Janeiro,BARROS FILHO,,,-22.8379528,-43.3655439,"26/02/2025, 11:39:00",true,true,PC (DESARME),Tentativa/Roubo,,,false,1,1,0,0,0,0,0,0,0,0,0,0,0,0
70090,"Praia da Barra da Tijuca, Barra da Tijuca, Rio de Janeiro - RJ, 22630-010, Brasil",Sudeste,Rio de Janeiro,Rio de Janeiro,BARRA DA TIJUCA,,,-23.01180837044538,-43.3269995348404,"26/02/2025, 14:05:00",false,false,,Tentativa/Roubo,,,false,0,2,0,0,0,0,0,0,0,0,0,0,0,0
70096,"Morro dos Macacos - Vila Isabel, Rio de Janeiro - RJ, 20551-630, Brasil",Sudeste,Rio de Janeiro,Rio de Janeiro,VILA ISABEL,,MORRO DOS MACACOS,-22.91189634	,-43.25524243,"27/02/2025, 05:13:00",true,true,PM (UPP-Macacos); PC,Operação policial,,,false,0,0,0,0,0,0,0,0,0,0,0,0,0,0
70109,"R. Prof. Rodolpho Paulo Rocco,  Cidade Universitária, Rio de Janeiro - RJ, 21941-617, Brasil",Sudeste,Rio de Janeiro,Rio de Janeiro,CIDADE UNIVERSITARIA,,,-22.841994475862673,-43.238984977523806,"27/02/2025, 11:04:00",false,false,,Tentativa/Roubo,,Ataques armados sobre rodas,false,0,0,0,0,0,0,0,0,0,0,0,0,0,0
70107,"Rua Roque Barbosa - Bangu, Rio de Janeiro - RJ, Brasil",Sudeste,Rio de Janeiro,Rio de Janeiro,BANGU,,,-22.848555,-43.4652765,"27/02/2025, 13:05:00",false,false,,Não identificado,,,false,0,0,0,0,0,0,0,0,0,0,0,0,0,0
70116,"Fallet-Fogueteiro - Santa Teresa, Rio de Janeiro - RJ, 20251-250, Brasil",Sudeste,Rio de Janeiro,Rio de Janeiro,SANTA TERESA,,FALLET/FOGUETEIRO,-22.92641055,-43.19702099,"28/02/2025, 05:00:00",true,true,PM,Operação policial,,,false,0,0,0,0,0,0,0,0,0,0,0,0,0,0
70143,"Avenida Brasil - Ramos, Rio de Janeiro - RJ, Brasil",Sudeste,Rio de Janeiro,Rio de Janeiro,RAMOS,,,-22.8509235,-43.2477577,"28/02/2025, 06:00:00",false,false,,Tentativa/Roubo,,,false,0,0,0,0,0,0,0,0,0,0,0,0,0,0
70131,"Estr. do Pau-Ferro - Freguesia (Jacarepaguá), Pechincha, Rio de Janeiro - RJ, 22745-055, Brasil",Sudeste,Rio de Janeiro,Rio de Janeiro,PECHINCHA,,,"-22.927636992308802 ",-43.3388334787493,"28/02/2025, 19:00:00",false,true,,Tentativa/Roubo,,,false,0,2,0,0,0,0,0,0,0,0,0,0,0,0
70127,"R. Dona Clara - Madureira, Rio de Janeiro - RJ, 21310-030, Brasil",Sudeste,Rio de Janeiro,Rio de Janeiro,MADUREIRA,,,-22.8754359,-43.3432689,"28/02/2025, 23:45:00",false,false,,Homicidio/Tentativa,,Outros,false,2,0,0,0,0,0,0,0,0,0,0,0,0,0
70133,"Complexo do São Carlos - Estácio, Rio de Janeiro - RJ, 20250-360, Brasil",Sudeste,Rio de Janeiro,Rio de Janeiro,ESTACIO,,COMPLEXO DO SAO CARLOS,-22.91987411,	-43.20204569,"01/03/2025, 01:00:00",true,true,PM (BPCHQ),Operação policial,,,false,0,0,0,0,0,0,0,0,0,0,0,0,0,0
70157,"Cacuia, Rio de Janeiro - RJ, Brasil",Sudeste,Rio de Janeiro,Rio de Janeiro,CACUIA,,,-22.8165258,-43.186651,"02/03/2025, 20:00:00",false,false,,Briga,,Outros,false,0,0,0,0,0,0,0,0,0,0,0,0,0,0
70195,"Santo Amaro - Catete, Rio de Janeiro - RJ, 22211-230, Brasil",Sudeste,Rio de Janeiro,Rio de Janeiro,CATETE,,SANTO AMARO,-22.92382483,-43.18047167,"03/03/2025, 12:00:00",false,false,,Homicidio/Tentativa,,Feminicídio/tentativa,false,0,1,0,0,0,0,0,0,0,0,0,0,0,0
70168,"Morro do Urubu (Complexo do Urubu) - Piedade, Rio de Janeiro - RJ, 20750, Brasil",Sudeste,Rio de Janeiro,Rio de Janeiro,PIEDADE,,MORRO DO URUBU (COMPLEXO DO URUBU),-22.87657404	,-43.30422326,"04/03/2025, 05:00:00",false,false,,Disputa,,,false,0,0,0,0,0,0,0,0,0,0,0,0,0,0
70166,"Linha Amarela, Vila do João, Maré, Rio de Janeiro - RJ, 21046-155, Brasil",Sudeste,Rio de Janeiro,Rio de Janeiro,MARE,,VILA DO JOAO (COMPLEXO DA MARE),-22.86980530223462,-43.24397603016357,"04/03/2025, 13:09:00",true,true,PM (3 BPM),Tentativa/Roubo,,,false,0,0,0,0,0,0,0,0,0,0,0,0,0,0
70171,"Morro do Campinho (Complexo do Fubá) - Cascadura, Rio de Janeiro - RJ, 21310-320, Brasil",Sudeste,Rio de Janeiro,Rio de Janeiro,CASCADURA,,MORRO DO CAMPINHO (COMPLEXO DO FUBA),-22.8850951874697	,-43.337939003183074,"04/03/2025, 14:45:00",false,false,,Não identificado,,,false,0,0,0,0,0,0,0,0,0,0,0,0,0,0
70174,"R. Borda do Mato - Nova Divineia, Grajaú, Rio de Janeiro - RJ, 20561, Brasil",Sudeste,Rio de Janeiro,Rio de Janeiro,GRAJAU,,NOVA DIVINEIA,-22.9286197,-43.2650117,"04/03/2025, 15:43:00",false,false,,Não identificado,,,false,0,0,0,0,0,0,0,0,0,0,0,0,0,0
70173,"R. Borda do Mato - Nova Divineia, Grajaú, Rio de Janeiro - RJ, 20561, Brasil",Sudeste,Rio de Janeiro,Rio de Janeiro,GRAJAU,,NOVA DIVINEIA,-22.9286197,-43.2650117,"04/03/2025, 21:48:00",false,false,,Não identificado,,,false,0,0,0,0,0,0,0,0,0,0,0,0,0,0
70176,"Avenida Brasil - Guadalupe, Rio de Janeiro - RJ, Brasil",Sudeste,Rio de Janeiro,Rio de Janeiro,GUADALUPE,,,-22.8427743,-43.3733091,"05/03/2025, 05:30:00",false,false,,Não identificado,,,false,0,0,0,0,0,0,0,0,0,0,0,0,0,0
70204,"Bairro Adriana - Campo Grande, Rio de Janeiro - RJ, 23088-530, Brasil",Sudeste,Rio de Janeiro,Rio de Janeiro,CAMPO GRANDE,BAIRRO ADRIANA,,-22.88436915461811,-43.54401877774673,"06/03/2025, 22:42:00",false,false,,Não identificado,,,false,0,0,0,0,0,0,0,0,0,0,0,0,0,0
70217,"Gardênia Azul, Rio de Janeiro - RJ, Brasil",Sudeste,Rio de Janeiro,Rio de Janeiro,GARDENIA AZUL,,,-22.9582037,-43.3529536,"06/03/2025, 22:44:00",false,false,,Não identificado,,,false,0,0,0,0,0,0,0,0,0,0,0,0,0,0
70207,"Rio Comprido, Rio de Janeiro - RJ, Brasil",Sudeste,Rio de Janeiro,Rio de Janeiro,RIO COMPRIDO,,,-22.9252121,-43.2053745,"06/03/2025, 23:15:00",false,false,,Não identificado,,,false,0,0,0,0,0,0,0,0,0,0,0,0,0,0
70206,"Fallet-Fogueteiro - Santa Teresa, Rio de Janeiro - RJ, 20251-250, Brasil",Sudeste,Rio de Janeiro,Rio de Janeiro,SANTA TERESA,,FALLET/FOGUETEIRO,-22.92641055	,-43.19702099,"07/03/2025, 03:45:00",true,true,PM (BPCHQ),Operação policial,,,false,1,0,0,0,0,0,0,0,0,0,0,0,0,0
70221,"Cascadura, Rio de Janeiro - RJ, Brasil",Sudeste,Rio de Janeiro,Rio de Janeiro,CASCADURA,,,-22.8821983,-43.3247002,"07/03/2025, 12:00:00",false,true,,Tentativa/Roubo,,,false,0,2,0,0,0,0,0,0,0,0,0,1,0,0
70220,"Morro dos Macacos - Vila Isabel, Rio de Janeiro - RJ, 20551-075, Brasil",Sudeste,Rio de Janeiro,Rio de Janeiro,VILA ISABEL,,MORRO DOS MACACOS,-22.912473582488573,-43.256612142948754,"07/03/2025, 16:25:00",false,false,,Não identificado,,,false,0,0,0,0,0,0,0,0,0,0,0,0,0,0
70230,"Rua Cachambi - Cachambi, Rio de Janeiro - RJ, Brasil",Sudeste,Rio de Janeiro,Rio de Janeiro,CACHAMBI,,,-22.8881947,-43.27548,"07/03/2025, 18:00:00",false,true,,Tentativa/Roubo,,,false,0,0,0,0,0,0,0,0,0,0,0,0,0,0
70238,"Morro da Camarista - Engenho de Dentro, Rio de Janeiro - RJ, 20730-130, Brasil",Sudeste,Rio de Janeiro,Rio de Janeiro,ENGENHO DE DENTRO,,MORRO DA CAMARISTA (COMPLEXO DO LINS),-22.91160375," -43.29866574","07/03/2025, 20:58:00",false,false,,Não identificado,,,false,0,0,0,0,0,0,0,0,0,0,0,0,0,0
70233,"Morro dos Macacos - Vila Isabel, Rio de Janeiro - RJ, 20551-232, Brasil",Sudeste,Rio de Janeiro,Rio de Janeiro,VILA ISABEL,,MORRO DOS MACACOS,-22.91189634	,-43.25524243,"08/03/2025, 14:35:00",false,false,,Não identificado,,,false,0,0,0,0,0,0,0,0,0,0,0,0,0,0
70236,"Favela Vila Sapê - Curicica, Rio de Janeiro - RJ, 22775-400, Brasil",Sudeste,Rio de Janeiro,Rio de Janeiro,CURICICA,,FAVELA VILA SAPE,-22.95051047	,-43.37547407,"08/03/2025, 17:30:00",true,true,PM (18 BPM),Ação policial,,,false,0,1,0,0,0,0,0,0,0,0,0,0,0,0
70291,"Favela da Carobinha - Campo Grande, Rio de Janeiro - RJ, 23097-640, Brasil",Sudeste,Rio de Janeiro,Rio de Janeiro,CAMPO GRANDE,,FAVELA DA CAROBINHA,-22.85513434046334,-43.53302737021301,"08/03/2025, 19:00:00",false,true,,Briga,,,false,0,1,0,0,0,0,0,0,0,0,0,0,0,0
70240,"Morro dos Macacos - Vila Isabel, Rio de Janeiro - RJ, 20551-232, Brasil",Sudeste,Rio de Janeiro,Rio de Janeiro,VILA ISABEL,,MORRO DOS MACACOS,-22.91189634,-43.25524243,"09/03/2025, 03:36:00",false,false,,Não identificado,,,false,0,0,0,0,0,0,0,0,0,0,0,0,0,0
70266,"Avenida Brasil - Coelho Neto, Rio de Janeiro - RJ, Brasil",Sudeste,Rio de Janeiro,Rio de Janeiro,COELHO NETO,,,-22.8303761,-43.348487,"09/03/2025, 18:00:00",false,true,,Tentativa/Roubo,,,false,0,0,0,1,0,0,0,0,0,0,0,0,0,0
70252,"Morro dos Macacos - Vila Isabel, Rio de Janeiro - RJ, 20551-230, Brasil",Sudeste,Rio de Janeiro,Rio de Janeiro,VILA ISABEL,,MORRO DOS MACACOS,-22.912213666047663,-43.25610525131225,"09/03/2025, 21:05:00",false,false,,Não identificado,,,false,0,0,0,0,0,0,0,0,0,0,0,0,0,0
70253,"Morro da Menezes - Praça Seca, Rio de Janeiro - RJ, 21320-020, Brasil",Sudeste,Rio de Janeiro,Rio de Janeiro,PRACA SECA,,MORRO DO MENEZES (COMPLEXO DO FUBA),-22.897702254914126,-43.34160562069961,"09/03/2025, 22:07:00",false,false,,Disputa,,,false,0,0,0,0,0,0,0,0,0,0,0,0,0,0
70272,"Cidade de Deus, Rio de Janeiro - RJ, Brasil",Sudeste,Rio de Janeiro,Rio de Janeiro,CIDADE DE DEUS,,CIDADE DE DEUS,-22.9465337,-43.3697151,"10/03/2025, 07:00:00",false,false,,Disputa,,,false,2,0,0,0,0,0,0,0,0,0,0,0,0,0
70264,"Complexo do Chapadão - Rua Alcobaça - Anchieta, Rio de Janeiro - RJ, Brasil",Sudeste,Rio de Janeiro,Rio de Janeiro,ANCHIETA,,COMPLEXO DO CHAPADAO,-22.8268424,-43.3921702,"10/03/2025, 08:00:00",true,true,PM (41 BPM),Ação policial,,,false,0,0,0,0,0,0,0,0,0,0,0,0,0,0
70268,"Renascer - Tanque, Rio de Janeiro - RJ, 22733-240, Brasil",Sudeste,Rio de Janeiro,Rio de Janeiro,TANQUE,,FAVELINHA DA RENASCER (OU CHACARA DO TANQUE),-22.915556,-43.362500,"10/03/2025, 09:30:00",false,false,,Disputa,,,false,0,1,0,0,0,0,0,0,0,0,0,0,0,0
70275,"Morro do Congonha (Complexo do Cajueiro) - Madureira, Rio de Janeiro - RJ, 21360-201, Brasil",Sudeste,Rio de Janeiro,Rio de Janeiro,MADUREIRA,,MORRO DA CONGONHA (COMPLEXO DO CAJUEIRO),-22.86285092	,-43.33422047,"10/03/2025, 14:00:00",true,true,PM (9 BPM),Ação policial,,,false,2,0,0,0,0,0,0,0,0,0,0,0,0,0
70274,"Morro do Gueto - Sampaio, Rio de Janeiro - RJ, 20950-260, Brasil",Sudeste,Rio de Janeiro,Rio de Janeiro,SAMPAIO,,MORRO DO QUETO,-22.90619909184804," -43.259623056513874","10/03/2025, 15:00:00",true,true,PM (UPP São João),Ação policial,,,false,0,0,0,0,0,0,0,0,0,0,0,0,0,0
70277,"Rua Barão de Itapagipe, Rio Comprido, Rio de Janeiro - Rio de Janeiro, Brasil",Sudeste,Rio de Janeiro,Rio de Janeiro,RIO COMPRIDO,,,-22.924827457532626,-43.220542408525944,"11/03/2025, 00:05:00",false,false,,Não identificado,,,false,0,0,0,0,0,0,0,0,0,0,0,0,0,0
70280,"Avenida Brasil - Parada de Lucas, Rio de Janeiro - RJ, Brasil",Sudeste,Rio de Janeiro,Rio de Janeiro,PARADA DE LUCAS,,CIDADE ALTA (COMPLEXO DE ISRAEL),-22.8162474,-43.3035665,"11/03/2025, 01:30:00",true,true,PM (COE),Operação policial,,,false,0,0,0,0,0,0,0,0,0,0,0,0,0,0
70288,"Vigário Geral, Rio de Janeiro - RJ, 21241-330, Brasil",Sudeste,Rio de Janeiro,Rio de Janeiro,VIGARIO GERAL,,,-22.805529099197276,-43.30599230104981,"11/03/2025, 14:40:00",true,true,PM (BPVE); PM (RECOM),Ação policial,,,false,0,0,0,0,0,0,0,0,0,0,0,0,0,0
70290,"Vigário Geral, Rio de Janeiro - RJ, Brasil",Sudeste,Rio de Janeiro,Rio de Janeiro,VIGARIO GERAL,,,-22.8086939,-43.3071081,"11/03/2025, 15:45:00",true,true,,Ação policial,,,false,0,0,0,0,0,0,0,0,0,0,0,0,0,0
70296,"Morro do Juramento - Complexo do Juramento, Rio de Janeiro, RJ, Brasil",Sudeste,Rio de Janeiro,Rio de Janeiro,VICENTE DE CARVALHO,,MORRO DO JURAMENTO (COMPLEXO DO JURAMENTO),-22.86204124,	-43.31545844,"11/03/2025, 15:59:00",false,false,,Não identificado,,,false,0,0,0,0,0,0,0,0,0,0,0,0,0,0
70299,"Largo do Pechincha - Pechincha, Rio de Janeiro - RJ, 22743-011, Brasil",Sudeste,Rio de Janeiro,Rio de Janeiro,PECHINCHA,,,-22.928826500333834,-43.35464681244201,"11/03/2025, 17:30:00",false,false,,Homicidio/Tentativa,,,false,1,0,0,0,0,0,0,0,0,0,0,0,0,0
70298,"Rua Clarimundo de Melo - Quintino Bocaiúva, Rio de Janeiro - RJ, Brasil",Sudeste,Rio de Janeiro,Rio de Janeiro,QUINTINO BOCAIUVA,,,-22.8925916,-43.324568,"12/03/2025, 04:50:00",true,true,PM (9 BPM),Operação policial,,,false,0,1,0,0,0,0,0,0,0,0,0,0,0,0
70318,"Baixa do Sapateiro (Complexo da Maré) - Maré, Rio de Janeiro - RJ, 21042-450, Brasil",Sudeste,Rio de Janeiro,Rio de Janeiro,MARE,,BAIXA DO SAPATEIRO (COMPLEXO DA MARE),-22.86007183	,-43.24258995,"12/03/2025, 20:50:00",true,true,PM (COE); PM (BOPE); PM (22 BPM),Operação policial,,,false,0,0,0,0,0,0,0,0,0,0,0,0,0,0
70317,"Vila do Pinheiro (Complexo da Maré) - Maré, Rio de Janeiro - RJ, 21046-185, Brasil",Sudeste,Rio de Janeiro,Rio de Janeiro,MARE,,VILA DO PINHEIRO (COMPLEXO DA MARE),-22.86742212	,-43.23812972,"12/03/2025, 21:22:00",true,true,PM (COE); PM (BOPE); PM (22 BPM),Operação policial,,,true,3,2,0,0,0,0,0,0,0,0,0,0,0,0
70314,"Vila do João (Complexo da Maré) - Maré, Rio de Janeiro - RJ, 21046-630, Brasil",Sudeste,Rio de Janeiro,Rio de Janeiro,MARE,,VILA DO JOAO (COMPLEXO DA MARE),-22.87117627,	-43.2410853,"12/03/2025, 22:50:00",true,true,PM (COE); PM (BOPE); PM (22 BPM),Operação policial,,,false,0,0,0,0,0,0,0,0,0,0,0,0,0,0
70315,"Vila do João (Complexo da Maré) - Maré, Rio de Janeiro - RJ, 21046-630, Brasil",Sudeste,Rio de Janeiro,Rio de Janeiro,MARE,,VILA DO JOAO (COMPLEXO DA MARE),-22.87117627	,-43.2410853,"13/03/2025, 00:00:00",true,true,PM (COE); PM (BOPE); PM (22 BPM),Operação policial,,,false,0,0,0,0,0,0,0,0,0,0,0,0,0,0
70316,"Vila da Paz - Itanhangá, Rio de Janeiro - RJ, 22753-005, Brasil",Sudeste,Rio de Janeiro,Rio de Janeiro,ITANHANGA,,VILA DA PAZ,-22.9917076,	-43.3113371,"13/03/2025, 03:00:00",true,true,NI,Ação policial,,,false,0,0,0,0,0,0,0,0,0,0,0,0,0,0
70324,"Avenida Brasil - Irajá, Rio de Janeiro - RJ, Brasil",Sudeste,Rio de Janeiro,Rio de Janeiro,IRAJA,,,-22.823024,-43.3279197,"13/03/2025, 04:30:00",false,false,,Tentativa/Roubo,,,false,0,0,0,0,0,0,0,0,0,0,0,0,0,0
70320,"Rua Clarimundo de Melo - Quintino Bocaiúva, Rio de Janeiro - RJ, Brasil",Sudeste,Rio de Janeiro,Rio de Janeiro,QUINTINO BOCAIUVA,,,-22.8944034,-43.321228,"13/03/2025, 04:53:00",false,false,,Não identificado,,,false,0,0,0,0,0,0,0,0,0,0,0,0,0,0
70326,"Complexo do Chapadão - Costa Barros, Rio de Janeiro - RJ, 21650-020, Brasil",Sudeste,Rio de Janeiro,Rio de Janeiro,COSTA BARROS,,COMPLEXO DO CHAPADAO,-22.82326393,	-43.37707903,"13/03/2025, 05:00:00",true,true,PM (41 BPM),Ação policial,,,false,1,0,0,0,0,0,0,0,0,0,0,0,0,0
70342,"Favela do Gouveia - Rua Barros Silva - Paciência, Rio de Janeiro - RJ, Brasil",Sudeste,Rio de Janeiro,Rio de Janeiro,PACIENCIA,,FAVELA DO GOUVEIA,-22.9248441,-43.6222469,"13/03/2025, 07:00:00",false,false,,Homicidio/Tentativa,,Ataques armados sobre rodas,false,1,2,0,0,0,0,0,0,0,0,0,0,0,0
70327,"Vila Do Pinheiro - Maré, Rio de Janeiro - RJ, 21046-185, Brasil",Sudeste,Rio de Janeiro,Rio de Janeiro,MARE,,VILA DO PINHEIRO (COMPLEXO DA MARE),-22.8674432,-43.2375839,"13/03/2025, 09:09:00",false,false,,Não identificado,,,false,0,0,0,0,0,0,0,0,0,0,0,0,0,0
70330,"Bangu, Rio de Janeiro - RJ, Brasil",Sudeste,Rio de Janeiro,Rio de Janeiro,BANGU,,,-22.8741734,-43.46860059999999,"13/03/2025, 11:00:00",true,true,PM (14 BPM),Ação policial,,,false,0,0,0,0,0,0,0,0,0,0,0,0,0,0
70337,"Morro da Primavera - Cavalcanti, Rio de Janeiro - RJ, 21370-280, Brasil",Sudeste,Rio de Janeiro,Rio de Janeiro,CAVALCANTI,,MORRO DA PRIMAVERA,-22.86902669	,-43.31696145,"14/03/2025, 04:30:00",true,true,PM (9 BPM),Ação policial,,,false,0,0,0,0,0,0,0,0,0,0,0,0,0,0
70353,"Rua Miralde, Catiri - Bangu, Rio de Janeiro - RJ, Brasil",Sudeste,Rio de Janeiro,Rio de Janeiro,BANGU,,CATIRI,-22.8492385,-43.4726189,"14/03/2025, 13:00:00",false,false,,Homicidio/Tentativa,,,false,2,0,0,0,0,0,0,0,0,0,0,0,0,0
70354,"Vila Isabel, Rio de Janeiro - RJ, Brasil",Sudeste,Rio de Janeiro,Rio de Janeiro,VILA ISABEL,,,-22.9165886,-43.2502461,"14/03/2025, 17:15:00",false,false,,Não identificado,,,false,0,0,0,0,0,0,0,0,0,0,0,0,0,0
70369,"Conjunto César Maia - Vargem Pequena, Rio de Janeiro - RJ, 22783-116, Brasil",Sudeste,Rio de Janeiro,Rio de Janeiro,VARGEM PEQUENA,,CONJUNTO CESAR MAIA,-22.9905516	,-43.43146907,"14/03/2025, 19:00:00",false,false,,Disputa,,,false,1,0,0,0,0,0,0,0,0,0,0,0,0,0
70358,"Morro do Juramento - Vicente de Carvalho, Rio de Janeiro - RJ, 21370, Brasil",Sudeste,Rio de Janeiro,Rio de Janeiro,VICENTE DE CARVALHO,,MORRO DO JURAMENTO (COMPLEXO DO JURAMENTO),-22.8627778,-43.3152778,"15/03/2025, 03:41:00",false,false,,Não identificado,,,false,0,0,0,0,0,0,0,0,0,0,0,0,0,0
70366,"Quitanda - Costa Barros, Rio de Janeiro - RJ, 21532-050, Brasil",Sudeste,Rio de Janeiro,Rio de Janeiro,COSTA BARROS,,MORRO DA QUITANDA (COMPLEXO DA PEDREIRA),-22.81949929,-43.36693375,"15/03/2025, 05:15:00",true,true,PM (41 BPM),Operação policial,,,false,0,0,0,0,0,0,0,0,0,0,0,0,0,0
70378,"R. Bastos Tigre, 109 - São Vitor, Santíssimo, Rio de Janeiro - RJ, 23093-630, Brasil",Sudeste,Rio de Janeiro,Rio de Janeiro,SANTISSIMO,SAO VITOR,,-22.87647706115861,-43.531057355364226,"15/03/2025, 19:00:00",false,false,,Ataque a civis,,,false,1,1,0,0,0,0,0,0,0,0,0,0,0,0
70388,"Favela do Sertão - Jacarepaguá, Rio de Janeiro - RJ, 22753-630, Brasil",Sudeste,Rio de Janeiro,Rio de Janeiro,JACAREPAGUA,,FAVELA DO SERTAO,-22.966567662006998,-43.322245519851684,"16/03/2025, 20:00:00",false,false,,Não identificado,,,false,0,0,0,0,0,0,0,0,0,0,0,0,0,0
70393,"Rua Uranos - Bonsucesso, Rio de Janeiro - RJ, Brasil",Sudeste,Rio de Janeiro,Rio de Janeiro,BONSUCESSO,,,-22.8666695,-43.2558171,"17/03/2025, 04:00:00",true,true,PC,Ação policial,,Perseguição,false,0,0,0,0,0,0,0,0,0,0,0,0,0,0
70392,"Gardênia Azul, Rio de Janeiro - RJ, Brasil",Sudeste,Rio de Janeiro,Rio de Janeiro,GARDENIA AZUL,,,-22.9582037,-43.3529536,"17/03/2025, 04:25:00",false,false,,Não identificado,,,false,0,0,0,0,0,0,0,0,0,0,0,0,0,0
70396,"Gardênia Azul, Rio de Janeiro - RJ, Brasil",Sudeste,Rio de Janeiro,Rio de Janeiro,GARDENIA AZUL,,,-22.9582037,-43.3529536,"17/03/2025, 05:52:00",true,true,Bope,Ação policial,,,false,1,0,0,0,0,0,0,0,0,0,0,0,0,0
70415,"Rua Beija-Flor, Morro do Barbante (Vila Joaniza) - Galeão, Rio de Janeiro - RJ, 21941-670, Brasil",Sudeste,Rio de Janeiro,Rio de Janeiro,GALEAO,,MORRO DO BARBANTE (OU VILA JOANIZA),-22.816191771406487,-43.23040009246673,"18/03/2025, 09:00:00",true,true,PM (17 BPM),Operação policial,,,true,3,1,0,0,0,0,0,0,0,0,0,0,0,0
70417,"Favela do Fontela - Recreio dos Bandeirantes, Rio de Janeiro - RJ, 22783-117, Brasil",Sudeste,Rio de Janeiro,Rio de Janeiro,RECREIO DOS BANDEIRANTES,,FAVELA DO FONTELA,-22.994404385493600	,-43.44583357036130,"18/03/2025, 11:30:00",true,true,PM (31 BPM),Ação policial,,,false,1,0,0,0,0,0,0,0,0,0,0,0,0,0
70418,"Favela Final Feliz (Complexo da Pedreira) - Pavuna, Rio de Janeiro - RJ, 21521-300, Brasil",Sudeste,Rio de Janeiro,Rio de Janeiro,PAVUNA,,FAVELA FINAL FELIZ (COMPLEXO DA PEDREIRA),-22.817809132287028	,-43.353707669457144,"18/03/2025, 13:30:00",true,true,PM (41 BPM),Ação policial,,,false,0,1,0,0,0,0,0,0,0,0,0,0,0,0
70424,"Favela do Terreirão - Recreio dos Bandeirantes, Rio de Janeiro - RJ, 22795-150, Brasil",Sudeste,Rio de Janeiro,Rio de Janeiro,RECREIO DOS BANDEIRANTES,,FAVELA DO TERREIRAO,-23.02478446	,-43.47595282,"18/03/2025, 14:00:00",true,true,PM (31 BPM),Ação policial,,,false,1,0,0,0,0,0,0,0,0,0,0,0,0,0
70421,"Morro do Fubá (Complexo do Fubá)- Cascadura, Rio de Janeiro - RJ, 21380-002, Brasil",Sudeste,Rio de Janeiro,Rio de Janeiro,CASCADURA,,MORRO DO FUBA (COMPLEXO DO FUBA),-22.888049823827956,-43.33156665507811,"18/03/2025, 15:26:00",false,false,,Disputa,,,false,0,0,0,0,0,0,0,0,0,0,0,0,0,0
70450,"Estr. do Engenho d'Água- Anil, Rio de Janeiro - RJ, 22765-240, Brasil",Sudeste,Rio de Janeiro,Rio de Janeiro,ANIL,,,-22.955186090543187,-43.33857572645875,"18/03/2025, 22:35:00",false,true,,Tentativa/Roubo,,,false,0,0,0,0,0,0,0,0,0,0,0,0,0,0
70439,"Morro do Cruz - Andaraí, Rio de Janeiro - RJ, 20530-530, Brasil",Sudeste,Rio de Janeiro,Rio de Janeiro,ANDARAI,,MORRO DO CRUZ,-22.930738	,-43.251766,"18/03/2025, 23:30:00",false,false,,Não identificado,,,false,0,0,0,0,0,0,0,0,0,0,0,0,0,0
70425,"Rua Henrique Fleiuss - Tijuca, Rio de Janeiro - RJ, 20521-260, Brasil",Sudeste,Rio de Janeiro,Rio de Janeiro,TIJUCA,,,-22.9329795,-43.2332588,"19/03/2025, 00:30:00",false,false,,Não identificado,,,false,0,0,0,0,0,0,0,0,0,0,0,0,0,0
70431,"Morro do Saçu - Quintino Bocaiúva, Rio de Janeiro - RJ, 20740-480, Brasil",Sudeste,Rio de Janeiro,Rio de Janeiro,QUINTINO BOCAIUVA,,MORRO DO SACU (COMPLEXO DO 18),-22.89634523987451,-43.32201590317993,"19/03/2025, 04:12:00",false,false,,Não identificado,,,false,0,0,0,0,0,0,0,0,0,0,0,0,0,0
70434,"Furquim Mendes - Vigário Geral, Rio de Janeiro - RJ, Brasil",Sudeste,Rio de Janeiro,Rio de Janeiro,VIGARIO GERAL,,FURQUIM MENDES,-22.8060539,-43.3149972,"19/03/2025, 06:30:00",true,true,PC (DRFC),Ação policial,,,false,0,0,0,0,0,0,0,0,0,0,0,0,0,0
70441,"Morro da Caixa d'Água (Complexo da Penha) - Rua Iracema - Penha, Rio de Janeiro - RJ, Brasil",Sudeste,Rio de Janeiro,Rio de Janeiro,PENHA,,MORRO DA CAIXA D'AGUA (COMPLEXO DA PENHA),-22.8421541,-43.2875761,"19/03/2025, 06:49:00",true,true,PM (UPP),Ação policial,,,false,0,0,0,0,0,0,0,0,0,0,0,0,0,0
70446,"Complexo do Chapadão - Costa Barros, Rio de Janeiro - RJ, 21650-020, Brasil",Sudeste,Rio de Janeiro,Rio de Janeiro,COSTA BARROS,,COMPLEXO DO CHAPADAO,-22.82326393,-43.37707903,"19/03/2025, 09:30:00",true,true,PM (41 BPM),Ação policial,,,false,0,1,0,0,0,0,0,0,0,0,0,0,0,0
70438,"Complexo da Maré, Rio de Janeiro - RJ, 20930-970, Brasil",Sudeste,Rio de Janeiro,Rio de Janeiro,MARE,,COMPLEXO DA MARE,-22.85689314	,-43.24315891,"19/03/2025, 13:00:00",false,false,,Disputa,,,false,0,0,0,0,0,0,0,0,0,0,0,0,0,0
70455,"Recreio dos Bandeirantes, Rio de Janeiro - RJ, Brasil",Sudeste,Rio de Janeiro,Rio de Janeiro,RECREIO DOS BANDEIRANTES,,,-23.0178705,-43.4647479,"20/03/2025, 03:30:00",true,true,"PF, MPF, SENASP, PC (CIFRA)",Operação policial,,,false,0,0,0,0,0,0,0,0,0,0,0,0,0,0
70452,"R. César Zama, Complexo do Lins - Lins de Vasconcelos, Rio de Janeiro - RJ, Brasil",Sudeste,Rio de Janeiro,Rio de Janeiro,LINS DE VASCONCELOS,,COMPLEXO DO LINS,-22.912451,-43.2836209,"20/03/2025, 03:30:00",true,true,PM (BOPE); PM (SSI),Operação policial,,,false,2,0,0,0,0,0,0,0,0,0,0,0,0,0
70451,"Vila Aliança - Bangu, Rio de Janeiro - RJ, Brasil",Sudeste,Rio de Janeiro,Rio de Janeiro,BANGU,,VILA ALIANCA,-22.8694071,-43.4790849,"20/03/2025, 03:55:00",true,true,PC (CORE),Operação policial,,,false,0,0,0,1,0,0,0,0,0,0,0,0,0,0
70461,"Muzema - Itanhangá, Rio de Janeiro - RJ, Brasil",Sudeste,Rio de Janeiro,Rio de Janeiro,ITANHANGA,,MORRO DA MUZEMA,-22.9896881,-43.3220093,"20/03/2025, 08:50:00",true,true,PM (BPCHQ),Ação policial,,,false,0,1,0,0,0,0,0,0,0,0,0,0,0,0
70464,"R. Abaíra - Brás de Pina, Rio de Janeiro - RJ, Brasil",Sudeste,Rio de Janeiro,Rio de Janeiro,BRAS DE PINA,,,-22.827637,-43.2916866,"20/03/2025, 12:00:00",false,false,,Não identificado,,,false,0,0,0,0,0,0,0,0,0,0,0,0,0,0
70466,"Avenida Dom Hélder Câmara - Inhauma, Rio de Janeiro - RJ, Brasil",Sudeste,Rio de Janeiro,Rio de Janeiro,INHAUMA,,,-22.880424343290255,-43.25872996774681,"20/03/2025, 16:58:00",false,false,,Não identificado,,,false,0,0,0,0,0,0,0,0,0,0,0,0,0,0
70476,"Vila Kennedy, Rio de Janeiro - RJ, Brasil",Sudeste,Rio de Janeiro,Rio de Janeiro,VILA KENNEDY,,VILA KENNEDY,-22.8572405,-43.4892386,"20/03/2025, 18:00:00",false,false,,Não identificado,,,false,0,1,0,0,0,0,0,0,0,0,0,0,0,0
70473,"Morro do Campinho - Av. Ernani Cardoso - Cascadura, Rio de Janeiro - RJ, 21310-310, Brasil",Sudeste,Rio de Janeiro,Rio de Janeiro,CASCADURA,,MORRO DO CAMPINHO (COMPLEXO DO FUBA),-22.8850225814179,-43.33713914901297,"20/03/2025, 22:42:00",false,false,,Não identificado,,,false,0,0,0,0,0,0,0,0,0,0,0,0,0,0
70474,"Complexo da Serrinha - Av. Min. Edgard Romero - Madureira, Rio de Janeiro - RJ, 21360-201, Brasil",Sudeste,Rio de Janeiro,Rio de Janeiro,MADUREIRA,,COMPLEXO DA SERRINHA,-22.8724517,-43.3363996,"21/03/2025, 02:17:00",true,true,PM (COE),Operação policial,,,false,0,0,0,0,0,0,0,0,0,0,0,0,0,0
70485,"Furquim Mendes - Vigário Geral, Rio de Janeiro - RJ, Brasil",Sudeste,Rio de Janeiro,Rio de Janeiro,VIGARIO GERAL,,FURQUIM MENDES,-22.8060539,-43.3149972,"21/03/2025, 05:09:00",true,true,PM (16 BPM),Operação policial,,,false,0,0,0,0,0,0,0,0,0,0,0,0,0,0
70503,"Curicica, Rio de Janeiro - RJ, Brasil",Sudeste,Rio de Janeiro,Rio de Janeiro,CURICICA,,PARQUE CARIOCA,-22.9500004,-43.3832724,"21/03/2025, 17:00:00",false,false,,Ataque a civis,,Ataques armados sobre rodas,false,0,1,0,0,0,0,0,0,0,0,0,1,0,0
70505,"Complexo da Pedreira - Costa Barros, Rio de Janeiro - RJ, 21515-580, Brasil",Sudeste,Rio de Janeiro,Rio de Janeiro,COSTA BARROS,,COMPLEXO DA PEDREIRA,-22.82425288,-43.36809439,"22/03/2025, 03:00:00",true,true,PM (41 BPM),Ação policial,,,false,0,1,0,0,0,0,0,0,0,0,0,0,0,0
70509,"R. Santo Amaro - Glória, Rio de Janeiro - RJ, 22211-225, Brasil",Sudeste,Rio de Janeiro,Rio de Janeiro,GLORIA,,,-22.9222022,-43.1797866,"22/03/2025, 13:34:00",false,false,,Não identificado,,,false,0,0,0,0,0,0,0,0,0,0,0,0,0,0
70512,"Morro do Faz Quem Quer (Complexo do Cajueiro) - Rua Paulo Viana -  Rocha Miranda, Rio de Janeiro - RJ, Brasil",Sudeste,Rio de Janeiro,Rio de Janeiro,ROCHA MIRANDA,,MORRO DO FAZ QUEM QUER (COMPLEXO DO CAJUEIRO),-22.8529625,-43.3446999,"22/03/2025, 14:00:00",false,true,,Não identificado,,Entrada na Favela por Engano,false,0,0,1,0,0,0,0,0,0,0,0,0,0,0
70518,"INTO - Instituto Nacional de Traumatologia e Ortopedia Jamil Haddad - Avenida Brasil - Caju, Rio de Janeiro - RJ, Brasil",Sudeste,Rio de Janeiro,Rio de Janeiro,CAJU,,,-22.8935547,-43.21535069999999,"22/03/2025, 18:00:00",false,false,,Tentativa/Roubo,,,false,0,0,0,0,0,0,0,0,0,0,0,0,0,0
70566,"Conjunto Amarelinho - Acari, Rio de Janeiro - RJ, 21531-300, Brasil",Sudeste,Rio de Janeiro,Rio de Janeiro,ACARI,,CONJUNTO AMARELINHO,-22.82538495	,-43.3394958,"24/03/2025, 22:30:00",false,false,,Homicidio/Tentativa,,Feminicídio/tentativa,false,1,0,0,0,0,0,0,0,0,0,0,0,0,0
70548,"Morro São João - Engenho Novo, Rio de Janeiro - RJ, 20950-370, Brasil",Sudeste,Rio de Janeiro,Rio de Janeiro,ENGENHO NOVO,,MORRO SAO JOAO,-22.908889635683654,-43.266309297999264,"24/03/2025, 22:30:00",false,false,,Disputa,,,false,0,0,0,0,0,0,0,0,0,0,0,0,0,0
70552,"Avenida Ernani Cardoso - Cascadura, Rio de Janeiro - RJ, Brasil",Sudeste,Rio de Janeiro,Rio de Janeiro,CASCADURA,,,-22.8824151,-43.3352074,"25/03/2025, 16:00:00",false,false,,Não identificado,,,false,0,0,0,0,0,0,0,0,0,0,0,0,0,0
70559,"Av. Brasil - Barros Filho, Rio de Janeiro - RJ, 21515-001, Brasil",Sudeste,Rio de Janeiro,Rio de Janeiro,BARROS FILHO,,,-22.83694668731115,-43.36349654127808,"26/03/2025, 04:00:00",true,true,PM (41 BPM),Ação policial,,,false,0,0,0,0,0,0,0,0,0,0,0,0,0,0
70558,"Furquim Mendes - Vigário Geral, Rio de Janeiro - RJ, Brasil",Sudeste,Rio de Janeiro,Rio de Janeiro,VIGARIO GERAL,,FURQUIM MENDES,-22.8060539,-43.3149972,"26/03/2025, 04:36:00",true,true,PM (16 BPM),Ação policial,,,false,0,0,0,0,0,0,0,0,0,0,0,0,0,0
70569,"Rua Barão de Capanema - Bangu, Rio de Janeiro - RJ, Brasil",Sudeste,Rio de Janeiro,Rio de Janeiro,BANGU,,,-22.8826382,-43.4697397,"26/03/2025, 16:20:00",false,false,,Homicidio/Tentativa,,,false,0,1,0,0,0,0,0,0,0,0,0,0,0,0
70581,"Rua Major Ávila - Tijuca, Rio de Janeiro - RJ, Brasil",Sudeste,Rio de Janeiro,Rio de Janeiro,TIJUCA,,,-22.921633,-43.2332839,"26/03/2025, 18:00:00",false,true,,Tentativa/Roubo,,Bar,false,0,2,0,0,0,0,0,0,0,0,0,0,0,0
70579,"Av. Gaspar de Lemos - Ilha de Guaratiba, Guaratiba, Rio de Janeiro - RJ, 23020-110, Brasil",Sudeste,Rio de Janeiro,Rio de Janeiro,GUARATIBA,ILHA DE GUARATIBA,,-22.994556529654954,-43.55848636633147,"26/03/2025, 19:00:00",false,false,,Homicidio/Tentativa,,,false,0,0,0,0,0,0,0,0,0,0,0,0,0,0
70573,"Leão - Vila Kennedy, Rio de Janeiro - RJ, 21850-600, Brasil",Sudeste,Rio de Janeiro,Rio de Janeiro,VILA KENNEDY,,LEAO (VILA KENNEDY),-22.85781180523175	,-43.488541469765956,"27/03/2025, 03:00:00",false,false,,Não identificado,,,false,0,0,0,0,0,0,0,0,0,0,0,0,0,0
70577,"Rua Major Ávila - Tijuca, Rio de Janeiro - RJ, Brasil",Sudeste,Rio de Janeiro,Rio de Janeiro,TIJUCA,,,-22.921633,-43.2332839,"27/03/2025, 04:00:00",false,false,,Não identificado,,,false,0,0,0,0,0,0,0,0,0,0,0,0,0,0
70582,"Favela do Metrô- Mangueira, Rio de Janeiro - RJ, 20943-001, Brasil",Sudeste,Rio de Janeiro,Rio de Janeiro,MANGUEIRA,,FAVELA DO METRO,-22.907272676954005,	-43.23838694848775,"27/03/2025, 08:30:00",false,false,,Não identificado,,,false,0,0,0,0,0,0,0,0,0,0,0,0,0,0
70588,"Estr. do Engenho Novo - Anchieta, Rio de Janeiro - RJ, 21620-241, Brasil",Sudeste,Rio de Janeiro,Rio de Janeiro,ANCHIETA,,,-22.824223,-43.404282,"27/03/2025, 17:38:00",true,true,NI,Ação policial,,Perseguição,false,0,0,0,0,0,0,0,0,0,0,0,0,0,0
70590,"Favela Sítio Pai João - Rua Machado e Silva - Itanhangá, Rio de Janeiro - RJ, Brasil",Sudeste,Rio de Janeiro,Rio de Janeiro,ITANHANGA,,FAVELA SITIO PAI JOAO,-22.9871107,-43.3099514,"28/03/2025, 00:30:00",false,false,,Disputa,,,false,0,1,0,0,0,0,0,0,0,0,0,0,0,0
70608,"Rua Barão do Bom Retiro - Engenho Novo, Rio de Janeiro - RJ, Brasil",Sudeste,Rio de Janeiro,Rio de Janeiro,ENGENHO NOVO,,,-22.9132586,-43.2651969,"28/03/2025, 13:39:00",false,false,,Não identificado,,,false,0,0,0,0,0,0,0,0,0,0,0,0,0,0
70609,"Terminal Mestre Candeia - Tanque, Rio de Janeiro - RJ, Brasil",Sudeste,Rio de Janeiro,Rio de Janeiro,TANQUE,,,-22.91534,-43.36091,"28/03/2025, 14:00:00",false,false,,Homicidio/Tentativa,,,false,1,0,0,0,0,0,0,0,0,0,0,0,0,0
70610,"Estrada Rodrigues Caldas - Taquara, Rio de Janeiro - RJ, Brasil",Sudeste,Rio de Janeiro,Rio de Janeiro,TAQUARA,,,-22.9337207,-43.3935636,"28/03/2025, 14:50:00",false,false,,Homicidio/Tentativa,,,false,1,0,0,0,0,0,0,0,0,0,0,0,0,0
70619,"Usina - Tijuca, Rio de Janeiro - RJ, 20530-450, Brasil",Sudeste,Rio de Janeiro,Rio de Janeiro,TIJUCA,USINA,,"-22.944839335170194 ",-43.25849747594058,"29/03/2025, 07:40:00",false,false,,Não identificado,,,false,0,0,0,0,0,0,0,0,0,0,0,0,0,0
70624,"Morro dos Macacos - Vila Isabel, Rio de Janeiro - RJ, 20551-630, Brasil",Sudeste,Rio de Janeiro,Rio de Janeiro,VILA ISABEL,,MORRO DOS MACACOS,-22.9133867818508,-43.253979734948736,"29/03/2025, 18:34:00",false,false,,Não identificado,,,false,0,0,0,0,0,0,0,0,0,0,0,0,0,0
70631,"Rua João Romeiro - Morro do Fubá (Complexo do Fubá) - Cascadura, Rio de Janeiro - RJ, 21311-130, Brasil",Sudeste,Rio de Janeiro,Rio de Janeiro,CASCADURA,,MORRO DO FUBA (COMPLEXO DO FUBA),-22.8840194,-43.335049,"30/03/2025, 00:00:00",false,false,,Disputa,,,false,1,0,0,0,0,0,0,0,0,0,0,0,0,0
70656,"Morro da Serrinha - Madureira, Rio de Janeiro - RJ, 21360-370, Brasil",Sudeste,Rio de Janeiro,Rio de Janeiro,MADUREIRA,,MORRO DA SERRINHA (COMPLEXO DA SERRINHA),-22.86573854205188,-43.32837355347291,"30/03/2025, 12:00:00",true,true,PM (COE); PM (BAC); PM (NAOE),Operação policial,,,false,0,0,0,0,0,0,0,0,0,0,0,0,0,0
70658,"Avenida Estado da Guanabara - Recreio dos Bandeirantes, Rio de Janeiro - RJ, Brasil",Sudeste,Rio de Janeiro,Rio de Janeiro,RECREIO DOS BANDEIRANTES,,,-23.0378199,-43.4996098,"30/03/2025, 12:38:00",false,false,,Não identificado,,,false,1,0,0,0,0,0,0,0,0,0,0,0,0,0
70632,"Morro do Cajueiro (Complexo do Cajueiro) - Madureira, Rio de Janeiro - RJ, 21360-060, Brasil",Sudeste,Rio de Janeiro,Rio de Janeiro,MADUREIRA,,MORRO DO CAJUEIRO (COMPLEXO DO CAJUEIRO),-22.86465862	,-43.33657044,"30/03/2025, 15:00:00",true,true,PM (9 BPM),Ação policial,,,false,0,1,0,0,0,0,0,0,0,0,0,0,0,0
70633,"Favela do Antares - Santa Cruz, Rio de Janeiro - RJ, 23510-360, Brasil",Sudeste,Rio de Janeiro,Rio de Janeiro,SANTA CRUZ,,FAVELA DE ANTARES,-22.9212928	,-43.66281821,"30/03/2025, 17:20:00",false,false,,Não identificado,,,false,0,0,0,0,0,0,0,0,0,0,0,0,0,0
70635,"Estrada da Barra de Guaratiba - Barra de Guaratiba, Rio de Janeiro - RJ, Brasil",Sudeste,Rio de Janeiro,Rio de Janeiro,BARRA DE GUARATIBA,,,-23.0425081,-43.5559008,"30/03/2025, 18:00:00",false,true,,Tentativa/Roubo,,,false,0,0,1,0,0,0,0,0,0,0,0,0,0,0
70638,"Cidade de Deus, Rio de Janeiro - RJ, Brasil",Sudeste,Rio de Janeiro,Rio de Janeiro,CIDADE DE DEUS,,CIDADE DE DEUS,-22.9465337,-43.3697151,"30/03/2025, 23:40:00",true,true,"PM (CORE); PM (BOPE); PM (18 BPM) ",Operação policial,,,false,0,2,0,0,0,0,0,0,0,0,0,2,0,0
70639,"Morro São João - Engenho Novo, Rio de Janeiro - RJ, 20950-370, Brasil",Sudeste,Rio de Janeiro,Rio de Janeiro,ENGENHO NOVO,,MORRO SAO JOAO,-22.90860304	,-43.26500038,"31/03/2025, 06:20:00",true,true,NI,Ação policial,,,false,0,0,0,0,0,0,0,0,0,0,0,0,0,0
70651,"Complexo de Manguinhos, Manguinhos, Rio de Janeiro - RJ, Brasil",Sudeste,Rio de Janeiro,Rio de Janeiro,MANGUINHOS,,MANGUINHOS (COMPLEXO DE MANGUINHOS),-22.8825193,-43.2442626,"31/03/2025, 09:15:00",true,true,NI,Operação policial,,,false,0,0,0,0,0,0,0,0,0,0,0,0,0,0
70661,"Morro dos Macacos - Vila Isabel, Rio de Janeiro - RJ, 20551-031, Brasil",Sudeste,Rio de Janeiro,Rio de Janeiro,VILA ISABEL,,MORRO DOS MACACOS,-22.912100103874064,-43.25293903883321,"31/03/2025, 18:40:00",false,false,,Não identificado,,,false,0,0,0,0,0,0,0,0,0,0,0,0,0,0