id,address,region,state,city,neighborhood,sub_neighborhood,locality,latitude,longitude,data,police_action,agent_presence,police_unit,main_reason,complementary_reason,clippings,massacre
71279,"R. Uberaba, Vila America, Grajaú, Rio de Janeiro - RJ, 20561-240, Brasil",Sudeste,Rio de Janeiro,Rio de Janeiro,GRAJAU,VILA AMERICA,,-22.9251679,-43.25593509999999,"04/05/2025, 17:03:00",false,false,,Não identificado,,,false
71293,"Chapadão - Costa Barros, Rio de Janeiro - RJ, 21650-020, Brasil",Sudeste,Rio de Janeiro,Rio de Janeiro,COSTA BARROS,,COMPLEXO DO CHAPADAO,-22.82326393,-43.37707903,"05/05/2025, 00:30:00",false,false,,Disputa,,,false
71282,"Complexo do Chapadão - Costa Barros, Rio de Janeiro - RJ, 21650-020, Brasil",Sudeste,Rio de Janeiro,Rio de Janeiro,COSTA BARROS,,COMPLEXO DO CHAPADAO,-22.82326393,	-43.37707903,"05/05/2025, 04:40:00",true,true,PM (41 BPM),Operação policial,,,false
71295,"Morro do Fubá - Cascadura, Rio de Janeiro - RJ, 21311-130, Brasil",Sudeste,Rio de Janeiro,Rio de Janeiro,CASCADURA,,MORRO DO FUBA (COMPLEXO DO FUBA),-22.892324971301786,-43.33377861518315,"05/05/2025, 10:10:00",false,false,,Não identificado,,,false
71299,"Morro do Juramento - Vicente de Carvalho, Rio de Janeiro - RJ, 21371-010, Brasil",Sudeste,Rio de Janeiro,Rio de Janeiro,VICENTE DE CARVALHO,,MORRO DO JURAMENTO (COMPLEXO DO JURAMENTO),-22.859420370861685,-43.31822838996581,"05/05/2025, 15:20:00",false,false,,Não identificado,,,false
71306,"Favela do Sertão - Jacarepaguá, Rio de Janeiro - RJ, 22753-630, Brasil",Sudeste,Rio de Janeiro,Rio de Janeiro,JACAREPAGUA,,FAVELA DO SERTAO,-22.96538225	,-43.3208615,"05/05/2025, 22:40:00",false,false,,Disputa,,,false
71307,"Morro do Juramento (Complexo do Juramento) - Vicente de Carvalho, Rio de Janeiro, RJ, Brasil",Sudeste,Rio de Janeiro,Rio de Janeiro,VICENTE DE CARVALHO,,MORRO DO JURAMENTO (COMPLEXO DO JURAMENTO),-22.86204124	,-43.31545844,"06/05/2025, 00:00:00",false,false,,Disputa,,,false
71324,"Parque Dois Irmãos  - Curicica, Rio de Janeiro - RJ, 22780-190, Brasil",Sudeste,Rio de Janeiro,Rio de Janeiro,CURICICA,,FAVELA PARQUE DOIS IRMAOS (CURICICA),-22.95105015,-43.39378358,"07/05/2025, 07:30:00",true,true,PC (DRFA),Operação policial,,,false
71326,"Rua Leopoldino de Oliveira, Morro do Cajueiro (Complexo do Cajueiro) - Madureira, Rio de Janeiro - RJ, Brasil",Sudeste,Rio de Janeiro,Rio de Janeiro,MADUREIRA,,MORRO DO CAJUEIRO (COMPLEXO DO CAJUEIRO),-22.8650061,-43.3393998,"07/05/2025, 14:30:00",true,true,9 BPM,Disputa,,,false
71338,"Rua Iacanga, Conjunto Edson Fernandes dos Santos - Padre Miguel, Rio de Janeiro - RJ, Brasil",Sudeste,Rio de Janeiro,Rio de Janeiro,PADRE MIGUEL,,CONJUNTO EDSON FERNANDES DOS SANTOS,-22.8459083,-43.4635262,"07/05/2025, 18:00:00",false,false,,Homicidio/Tentativa,,,false
71329,"Avenida Santa Cruz - Senador Camará, Rio de Janeiro - RJ, Brasil",Sudeste,Rio de Janeiro,Rio de Janeiro,SENADOR CAMARA,,,-22.882988,-43.4891589,"07/05/2025, 19:00:00",false,false,,Briga,,,false
71332,"Linha Amarela - Bonsucesso, Rio de Janeiro - RJ, Brasil",Sudeste,Rio de Janeiro,Rio de Janeiro,BONSUCESSO,,,-22.8716509,-43.2562752,"08/05/2025, 02:30:00",false,false,,Tentativa/Roubo,,,false
71339,"Vila Vintém - Padre Miguel, Rio de Janeiro - RJ, 21721-480, Brasil",Sudeste,Rio de Janeiro,Rio de Janeiro,PADRE MIGUEL,,VILA VINTEM,-22.87136775,	-43.44308676,"08/05/2025, 03:00:00",true,true,PC (DRFC); PC (32 DP); PC (SSINTE),Operação policial,,,false
71351,"Rua Francisco Siqueira - Inhaúma, Rio de Janeiro - RJ, Brasil",Sudeste,Rio de Janeiro,Rio de Janeiro,INHAUMA,,,-22.8683089,-43.2901951,"08/05/2025, 04:46:00",false,true,,Homicidio/Tentativa,,,false
71357,"Avenida Marechal Câmara - Centro, Rio de Janeiro - RJ, Brasil",Sudeste,Rio de Janeiro,Rio de Janeiro,CENTRO,,,-22.9091988,-43.1694987,"09/05/2025, 10:00:00",true,true,PM (5 BPM),Ação policial,,,false
71361,"Mirante - Vargem Grande, Rio de Janeiro - RJ, 22785, Brasil",Sudeste,Rio de Janeiro,Rio de Janeiro,VARGEM GRANDE,,,-22.981822223259403,-43.51740957541004,"09/05/2025, 10:30:00",false,false,,Homicidio/Tentativa,,,false
71361,"Mirante - Vargem Grande, Rio de Janeiro - RJ, 22785, Brasil",Sudeste,Rio de Janeiro,Rio de Janeiro,VARGEM GRANDE,,,-22.981822223259403,-43.51740957541004,"09/05/2025, 10:30:00",false,false,,Homicidio/Tentativa,,,false
71363,"Rua Barão do Bom Retiro, Morro dos Macacos - Vila Isabel, Rio de Janeiro - RJ, Brasil",Sudeste,Rio de Janeiro,Rio de Janeiro,VILA ISABEL,,MORRO DOS MACACOS,-22.9188746,-43.2617429,"09/05/2025, 15:00:00",false,false,,Disputa,,,false
71363,"Rua Barão do Bom Retiro, Morro dos Macacos - Vila Isabel, Rio de Janeiro - RJ, Brasil",Sudeste,Rio de Janeiro,Rio de Janeiro,VILA ISABEL,,MORRO DOS MACACOS,-22.9188746,-43.2617429,"09/05/2025, 15:00:00",false,false,,Disputa,,,false
71363,"Rua Barão do Bom Retiro, Morro dos Macacos - Vila Isabel, Rio de Janeiro - RJ, Brasil",Sudeste,Rio de Janeiro,Rio de Janeiro,VILA ISABEL,,MORRO DOS MACACOS,-22.9188746,-43.2617429,"09/05/2025, 15:00:00",false,false,,Disputa,,,false
71366,"Estr. das Capoeiras - Campo Grande, Rio de Janeiro - RJ, 23085-660, Brasil",Sudeste,Rio de Janeiro,Rio de Janeiro,CAMPO GRANDE,,,-22.890278,-43.5595033,"10/05/2025, 02:00:00",false,false,,Não identificado,,,false
71377,"Morro do Amor - Rua Dona Francisca - Lins de Vasconcelos, Rio de Janeiro - RJ, Brasil",Sudeste,Rio de Janeiro,Rio de Janeiro,LINS DE VASCONCELOS,,MORRO DO AMOR (COMPLEXO DO LINS),-22.9135991,-43.2762509,"10/05/2025, 12:40:00",false,false,,Não identificado,,,false
71382,"Vila Vale - Rio das Pedras, Jacarepagua, Rio de Janeiro - RJ, Brasil",Sudeste,Rio de Janeiro,Rio de Janeiro,JACAREPAGUA,,RIO DAS PEDRAS,-22.975989,-43.3338632,"10/05/2025, 15:05:00",false,false,,Não identificado,,,false
71383,"Morro dos Macacos - Vila Isabel, Rio de Janeiro - RJ, 20551-232, Brasil",Sudeste,Rio de Janeiro,Rio de Janeiro,VILA ISABEL,,MORRO DOS MACACOS,-22.91189634	,-43.25524243,"10/05/2025, 22:00:00",false,false,,Disputa,,,false
71385,"Morro dos Macacos - Vila Isabel, Rio de Janeiro - RJ, 20551-232, Brasil",Sudeste,Rio de Janeiro,Rio de Janeiro,VILA ISABEL,,MORRO DOS MACACOS,-22.91189634	,-43.25524243,"10/05/2025, 23:00:00",false,false,,Disputa,,,false
71391,"Morro dos Macacos - Vila Isabel, Rio de Janeiro - RJ, 20551-232, Brasil",Sudeste,Rio de Janeiro,Rio de Janeiro,VILA ISABEL,,MORRO DOS MACACOS,-22.91189634,	-43.25524243,"11/05/2025, 01:20:00",false,false,,Disputa,,,false
71390,"Morro dos Macacos - Vila Isabel, Rio de Janeiro - RJ, 20551-232, Brasil",Sudeste,Rio de Janeiro,Rio de Janeiro,VILA ISABEL,,MORRO DOS MACACOS,-22.91189634,	-43.25524243,"11/05/2025, 07:30:00",false,false,,Disputa,,,false
71394,"Morro dos Macacos - Vila Isabel, Rio de Janeiro - RJ, 20551-031, Brasil",Sudeste,Rio de Janeiro,Rio de Janeiro,VILA ISABEL,,MORRO DOS MACACOS,-22.91184513873006,-43.25470929580079,"11/05/2025, 10:12:00",false,false,,Não identificado,,,false
71396,"Morro dos Macacos - Vila Isabel, Rio de Janeiro - RJ, 20551-031, Brasil",Sudeste,Rio de Janeiro,Rio de Janeiro,VILA ISABEL,,MORRO DOS MACACOS,-22.912357169984777,-43.25308655934678,"11/05/2025, 11:15:00",false,false,,Disputa,,,false
71401,"Morro dos Macacos - Vila Isabel, Rio de Janeiro - RJ, 20551-630, Brasil",Sudeste,Rio de Janeiro,Rio de Janeiro,VILA ISABEL,,MORRO DOS MACACOS,-22.911956724521485,-43.255225486755364,"11/05/2025, 17:00:00",false,false,,Disputa,,,false
71400,"Morro dos Macacos - Vila Isabel, Rio de Janeiro - RJ, 20551-230, Brasil",Sudeste,Rio de Janeiro,Rio de Janeiro,VILA ISABEL,,MORRO DOS MACACOS,-22.9126682537086,-43.2558263015747,"11/05/2025, 18:15:00",false,false,,Disputa,,,false
71402,"Morro dos Macacos - Vila Isabel, Rio de Janeiro - RJ, 20551-230, Brasil",Sudeste,Rio de Janeiro,Rio de Janeiro,VILA ISABEL,,MORRO DOS MACACOS,-22.9118579007279,-43.25634128570556,"11/05/2025, 19:05:00",false,false,,Disputa,,Tiroteio contínuo,false
71403,"Rua Tramandai, Guarabu, Jardim Carioca, Rio de Janeiro, Rio de Janeiro, Brasil",Sudeste,Rio de Janeiro,Rio de Janeiro,JARDIM CARIOCA,,GUARABU,-22.8069402,-43.1932888,"11/05/2025, 20:31:00",false,false,,Não identificado,,,false
71416,"Fallet-Fogueteiro - Santa Teresa, Rio de Janeiro - RJ, 20251-250, Brasil",Sudeste,Rio de Janeiro,Rio de Janeiro,SANTA TERESA,,FALLET/FOGUETEIRO,-22.92641055	,-43.19702099,"12/05/2025, 06:00:00",true,true,PC (DESARME); PC (DGPE); PC (CORE),Operação policial,,,false
71406,"Morro dos Macacos - Vila Isabel, Rio de Janeiro - RJ, 20560, Brasil",Sudeste,Rio de Janeiro,Rio de Janeiro,VILA ISABEL,,MORRO DOS MACACOS,-22.911680017717877,-43.25576192855834,"12/05/2025, 06:55:00",false,false,,Disputa,,,false
71422,"Túnel Noel Rosa - Vila Isabel, Rio de Janeiro - RJ, Brasil",Sudeste,Rio de Janeiro,Rio de Janeiro,VILA ISABEL,,,-22.9105493,-43.2534766,"12/05/2025, 17:39:00",false,false,,Não identificado,,,false
71435,"Estr. dos Bandeirantes - Taquara, Rio de Janeiro - RJ, 23535-480, Brasil",Sudeste,Rio de Janeiro,Rio de Janeiro,TAQUARA,,,-22.929852529659527,-43.37324740734022,"12/05/2025, 19:00:00",false,false,,Homicidio/Tentativa,,,false
71425,"B2 - Rua Nossa Senhora das Graças - Del Castilho, Rio de Janeiro - RJ, Brasil",Sudeste,Rio de Janeiro,Rio de Janeiro,DEL CASTILHO,,FAVELA BANDEIRA 2,-22.8812784,-43.26809739999999,"12/05/2025, 20:07:00",false,false,,Não identificado,,,false
71431,"Morro do Campinho (Complexo do Fubá) - Cascadura, Rio de Janeiro - RJ, 21320-300, Brasil",Sudeste,Rio de Janeiro,Rio de Janeiro,CASCADURA,,MORRO DO CAMPINHO (COMPLEXO DO FUBA),-22.8850951874697	,-43.337939003183074,"12/05/2025, 21:17:00",false,false,,Não identificado,,,false
71442,"Avenida Brasil - Maré, Rio de Janeiro - RJ, Brasil",Sudeste,Rio de Janeiro,Rio de Janeiro,MARE,,NOVA HOLANDA (COMPLEXO DA MARE),-22.8587984,-43.2476958,"12/05/2025, 22:10:00",false,false,,Não identificado,,Ataques armados sobre rodas,false
71442,"Avenida Brasil - Maré, Rio de Janeiro - RJ, Brasil",Sudeste,Rio de Janeiro,Rio de Janeiro,MARE,,NOVA HOLANDA (COMPLEXO DA MARE),-22.8587984,-43.2476958,"12/05/2025, 22:10:00",false,false,,Não identificado,,Ataques armados sobre rodas,false
71429,"Morro dos Macacos - Vila Isabel, Rio de Janeiro - RJ, 20551-232, Brasil",Sudeste,Rio de Janeiro,Rio de Janeiro,VILA ISABEL,,MORRO DOS MACACOS,-22.910830129003884,-43.25651294708251,"12/05/2025, 22:35:00",true,true,PM (BPCHQ),Operação policial,,,false
71430,"Vila do Pinheiro (Complexo da Maré) - Maré, Rio de Janeiro - RJ, 21046-185, Brasil",Sudeste,Rio de Janeiro,Rio de Janeiro,MARE,,VILA DO PINHEIRO (COMPLEXO DA MARE),-22.86742212	,-43.23812972,"13/05/2025, 00:20:00",true,true,PM (BOPE); PM (GAM); PC (BPCHQ); PM (BAC); PM (RECOM); PM (BPVE); PM (22 BPM),Operação policial,,,false
71426,"Morro do Timbau - Maré, Rio de Janeiro - RJ, 21046-390, Brasil",Sudeste,Rio de Janeiro,Rio de Janeiro,MARE,,MORRO DO TIMBAU (COMPLEXO DA MARE),-22.86361529157231,-43.240904448626715,"13/05/2025, 00:57:00",true,true,PM (BOPE); PM (GAM); PC (BPCHQ); PM (BAC); PM (RECOM); PM (BPVE); PM (22 BPM),Operação policial,,,false
71439,"Morro do Timbau (Complexo da Maré) - Maré, Rio de Janeiro - RJ, 21042-050, Brasil",Sudeste,Rio de Janeiro,Rio de Janeiro,MARE,,MORRO DO TIMBAU (COMPLEXO DA MARE),-22.86250847	,-43.24132626,"13/05/2025, 02:00:00",true,true,PM (BOPE); PM (GAM); PC (BPCHQ); PM (BAC); PM (RECOM); PM (BPVE); PM (22 BPM),Operação policial,,,true
71439,"Morro do Timbau (Complexo da Maré) - Maré, Rio de Janeiro - RJ, 21042-050, Brasil",Sudeste,Rio de Janeiro,Rio de Janeiro,MARE,,MORRO DO TIMBAU (COMPLEXO DA MARE),-22.86250847	,-43.24132626,"13/05/2025, 02:00:00",true,true,PM (BOPE); PM (GAM); PC (BPCHQ); PM (BAC); PM (RECOM); PM (BPVE); PM (22 BPM),Operação policial,,,true
71439,"Morro do Timbau (Complexo da Maré) - Maré, Rio de Janeiro - RJ, 21042-050, Brasil",Sudeste,Rio de Janeiro,Rio de Janeiro,MARE,,MORRO DO TIMBAU (COMPLEXO DA MARE),-22.86250847	,-43.24132626,"13/05/2025, 02:00:00",true,true,PM (BOPE); PM (GAM); PC (BPCHQ); PM (BAC); PM (RECOM); PM (BPVE); PM (22 BPM),Operação policial,,,true
71432,"Rua Laurindo Filho - Morro da Primavera, Cavalcanti, Rio de Janeiro - RJ, Brasil",Sudeste,Rio de Janeiro,Rio de Janeiro,CAVALCANTI,,MORRO DA PRIMAVERA,-22.869447,-43.3176696,"13/05/2025, 02:30:00",true,true,PM (9 BPM),Operação policial,,,false
71427,"Vila do João - Maré, Rio de Janeiro - RJ, Brasil",Sudeste,Rio de Janeiro,Rio de Janeiro,MARE,,VILA DO JOAO (COMPLEXO DA MARE),-22.8735209,-43.2373768,"13/05/2025, 03:29:00",true,true,PM (BOPE); PM (GAM); PC (BPCHQ); PM (BAC); PM (RECOM); PM (BPVE); PM (22 BPM),Operação policial,,,false
71433,"Vila do João (Complexo da Maré) - Maré, Rio de Janeiro - RJ, 21046-630, Brasil",Sudeste,Rio de Janeiro,Rio de Janeiro,MARE,,VILA DO JOAO (COMPLEXO DA MARE),-22.87117627	,-43.2410853,"13/05/2025, 05:12:00",true,true,PM (BOPE); PM (GAM); PC (BPCHQ); PM (BAC); PM (RECOM); PM (BPVE); PM (22 BPM),Operação policial,,,false
71428,"Favela da Chacrinha - Praça Seca, Rio de Janeiro - RJ, 22733-040, Brasil",Sudeste,Rio de Janeiro,Rio de Janeiro,PRACA SECA,,FAVELA DA CHACRINHA,-22.9018158988203,	-43.36141036190782,"13/05/2025, 06:15:00",false,false,,Não identificado,,,false
71449,"Avenida Dom Hélder Câmara - Piedade, Rio de Janeiro - RJ, Brasil",Sudeste,Rio de Janeiro,Rio de Janeiro,PIEDADE,,,-22.8849004,-43.3139367,"13/05/2025, 13:00:00",false,false,,Tentativa/Roubo,,,false
71447,"Morro dos Macacos - Vila Isabel, Rio de Janeiro - RJ, 20551-232, Brasil",Sudeste,Rio de Janeiro,Rio de Janeiro,VILA ISABEL,,MORRO DOS MACACOS,-22.911548666889125,-43.25179105239258,"13/05/2025, 14:54:00",false,false,,Disputa,,,false
71450,"Morro do Andaraí - Andaraí, Rio de Janeiro - RJ, 20541-240, Brasil",Sudeste,Rio de Janeiro,Rio de Janeiro,ANDARAI,,MORRO DO ANDARAI,-22.93296722	,-43.25643623,"13/05/2025, 23:00:00",false,false,,Disputa,,,false
71459,"Conjunto Cesar Maia - Vargem Pequena, Rio de Janeiro - RJ, 22783-116, Brasil",Sudeste,Rio de Janeiro,Rio de Janeiro,VARGEM PEQUENA,,CONJUNTO CESAR MAIA,-22.9905516	,-43.43146907,"14/05/2025, 04:30:00",true,true,PC,Operação policial,,,false
71464,"Prefeitura Municipal do Rio de Janeiro - R. Roque Barbosa - Jardin Bangu, Bangu, Rio de Janeiro - RJ, 21863-425, Brasil",Sudeste,Rio de Janeiro,Rio de Janeiro,BANGU,,JARDIM BANGU,"-22.848416561343868 ",-43.465340878922824,"14/05/2025, 10:50:00",false,false,,Disputa,,Ataques armados sobre rodas,false
71464,"Prefeitura Municipal do Rio de Janeiro - R. Roque Barbosa - Jardin Bangu, Bangu, Rio de Janeiro - RJ, 21863-425, Brasil",Sudeste,Rio de Janeiro,Rio de Janeiro,BANGU,,JARDIM BANGU,"-22.848416561343868 ",-43.465340878922824,"14/05/2025, 10:50:00",false,false,,Disputa,,Ataques armados sobre rodas,false
71464,"Prefeitura Municipal do Rio de Janeiro - R. Roque Barbosa - Jardin Bangu, Bangu, Rio de Janeiro - RJ, 21863-425, Brasil",Sudeste,Rio de Janeiro,Rio de Janeiro,BANGU,,JARDIM BANGU,"-22.848416561343868 ",-43.465340878922824,"14/05/2025, 10:50:00",false,false,,Disputa,,Ataques armados sobre rodas,false
71463,"Morro do Fubá (Complexo do Fubá) - Cascadura, Rio de Janeiro - RJ, 21311-130, Brasil",Sudeste,Rio de Janeiro,Rio de Janeiro,CASCADURA,,MORRO DO FUBA (COMPLEXO DO FUBA),-22.892324971301786	,-43.33377861518315,"14/05/2025, 13:25:00",false,false,,Não identificado,,,false
71469,"Saçu, Quintino Bocaiúva, Rio de Janeiro - RJ, 20740-480, Brasil",Sudeste,Rio de Janeiro,Rio de Janeiro,QUINTINO BOCAIUVA,,MORRO DO SACU (COMPLEXO DO 18),-22.896198264395064,-43.32179275588913,"15/05/2025, 04:00:00",true,true,PM (9 BPM),Operação policial,,,false
71487,"Santa Cruz, Rio de Janeiro - RJ, Brasil",Sudeste,Rio de Janeiro,Rio de Janeiro,SANTA CRUZ,,,-22.9208226,-43.6809034,"15/05/2025, 12:00:00",true,true,PC (CORE),Ação policial,,,false
71482,"Rua Arquias Cordeiro, Engenho de Dentro, Rio de Janeiro - RJ, Brasil",Sudeste,Rio de Janeiro,Rio de Janeiro,ENGENHO DE DENTRO,,,-22.89562,-43.29105000000001,"15/05/2025, 12:30:00",false,true,,Tentativa/Roubo,,,false
71478,"Rua Roque Barbosa, Jardim Bangu - Bangu, Rio de Janeiro - RJ, Brasil",Sudeste,Rio de Janeiro,Rio de Janeiro,BANGU,,JARDIM BANGU,-22.848555,-43.4652765,"15/05/2025, 12:38:00",true,true,PM,Ação policial,,,false
71479,"Santo Amaro - Catete, Rio de Janeiro - RJ, 22211-230, Brasil",Sudeste,Rio de Janeiro,Rio de Janeiro,CATETE,,SANTO AMARO,-22.92382483,-43.18047167,"15/05/2025, 12:52:00",true,true,PC (DESARME); PC (DRE),Ação policial,,,false
71486,"Jacarezinho, Rio de Janeiro - RJ, 20973-150, Brasil",Sudeste,Rio de Janeiro,Rio de Janeiro,JACAREZINHO,,JACAREZINHO,-22.883844150667745,-43.25500029865724,"16/05/2025, 04:45:00",true,true,PM (3 BPM),Ação policial,,,false
71494,"Complexo do Fuba, Cascadura, Rio de Janeiro - RJ, 21311-050, Brasil",Sudeste,Rio de Janeiro,Rio de Janeiro,CASCADURA,,COMPLEXO DO FUBA,-22.8852319,-43.3319492,"16/05/2025, 15:30:00",false,false,,Disputa,,,false
71500,"Rua Corrêa de Oliveira, Morro dos Macacos - Vila Isabel, Rio de Janeiro - RJ, Brasil",Sudeste,Rio de Janeiro,Rio de Janeiro,VILA ISABEL,,MORRO DOS MACACOS,-22.911623,-43.2478718,"16/05/2025, 18:00:00",false,false,,Não identificado,,,false
71500,"Rua Corrêa de Oliveira, Morro dos Macacos - Vila Isabel, Rio de Janeiro - RJ, Brasil",Sudeste,Rio de Janeiro,Rio de Janeiro,VILA ISABEL,,MORRO DOS MACACOS,-22.911623,-43.2478718,"16/05/2025, 18:00:00",false,false,,Não identificado,,,false
71512,"Brás de Pina, Rio de Janeiro - RJ, Brasil",Sudeste,Rio de Janeiro,Rio de Janeiro,BRAS DE PINA,,,-22.8344389,-43.3027813,"18/05/2025, 03:54:00",false,false,,Não identificado,,,false
71519,"Morro dos Macacos, Vila Isabel - Rio de Janeiro, RJ, Brasil",Sudeste,Rio de Janeiro,Rio de Janeiro,VILA ISABEL,,MORRO DOS MACACOS,-22.90971340666353,-43.25841195106506,"18/05/2025, 13:20:00",false,false,,Não identificado,,,false
71527,"Cidade de Deus, Cidade de Deus, Rio de Janeiro - RJ, 22772-400, Brasil",Sudeste,Rio de Janeiro,Rio de Janeiro,CIDADE DE DEUS,,CIDADE DE DEUS,-22.9481697,-43.3626709,"19/05/2025, 05:30:00",true,true,PC (CORE); PC (DECON); PC (DPMA); PC (SUPCCA),Ação policial,,,false
71546,"Morro do Escondidinho - Santa Teresa, Rio de Janeiro - RJ, 20261-115, Brasil",Sudeste,Rio de Janeiro,Rio de Janeiro,SANTA TERESA,,MORRO DO ESCONDIDINHO,-22.93046953,-43.2024603,"19/05/2025, 07:00:00",true,true,PC (DEAT),Ação policial,,,false
71540,"Favela Para Pedro, rua São Jorge, Colégio, Rio de Janeiro - RJ, 21235-415, Brasil",Sudeste,Rio de Janeiro,Rio de Janeiro,COLEGIO,,FAVELA PARA PEDRO,-22.8359061,-43.3316174,"19/05/2025, 07:00:00",true,true,PM (41 BPM),Ação policial,,,false
71552,"R. Prof. Castro Rebelo, Guaratiba, Rio de Janeiro - RJ, 23020-070, Brasil",Sudeste,Rio de Janeiro,Rio de Janeiro,GUARATIBA,,,-22.9959372,-43.5357598,"19/05/2025, 17:30:00",false,false,,Homicidio/Tentativa,,,false
71550,"Morro do Pavão Pavãozinho - Copacabana, Rio de Janeiro - RJ, 22071-060, Brasil",Sudeste,Rio de Janeiro,Rio de Janeiro,COPACABANA,,MORRO DO PAVAO-PAVAOZINHO,-22.98048085	,-43.19547802,"19/05/2025, 18:24:00",false,false,,Não identificado,,,false
71553,"Morro dos Macacos - Vila Isabel, Rio de Janeiro - RJ, 20551-031, Brasil",Sudeste,Rio de Janeiro,Rio de Janeiro,VILA ISABEL,,MORRO DOS MACACOS,-22.91217027475371,-43.25345398681187,"19/05/2025, 19:28:00",false,false,,Não identificado,,,false
71570,"Complexo do Chapadão - Costa Barros, Rio de Janeiro - RJ, 21650-020, Brasil",Sudeste,Rio de Janeiro,Rio de Janeiro,COSTA BARROS,,COMPLEXO DO CHAPADAO,-22.82326393	,-43.37707903,"20/05/2025, 05:00:00",false,false,,Não identificado,,,false
71558,"R. Itajace, Favela Avenida - Anchieta, Rio de Janeiro - RJ, 21645-310, Brasil",Sudeste,Rio de Janeiro,Rio de Janeiro,ANCHIETA,,FAVELA AVENIDA,-22.818709991640212,-43.40319967790985,"20/05/2025, 05:52:00",false,false,,Não identificado,,,false
71564,"Cidade de Deus, Cidade de Deus, Rio de Janeiro - RJ, 22772-400, Brasil",Sudeste,Rio de Janeiro,Rio de Janeiro,CIDADE DE DEUS,,CIDADE DE DEUS,-22.9481697083,-43.3626708984,"20/05/2025, 10:20:00",true,true,NI,Ação policial,,,false
71595,"Cidade de Deus, Cidade de Deus, Rio de Janeiro - RJ, 22773-050, Brasil",Sudeste,Rio de Janeiro,Rio de Janeiro,CIDADE DE DEUS,,CIDADE DE DEUS,-22.94822555958576,-43.36750665822755,"21/05/2025, 09:00:00",false,false,,Não identificado,,,false
71586,"Estrada do Galeão - Ilha do Governador, Rio de Janeiro - RJ, Brasil",Sudeste,Rio de Janeiro,Rio de Janeiro,GALEAO,,,-22.8136048,-43.1902644,"21/05/2025, 13:00:00",true,true,PM,Ação policial,,Perseguição,false
71586,"Estrada do Galeão - Ilha do Governador, Rio de Janeiro - RJ, Brasil",Sudeste,Rio de Janeiro,Rio de Janeiro,GALEAO,,,-22.8136048,-43.1902644,"21/05/2025, 13:00:00",true,true,PM,Ação policial,,Perseguição,false
71586,"Estrada do Galeão - Ilha do Governador, Rio de Janeiro - RJ, Brasil",Sudeste,Rio de Janeiro,Rio de Janeiro,GALEAO,,,-22.8136048,-43.1902644,"21/05/2025, 13:00:00",true,true,PM,Ação policial,,Perseguição,false
71614,"Morro do Campinho - Cascadura, Rio de Janeiro - RJ, 21310-320, Brasil",Sudeste,Rio de Janeiro,Rio de Janeiro,CASCADURA,,MORRO DO CAMPINHO (COMPLEXO DO FUBA),-22.886834818911804,-43.33879731006783,"21/05/2025, 16:30:00",false,false,,Disputa,,,true
71614,"Morro do Campinho - Cascadura, Rio de Janeiro - RJ, 21310-320, Brasil",Sudeste,Rio de Janeiro,Rio de Janeiro,CASCADURA,,MORRO DO CAMPINHO (COMPLEXO DO FUBA),-22.886834818911804,-43.33879731006783,"21/05/2025, 16:30:00",false,false,,Disputa,,,true
71614,"Morro do Campinho - Cascadura, Rio de Janeiro - RJ, 21310-320, Brasil",Sudeste,Rio de Janeiro,Rio de Janeiro,CASCADURA,,MORRO DO CAMPINHO (COMPLEXO DO FUBA),-22.886834818911804,-43.33879731006783,"21/05/2025, 16:30:00",false,false,,Disputa,,,true
71614,"Morro do Campinho - Cascadura, Rio de Janeiro - RJ, 21310-320, Brasil",Sudeste,Rio de Janeiro,Rio de Janeiro,CASCADURA,,MORRO DO CAMPINHO (COMPLEXO DO FUBA),-22.886834818911804,-43.33879731006783,"21/05/2025, 16:30:00",false,false,,Disputa,,,true
71614,"Morro do Campinho - Cascadura, Rio de Janeiro - RJ, 21310-320, Brasil",Sudeste,Rio de Janeiro,Rio de Janeiro,CASCADURA,,MORRO DO CAMPINHO (COMPLEXO DO FUBA),-22.886834818911804,-43.33879731006783,"21/05/2025, 16:30:00",false,false,,Disputa,,,true
71591,"Praça Lopes Ribeiro - Bonsucesso, Rio de Janeiro - RJ, Brasil",Sudeste,Rio de Janeiro,Rio de Janeiro,BONSUCESSO,,,-22.8624619,-43.2564131,"21/05/2025, 18:00:00",false,false,,Não identificado,,,false
71585,"Morro da Pedreira (Complexo da Pedreira) - Pavuna, Rio de Janeiro - RJ, 21532-200, Brasil",Sudeste,Rio de Janeiro,Rio de Janeiro,PAVUNA,,MORRO DA PEDREIRA (COMPLEXO DA PEDREIRA),-22.82312466	,-43.35986703,"22/05/2025, 04:00:00",true,true,NI,Operação policial,,,false
71593,"Rua Licínio Cardoso - São Francisco Xavier, Rio de Janeiro - RJ, Brasil",Sudeste,Rio de Janeiro,Rio de Janeiro,SAO FRANCISCO XAVIER,,,-22.8998355,-43.2442349,"22/05/2025, 07:00:00",true,true,PM (3 BPM),Ação policial,,,false
71598,"Loteamento Parque Celeste, R. Guaraúna, Vicente de Carvalho, Rio de Janeiro - RJ, 21371-010, Brasil",Sudeste,Rio de Janeiro,Rio de Janeiro,VICENTE DE CARVALHO,,LOTEAMENTO PARQUE CELESTE,-22.8565211,-43.3160003,"22/05/2025, 15:00:00",false,false,,Disputa,,,true
71598,"Loteamento Parque Celeste, R. Guaraúna, Vicente de Carvalho, Rio de Janeiro - RJ, 21371-010, Brasil",Sudeste,Rio de Janeiro,Rio de Janeiro,VICENTE DE CARVALHO,,LOTEAMENTO PARQUE CELESTE,-22.8565211,-43.3160003,"22/05/2025, 15:00:00",false,false,,Disputa,,,true
71598,"Loteamento Parque Celeste, R. Guaraúna, Vicente de Carvalho, Rio de Janeiro - RJ, 21371-010, Brasil",Sudeste,Rio de Janeiro,Rio de Janeiro,VICENTE DE CARVALHO,,LOTEAMENTO PARQUE CELESTE,-22.8565211,-43.3160003,"22/05/2025, 15:00:00",false,false,,Disputa,,,true
71601,"Rua Godofredo Viana, Favelinha da Renascer,Tanque, Rio de Janeiro, Rio de Janeiro, Brasil",Sudeste,Rio de Janeiro,Rio de Janeiro,TANQUE,,FAVELINHA DA RENASCER (OU CHACARA DO TANQUE),-22.9148171,-43.3641852,"22/05/2025, 22:03:00",false,false,,Não identificado,,,false
71605,"Complexo da Serrinha - Madureira, Rio de Janeiro - RJ, 21370-030, Brasil",Sudeste,Rio de Janeiro,Rio de Janeiro,MADUREIRA,,COMPLEXO DA SERRINHA,-22.87059846	,-43.33228522,"23/05/2025, 01:05:00",true,true,PM (BAC); PM (BOPE); PM (COE),Operação policial,,,false
71603,"Complexo da Serrinha - Madureira, Rio de Janeiro - RJ, 21370-030, Brasil",Sudeste,Rio de Janeiro,Rio de Janeiro,MADUREIRA,,COMPLEXO DA SERRINHA,-22.87059846	,-43.33228522,"23/05/2025, 02:12:00",true,true,PM (BAC); PM (BOPE); PM (COE),Operação policial,,,false
71604,"Morro do Salgueiro - Tijuca, Rio de Janeiro - RJ, 20521-110, Brasil",Sudeste,Rio de Janeiro,Rio de Janeiro,TIJUCA,,MORRO DO SALGUEIRO,-22.92930205	,-43.22813171,"23/05/2025, 06:58:00",true,true,PM (UPP Borel),Ação policial,,,false
71611,"Conjunto Cesar Maia - Vargem Pequena, Rio de Janeiro - RJ, 22783-116, Brasil",Sudeste,Rio de Janeiro,Rio de Janeiro,VARGEM PEQUENA,,CONJUNTO CESAR MAIA,-22.9905516,-43.43146907,"23/05/2025, 08:00:00",true,true,PM (31 BPM),Ação policial,,,false
71617,"Morro dos Macacos - Vila Isabel, Rio de Janeiro - RJ, 20551-031, Brasil",Sudeste,Rio de Janeiro,Rio de Janeiro,VILA ISABEL,,MORRO DOS MACACOS,-22.911455089587324,-43.2537017773653,"23/05/2025, 15:49:00",false,false,,Disputa,,Tiroteio contínuo,false
71620,"Morro dos Macacos - Vila Isabel, Rio de Janeiro - RJ, 20551-031, Brasil",Sudeste,Rio de Janeiro,Rio de Janeiro,VILA ISABEL,,MORRO DOS MACACOS,-22.91121266468557,-43.25531011062012,"23/05/2025, 16:49:00",false,false,,Disputa,,,false
71621,"Morro dos Macacos - Vila Isabel, Rio de Janeiro - RJ, 20551-031, Brasil",Sudeste,Rio de Janeiro,Rio de Janeiro,VILA ISABEL,,MORRO DOS MACACOS,-22.911054545713384,-43.25436597304688,"23/05/2025, 17:49:00",false,false,,Disputa,,,false
71623,"Morro dos Macacos - Vila Isabel, Rio de Janeiro - RJ, 20551-031, Brasil",Sudeste,Rio de Janeiro,Rio de Janeiro,VILA ISABEL,,MORRO DOS MACACOS,-22.911924197778138,-43.2533789201294,"23/05/2025, 18:49:00",false,false,,Disputa,,,false
71630,"Rua Alberto Cavalcanti, Recreio dos Bandeirantes, Rio de Janeiro - RJ, 22790-850, Brasil",Sudeste,Rio de Janeiro,Rio de Janeiro,RECREIO DOS BANDEIRANTES,,,-23.015639,-43.4680929,"23/05/2025, 18:58:00",false,false,,Homicidio/Tentativa,,,false
71630,"Rua Alberto Cavalcanti, Recreio dos Bandeirantes, Rio de Janeiro - RJ, 22790-850, Brasil",Sudeste,Rio de Janeiro,Rio de Janeiro,RECREIO DOS BANDEIRANTES,,,-23.015639,-43.4680929,"23/05/2025, 18:58:00",false,false,,Homicidio/Tentativa,,,false
71625,"Morro dos Macacos - Vila Isabel, Rio de Janeiro - RJ, Brasil",Sudeste,Rio de Janeiro,Rio de Janeiro,VILA ISABEL,,MORRO DOS MACACOS,-22.9165886,-43.2502461,"23/05/2025, 20:40:00",false,false,,Disputa,,,false
71635,"Praça Cláudio de Souza - Ric. de Albuquerque, Rio de Janeiro - RJ, 21620-000, Brasil",Sudeste,Rio de Janeiro,Rio de Janeiro,RICARDO DE ALBUQUERQUE,,,-22.839755242466634,-43.39888492438966,"24/05/2025, 11:00:00",false,false,,Briga,,,false
71634,"Morro do Campinho (Complexo do Fubá) - Campinho, Rio de Janeiro - RJ, 21320-300, Brasil",Sudeste,Rio de Janeiro,Rio de Janeiro,CAMPINHO,,MORRO DO CAMPINHO (COMPLEXO DO FUBA),-22.886142922713237,-43.346479156686485,"24/05/2025, 12:40:00",false,false,,Não identificado,,,false
71674,"Rua Araguaia - Freguesia (Jacarepaguá), Rio de Janeiro - RJ, Brasil",Sudeste,Rio de Janeiro,Rio de Janeiro,FREGUESIA (JACAREPAGUA),,,-22.9358757,-43.3388144,"24/05/2025, 13:00:00",false,false,,Homicidio/Tentativa,,Ataques armados sobre rodas,false
71638," Morro do Juramento (Complexo do Juramento) - Vicente de Carvalho, Rio de Janeiro - RJ, 21371-160, Brasil",Sudeste,Rio de Janeiro,Rio de Janeiro,VICENTE DE CARVALHO,,MORRO DO JURAMENTO (COMPLEXO DO JURAMENTO),-22.860726394191165,-43.318129920178826,"24/05/2025, 14:00:00",false,false,,Disputa,,,false
71637,"Morro dos Macacos - Vila Isabel, Rio de Janeiro - RJ, 20551-232, Brasil",Sudeste,Rio de Janeiro,Rio de Janeiro,VILA ISABEL,,MORRO DOS MACACOS,-22.90978958729658,-43.25655465560303,"24/05/2025, 14:50:00",false,false,,Disputa,,,false
71639,"Morro dos Macacos - Vila Isabel, Rio de Janeiro - RJ, 20560, Brasil",Sudeste,Rio de Janeiro,Rio de Janeiro,VILA ISABEL,,MORRO DOS MACACOS,-22.91184513873006,-43.25410848098145,"24/05/2025, 18:45:00",false,false,,Disputa,,,false
71641,"Morro dos Macacos, R. Corrêa de Oliveira, Vila Isabel, Rio de Janeiro - RJ, 20551-200, Brasil",Sudeste,Rio de Janeiro,Rio de Janeiro,VILA ISABEL,,MORRO DOS MACACOS,-22.911697089242388,-43.24826340066375,"25/05/2025, 02:00:00",true,true,6BPM,Ação policial,,,false
71641,"Morro dos Macacos, R. Corrêa de Oliveira, Vila Isabel, Rio de Janeiro - RJ, 20551-200, Brasil",Sudeste,Rio de Janeiro,Rio de Janeiro,VILA ISABEL,,MORRO DOS MACACOS,-22.911697089242388,-43.24826340066375,"25/05/2025, 02:00:00",true,true,6BPM,Ação policial,,,false
71645,"Favela Morro do Divino- Praça Seca, Rio de Janeiro - RJ, 21320-070, Brasil",Sudeste,Rio de Janeiro,Rio de Janeiro,PRACA SECA,,FAVELA MORRO DO DIVINO,-22.8910036,-43.3448782,"25/05/2025, 10:40:00",false,false,,Disputa,,,false
71648,"Morro do Cruz - Andaraí, Rio de Janeiro - RJ, 20530-530, Brasil",Sudeste,Rio de Janeiro,Rio de Janeiro,ANDARAI,,MORRO DO CRUZ,-22.930738	,-43.251766,"25/05/2025, 16:40:00",false,false,,Não identificado,,,false
71650,"Morro do Fubá (Complexo do Fubá) - Cascadura, Rio de Janeiro - RJ, 21311-130, Brasil",Sudeste,Rio de Janeiro,Rio de Janeiro,CASCADURA,,MORRO DO FUBA (COMPLEXO DO FUBA),-22.892324971301786	,-43.33377861518315,"25/05/2025, 17:15:00",false,false,,Não identificado,,,false
71652,"Complexo do Chapadão - Costa Barros, Rio de Janeiro - RJ, 21650-100, Brasil",Sudeste,Rio de Janeiro,Rio de Janeiro,COSTA BARROS,,COMPLEXO DO CHAPADAO,-22.8246493	,-43.3727275,"26/05/2025, 05:28:00",true,true,41º BPM,Operação policial,,,false
71673,"Morro do Juramento - Vicente de Carvalho, Rio de Janeiro - RJ, 21371-010, Brasil",Sudeste,Rio de Janeiro,Rio de Janeiro,VICENTE DE CARVALHO,,MORRO DO JURAMENTO (COMPLEXO DO JURAMENTO),-22.859657639491658,-43.31831422065429,"26/05/2025, 16:20:00",false,false,,Não identificado,,,false
71684,"Rua Júlio de Melo - Senador Camará, Rio de Janeiro - RJ, Brasil",Sudeste,Rio de Janeiro,Rio de Janeiro,SENADOR CAMARA,,,-22.8780575,-43.482095,"26/05/2025, 19:00:00",false,false,,Tentativa/Roubo,,,false
71694,"Catiri - Bangu, Rio de Janeiro - RJ, Brasil",Sudeste,Rio de Janeiro,Rio de Janeiro,BANGU,,CATIRI,-22.8534451,-43.4694182,"27/05/2025, 18:40:00",false,false,,Disputa,,,false
71697,"Av. de Santa Cruz, Realengo, Rio de Janeiro - RJ, 21710-232, Brasil",Sudeste,Rio de Janeiro,Rio de Janeiro,REALENGO,,,-22.87657450685751,-43.44706431165675,"27/05/2025, 20:56:00",false,false,,Não identificado,,,false
71698,"Catiri, Bangu, Rio de Janeiro - RJ, 21863-060, Brasil",Sudeste,Rio de Janeiro,Rio de Janeiro,BANGU,,CATIRI,-22.8533992767,-43.4693374634,"27/05/2025, 23:00:00",false,false,,Disputa,,,false
71708,"Morro do Cruz - Andaraí, Rio de Janeiro - RJ, 20530-530, Brasil",Sudeste,Rio de Janeiro,Rio de Janeiro,ANDARAI,,MORRO DO CRUZ,-22.930738	,-43.251766,"28/05/2025, 20:25:00",false,false,,Não identificado,,,false
71709,"Inhaúma, Rio de Janeiro - RJ, Brasil",Sudeste,Rio de Janeiro,Rio de Janeiro,INHAUMA,,,-22.8714919,-43.282418,"29/05/2025, 04:00:00",true,true,NI,Ação policial,,,false
71714,"Furquim Mendes, Vigário Geral, Rio de Janeiro - RJ, 21241-340, Brasil",Sudeste,Rio de Janeiro,Rio de Janeiro,VIGARIO GERAL,,FURQUIM MENDES,-22.805935218997007,-43.31731462858887,"29/05/2025, 08:00:00",true,true,16BPM,Ação policial,,,false
71723,"Rua Guilherme Baptista - Recreio dos Bandeirantes, Rio de Janeiro - RJ, Brasil",Sudeste,Rio de Janeiro,Rio de Janeiro,RECREIO DOS BANDEIRANTES,,,-23.0134748,-43.4557148,"30/05/2025, 04:00:00",false,false,,Homicidio/Tentativa,,Presença de político,false
71724,"Morro do Saçu (Complexo do 18) - Quintino Bocaiúva, Rio de Janeiro - RJ, 20740-480, Brasil",Sudeste,Rio de Janeiro,Rio de Janeiro,QUINTINO BOCAIUVA,,MORRO DO SACU (COMPLEXO DO 18),-22.896389	,-43.321389,"30/05/2025, 07:00:00",true,true,09º BPM,Operação policial,,,false
71730,"Rua Nerval de Gouveia, Cascadura, Rio de Janeiro - Cascadura, Rio de Janeiro - RJ, Brasil",Sudeste,Rio de Janeiro,Rio de Janeiro,CASCADURA,,,-22.8824965,-43.3288905,"30/05/2025, 07:00:00",false,false,,Ataque a civis,,Ataques armados sobre rodas,false
71730,"Rua Nerval de Gouveia, Cascadura, Rio de Janeiro - Cascadura, Rio de Janeiro - RJ, Brasil",Sudeste,Rio de Janeiro,Rio de Janeiro,CASCADURA,,,-22.8824965,-43.3288905,"30/05/2025, 07:00:00",false,false,,Ataque a civis,,Ataques armados sobre rodas,false
71733,"Rocinha, Rio de Janeiro - RJ, Brasil",Sudeste,Rio de Janeiro,Rio de Janeiro,ROCINHA,,ROCINHA,-22.987941,-43.2480087,"30/05/2025, 22:20:00",true,true,"PCERJ (COE), PMERJ (BOPE, BPChoq), Polícia Civil do Ceará",Operação policial,,,false
71734,"Rocinha, Rio de Janeiro - RJ, Brasil",Sudeste,Rio de Janeiro,Rio de Janeiro,ROCINHA,,ROCINHA,-22.987941,-43.2480087,"31/05/2025, 01:20:00",true,true,"PCERJ (COE), PMERJ (BOPE, BPChoq), Polícia Civil do Ceará",Operação policial,,,false
71735,"Rocinha, Rio de Janeiro - RJ, 22451-330, Brasil",Sudeste,Rio de Janeiro,Rio de Janeiro,ROCINHA,,ROCINHA,-22.99195093253518,-43.24833056508178,"31/05/2025, 02:20:00",true,true,"PCERJ (COE), PMERJ (BOPE, BPChoq), Polícia Civil do Ceará",Operação policial,,,false
71737,"Rocinha, Rio de Janeiro - RJ, Brasil",Sudeste,Rio de Janeiro,Rio de Janeiro,ROCINHA,,ROCINHA,-22.987941,-43.2480087,"31/05/2025, 04:30:00",true,true,"PCERJ (COE), PMERJ (Bope, BPChq), Polícia Civil do Ceará",Operação policial,,,false
71743,"Muzema - Itanhangá, Rio de Janeiro - RJ, Brasil",Sudeste,Rio de Janeiro,Rio de Janeiro,ITANHANGA,,MORRO DA MUZEMA,-22.9896881,-43.3220093,"31/05/2025, 14:27:00",false,false,,Não identificado,,,false
71744,"Santa Teresa, Rio de Janeiro - RJ, Brasil",Sudeste,Rio de Janeiro,Rio de Janeiro,SANTA TERESA,,,-22.9206375,-43.1896095,"31/05/2025, 17:34:00",false,false,,Não identificado,,,false
71767,"Rua Luiz Eurico Tejera - Paciência, Rio de Janeiro - RJ, Brasil",Sudeste,Rio de Janeiro,Rio de Janeiro,PACIENCIA,,,-22.9196048,-43.625506,"01/06/2025, 10:00:00",false,false,,Disputa,,,false
71775,"Del Castilho, Rio de Janeiro - RJ, Brasil",Sudeste,Rio de Janeiro,Rio de Janeiro,DEL CASTILHO,,,-22.8812693,-43.2762917,"01/06/2025, 18:30:00",false,false,,Não identificado,,,false
71776,"Rua Aristides Caire - Méier, Rio de Janeiro - RJ, Brasil",Sudeste,Rio de Janeiro,Rio de Janeiro,MEIER,,,-22.8970882,-43.2758815,"01/06/2025, 23:30:00",false,false,,Não identificado,,,false
71776,"Rua Aristides Caire - Méier, Rio de Janeiro - RJ, Brasil",Sudeste,Rio de Janeiro,Rio de Janeiro,MEIER,,,-22.8970882,-43.2758815,"01/06/2025, 23:30:00",false,false,,Não identificado,,,false
71768,"Morro do Urubu (Complexo do Urubu) - Piedade, Rio de Janeiro - RJ, 20750, Brasil",Sudeste,Rio de Janeiro,Rio de Janeiro,PIEDADE,,MORRO DO URUBU (COMPLEXO DO URUBU),-22.87657404,	-43.30422326,"01/06/2025, 23:30:00",false,false,,Não identificado,,,false
71779,"Morro São João - Engenho Novo, Rio de Janeiro - RJ, 20950-370, Brasil",Sudeste,Rio de Janeiro,Rio de Janeiro,ENGENHO NOVO,,MORRO SAO JOAO,-22.90860304	,-43.26500038,"02/06/2025, 05:00:00",true,true,UPP São João,Ação policial,,,false
71787,"Rocinha - Rocinha, Rio de Janeiro - Rio de Janeiro, Brasil",Sudeste,Rio de Janeiro,Rio de Janeiro,ROCINHA,,ROCINHA,-22.987941,-43.2480087,"02/06/2025, 11:46:00",false,false,,Não identificado,,,false
71802,"Morro da Primavera - Cavalcanti, Rio de Janeiro - RJ, 21370-280, Brasil",Sudeste,Rio de Janeiro,Rio de Janeiro,CAVALCANTI,,MORRO DA PRIMAVERA,-22.86902669,	-43.31696145,"02/06/2025, 18:45:00",false,false,,Disputa,,,false
71802,"Morro da Primavera - Cavalcanti, Rio de Janeiro - RJ, 21370-280, Brasil",Sudeste,Rio de Janeiro,Rio de Janeiro,CAVALCANTI,,MORRO DA PRIMAVERA,-22.86902669,	-43.31696145,"02/06/2025, 18:45:00",false,false,,Disputa,,,false
71792,"Morro do Andaraí - Andaraí, Rio de Janeiro - RJ, 20541-240, Brasil",Sudeste,Rio de Janeiro,Rio de Janeiro,ANDARAI,,MORRO DO ANDARAI,-22.93296722	,-43.25643623,"02/06/2025, 23:30:00",false,false,,Disputa,,,false
71793,"Cidade Alta - Cordovil, Rio de Janeiro - RJ, 21010-640, Brasil",Sudeste,Rio de Janeiro,Rio de Janeiro,CORDOVIL,,CIDADE ALTA (COMPLEXO DE ISRAEL),-22.82007088	,-43.29432515,"03/06/2025, 00:50:00",true,true,"PM (COE, BOPE, BAC, BPChq, BTM, NAOE, GAM, 16BPM, 1CPA, RECOM, BPVE, GESAR)",Operação policial,,Tiroteio contínuo,false
71794,"Favela de Vigário Geral (Complexo de Israel) - Vigário Geral, Rio de Janeiro - RJ, 21241-310, Brasil",Sudeste,Rio de Janeiro,Rio de Janeiro,VIGARIO GERAL,,FAVELA DE VIGARIO GERAL (COMPLEXO DE ISRAEL),-22.80801593	,-43.30553607,"03/06/2025, 01:30:00",true,true,"PM (COE, BOPE, BAC, BPChq, BTM, NAOE, GAM, 16BPM, 1CPA, RECOM, BPVE, GESAR)",Operação policial,,,false
71795,"Favela de Vigário Geral (Complexo de Israel) - Vigário Geral, Rio de Janeiro - RJ, 21241-310, Brasil",Sudeste,Rio de Janeiro,Rio de Janeiro,VIGARIO GERAL,,FAVELA DE VIGARIO GERAL (COMPLEXO DE ISRAEL),-22.80801593,	-43.30553607,"03/06/2025, 02:30:00",true,true,"PM (COE, BOPE, BAC, BPChq, BTM, NAOE, GAM, 16BPM, 1CPA, RECOM, BPVE, GESAR.)",Operação policial,,,false
71798,"Rua Nerval de Gouvêia - Cascadura, Rio de Janeiro - RJ, Brasil",Sudeste,Rio de Janeiro,Rio de Janeiro,CASCADURA,,,-22.8858048,-43.3249884,"03/06/2025, 05:40:00",false,false,,Homicidio/Tentativa,,,false
71798,"Rua Nerval de Gouvêia - Cascadura, Rio de Janeiro - RJ, Brasil",Sudeste,Rio de Janeiro,Rio de Janeiro,CASCADURA,,,-22.8858048,-43.3249884,"03/06/2025, 05:40:00",false,false,,Homicidio/Tentativa,,,false
71796,"Complexo do Alemão, Rio de Janeiro - RJ, 21061-610, Brasil",Sudeste,Rio de Janeiro,Rio de Janeiro,COMPLEXO DO ALEMAO,,COMPLEXO DO ALEMAO,-22.86036660675836,-43.27391856004944,"03/06/2025, 07:00:00",false,false,,Não identificado,,,false
71807,"Morro do Cruz - Andaraí, Rio de Janeiro - RJ, 20530-530, Brasil",Sudeste,Rio de Janeiro,Rio de Janeiro,ANDARAI,,MORRO DO CRUZ,-22.93057002279289,-43.25212005158997,"03/06/2025, 14:55:00",false,false,,Disputa,,,false
71806,"Viaduto dos Fuzileiros - Praça da Bandeira, Rio de Janeiro - RJ, Brasil",Sudeste,Rio de Janeiro,Rio de Janeiro,PRACA DA BANDEIRA,,,-22.911181,-43.2101633,"03/06/2025, 15:00:00",false,true,,Tentativa/Roubo,,,false
71836,"Favela Parada de Lucas, Parada de Lucas, Rio de Janeiro - RJ, Brasil",Sudeste,Rio de Janeiro,Rio de Janeiro,PARADA DE LUCAS,,FAVELA PARADA DE LUCAS (COMPLEXO DE ISRAEL),-22.8185145,-43.3028834,"04/06/2025, 11:00:00",false,false,,Ataque a civis,,,false
71827,"Complexo de Israel - Cordovil, Rio de Janeiro - RJ, 21241-367, Brasil",Sudeste,Rio de Janeiro,Rio de Janeiro,CORDOVIL,,COMPLEXO DE ISRAEL,-22.819980	,-43.298630,"05/06/2025, 03:30:00",true,true,PM (16 BPM),Ação policial,,,false
71835,"Avenida Raul Barros Vieira, Conjunto da Marinha - Bangu, Rio de Janeiro - RJ, Brasil",Sudeste,Rio de Janeiro,Rio de Janeiro,BANGU,,PARQUE RESIDENCIAL SEIS DE NOVEMBRO (CONJUNTO DA MARINHA),-22.8559488,-43.4590516,"05/06/2025, 10:30:00",false,false,,Homicidio/Tentativa,,Ataques armados sobre rodas,false
71834,"Rua Mirabeau Souto Uchoa - Praça da Bandeira, Rio de Janeiro - RJ, Brasil",Sudeste,Rio de Janeiro,Rio de Janeiro,PRACA DA BANDEIRA,,,-22.9111355,-43.2110395,"05/06/2025, 10:30:00",false,false,,Homicidio/Tentativa,,,false
71856,"Santo Amaro- Catete, Rio de Janeiro - RJ, 22211-230, Brasil",Sudeste,Rio de Janeiro,Rio de Janeiro,CATETE,,SANTO AMARO,-22.92382483,-43.18047167,"05/06/2025, 23:30:00",true,true,BOPE,Operação policial,,,false
71856,"Santo Amaro- Catete, Rio de Janeiro - RJ, 22211-230, Brasil",Sudeste,Rio de Janeiro,Rio de Janeiro,CATETE,,SANTO AMARO,-22.92382483,-43.18047167,"05/06/2025, 23:30:00",true,true,BOPE,Operação policial,,,false
71856,"Santo Amaro- Catete, Rio de Janeiro - RJ, 22211-230, Brasil",Sudeste,Rio de Janeiro,Rio de Janeiro,CATETE,,SANTO AMARO,-22.92382483,-43.18047167,"05/06/2025, 23:30:00",true,true,BOPE,Operação policial,,,false
71856,"Santo Amaro- Catete, Rio de Janeiro - RJ, 22211-230, Brasil",Sudeste,Rio de Janeiro,Rio de Janeiro,CATETE,,SANTO AMARO,-22.92382483,-43.18047167,"05/06/2025, 23:30:00",true,true,BOPE,Operação policial,,,false
71856,"Santo Amaro- Catete, Rio de Janeiro - RJ, 22211-230, Brasil",Sudeste,Rio de Janeiro,Rio de Janeiro,CATETE,,SANTO AMARO,-22.92382483,-43.18047167,"05/06/2025, 23:30:00",true,true,BOPE,Operação policial,,,false
71856,"Santo Amaro- Catete, Rio de Janeiro - RJ, 22211-230, Brasil",Sudeste,Rio de Janeiro,Rio de Janeiro,CATETE,,SANTO AMARO,-22.92382483,-43.18047167,"05/06/2025, 23:30:00",true,true,BOPE,Operação policial,,,false
71840,"Complexo da Pedreira - Pavuna, Rio de Janeiro - RJ, 21515-580, Brasil",Sudeste,Rio de Janeiro,Rio de Janeiro,PAVUNA,,COMPLEXO DA PEDREIRA,-22.82425288,	-43.36809439,"06/06/2025, 03:30:00",true,true,PM (41 BPM),Ação policial,,,false
71840,"Complexo da Pedreira - Pavuna, Rio de Janeiro - RJ, 21515-580, Brasil",Sudeste,Rio de Janeiro,Rio de Janeiro,PAVUNA,,COMPLEXO DA PEDREIRA,-22.82425288,	-43.36809439,"06/06/2025, 03:30:00",true,true,PM (41 BPM),Ação policial,,,false
71850,"Cordovil, Rio de Janeiro - RJ, 21250-280, Brasil",Sudeste,Rio de Janeiro,Rio de Janeiro,CORDOVIL,,,-22.823692935389207,-43.29654177351074,"06/06/2025, 13:49:00",false,false,,Não identificado,,,false
71852,"Morro do Juramento - Vicente de Carvalho, Rio de Janeiro - RJ, 21371-060, Brasil",Sudeste,Rio de Janeiro,Rio de Janeiro,VICENTE DE CARVALHO,,MORRO DO JURAMENTO (COMPLEXO DO JURAMENTO),-22.858313111778163,-43.317370083081045,"06/06/2025, 16:05:00",false,false,,Disputa,,,false
71861,"Av. das Américas, Recreio dos Bandeirantes, Rio de Janeiro - RJ, Brasil",Sudeste,Rio de Janeiro,Rio de Janeiro,RECREIO DOS BANDEIRANTES,,,-23.0201036,-43.4879954,"06/06/2025, 16:30:00",false,true,,Tentativa/Roubo,,,false
71860,"Rua do Lavradio - Centro, Rio de Janeiro - RJ, Brasil",Sudeste,Rio de Janeiro,Rio de Janeiro,CENTRO,,,-22.9107844,-43.1827499,"06/06/2025, 20:00:00",false,true,,Tentativa/Roubo,,,false
71860,"Rua do Lavradio - Centro, Rio de Janeiro - RJ, Brasil",Sudeste,Rio de Janeiro,Rio de Janeiro,CENTRO,,,-22.9107844,-43.1827499,"06/06/2025, 20:00:00",false,true,,Tentativa/Roubo,,,false
71857,"Avenida Antenor Navarro - Brás de Pina, Rio de Janeiro - RJ, Brasil",Sudeste,Rio de Janeiro,Rio de Janeiro,BRAS DE PINA,,,-22.8261299,-43.2899823,"07/06/2025, 03:30:00",false,false,,Não identificado,,,false
71875,"Estrada da Cancela Preta - Bangu, Rio de Janeiro - RJ, Brasil",Sudeste,Rio de Janeiro,Rio de Janeiro,BANGU,,,-22.8558878,-43.4551342,"07/06/2025, 07:00:00",false,true,,Briga,,,false
71862,"Morro do Divino - Praça Seca, Rio de Janeiro - RJ, 21341-270, Brasil",Sudeste,Rio de Janeiro,Rio de Janeiro,PRACA SECA,,FAVELA MORRO DO DIVINO,"-22.890367763064262 ",-43.34358964588805,"07/06/2025, 12:00:00",false,false,,Disputa,,,false
71870,"Estrada de Jacarepaguá, Jacarepaguá, Rio de Janeiro, Rio de Janeiro, Brasil",Sudeste,Rio de Janeiro,Rio de Janeiro,JACAREPAGUA,,,-22.9717833,-43.3323915,"08/06/2025, 00:30:00",false,false,,Não identificado,,,false
71868,"Cidade Alta - Cordovil, Rio de Janeiro - RJ, Brasil",Sudeste,Rio de Janeiro,Rio de Janeiro,CORDOVIL,,CIDADE ALTA (COMPLEXO DE ISRAEL),-22.819569,-43.2943808,"08/06/2025, 05:50:00",false,false,,Não identificado,,,false
71876,"Rua Pedro Américo - Catete, Rio de Janeiro - RJ, Brasil",Sudeste,Rio de Janeiro,Rio de Janeiro,CATETE,,SANTO AMARO,-22.9242062,-43.1815247,"08/06/2025, 13:00:00",false,true,,Tiros a esmo,,,false
71880,"Morro do Fubá (Complexo do Fubá) - Cascadura, Rio de Janeiro - RJ, 21311-130, Brasil",Sudeste,Rio de Janeiro,Rio de Janeiro,CASCADURA,,MORRO DO FUBA (COMPLEXO DO FUBA),-22.892324971301786,-43.33377861518315,"08/06/2025, 19:30:00",false,false,,Não identificado,,,false
71881,"Nova Holanda (Complexo da Maré) - Maré, Rio de Janeiro - RJ, 21044-530, Brasil",Sudeste,Rio de Janeiro,Rio de Janeiro,MARE,,NOVA HOLANDA (COMPLEXO DA MARE),-22.85455510573403,-43.2417432327881,"08/06/2025, 23:25:00",true,true,PM (22 BPM),Ação policial,,,false
71929,"Morro do Fubá (Complexo do Fubá) - Cascadura, Rio de Janeiro - RJ, 21311-130, Brasil",Sudeste,Rio de Janeiro,Rio de Janeiro,CASCADURA,,MORRO DO FUBA (COMPLEXO DO FUBA),-22.892324971301786,	-43.33377861518315,"09/06/2025, 01:00:00",false,false,,Disputa,,,false
71900,"Av. Maracanã - Tijuca, Rio de Janeiro - RJ, Brasil",Sudeste,Rio de Janeiro,Rio de Janeiro,MARACANA,,,-22.932373,-43.2431376,"09/06/2025, 06:00:00",true,true,"Segurança Presente ",Ação policial,,,false
71897,"Av. Cesário de Melo - Santa Cruz, Rio de Janeiro - RJ, 23595-040, Brasil",Sudeste,Rio de Janeiro,Rio de Janeiro,SANTA CRUZ,,,-22.932871445329308,-43.659960056483456,"09/06/2025, 09:00:00",false,false,,Não identificado,,,false
71898,"Complexo da Serrinha - Madureira, Rio de Janeiro - RJ, 21360-310, Brasil",Sudeste,Rio de Janeiro,Rio de Janeiro,MADUREIRA,,COMPLEXO DA SERRINHA,-22.865064989353012,-43.32662957795929,"09/06/2025, 12:00:00",false,false,,Não identificado,,,false
71930,"Morro dos Macacos - Vila Isabel, Rio de Janeiro - RJ, 20551-031, Brasil",Sudeste,Rio de Janeiro,Rio de Janeiro,VILA ISABEL,,MORRO DOS MACACOS,-22.912082315735976,-43.25367932753907,"09/06/2025, 19:00:00",false,false,,Tiros a esmo,,,false
71908,"Complexo de Israel - Cordovil, Rio de Janeiro - RJ, 21241-367, Brasil",Sudeste,Rio de Janeiro,Rio de Janeiro,CORDOVIL,,COMPLEXO DE ISRAEL,-22.819980	,-43.298630,"10/06/2025, 03:23:00",true,true,PC,Operação policial,,,false
71908,"Complexo de Israel - Cordovil, Rio de Janeiro - RJ, 21241-367, Brasil",Sudeste,Rio de Janeiro,Rio de Janeiro,CORDOVIL,,COMPLEXO DE ISRAEL,-22.819980	,-43.298630,"10/06/2025, 03:23:00",true,true,PC,Operação policial,,,false
71908,"Complexo de Israel - Cordovil, Rio de Janeiro - RJ, 21241-367, Brasil",Sudeste,Rio de Janeiro,Rio de Janeiro,CORDOVIL,,COMPLEXO DE ISRAEL,-22.819980	,-43.298630,"10/06/2025, 03:23:00",true,true,PC,Operação policial,,,false
71908,"Complexo de Israel - Cordovil, Rio de Janeiro - RJ, 21241-367, Brasil",Sudeste,Rio de Janeiro,Rio de Janeiro,CORDOVIL,,COMPLEXO DE ISRAEL,-22.819980	,-43.298630,"10/06/2025, 03:23:00",true,true,PC,Operação policial,,,false
71910,"Complexo de Israel - Cordovil, Rio de Janeiro - RJ, 21241-367, Brasil",Sudeste,Rio de Janeiro,Rio de Janeiro,CORDOVIL,,COMPLEXO DE ISRAEL,-22.819980	,-43.298630,"10/06/2025, 04:15:00",true,true,PC,Operação policial,,,false
71926,"Morro do Fubá (Complexo do Fubá) - Cascadura, Rio de Janeiro - RJ, 21311-130, Brasil",Sudeste,Rio de Janeiro,Rio de Janeiro,CASCADURA,,MORRO DO FUBA (COMPLEXO DO FUBA),-22.892324971301786	,-43.33377861518315,"10/06/2025, 13:40:00",false,false,,Disputa,,,false
71923,"Morro do Fubá (Complexo do Fubá)- Cascadura, Rio de Janeiro - RJ, 21311-130, Brasil",Sudeste,Rio de Janeiro,Rio de Janeiro,CASCADURA,,COMPLEXO DO FUBA,-22.892324971301786,	-43.33377861518315,"10/06/2025, 15:00:00",false,false,,Disputa,,,false
71928,"Morro dos Macacos - Vila Isabel, Rio de Janeiro - RJ, 20551-031, Brasil",Sudeste,Rio de Janeiro,Rio de Janeiro,VILA ISABEL,,MORRO DOS MACACOS,-22.911113840349568,-43.252263121179205,"10/06/2025, 16:45:00",false,false,,Tiros a esmo,,,false
71940,"Marechal Hermes, Rio de Janeiro - RJ, Brasil",Sudeste,Rio de Janeiro,Rio de Janeiro,MARECHAL HERMES,,,-22.8599085,-43.3697557,"10/06/2025, 17:30:00",false,true,,Tentativa/Roubo,,,false
71940,"Marechal Hermes, Rio de Janeiro - RJ, Brasil",Sudeste,Rio de Janeiro,Rio de Janeiro,MARECHAL HERMES,,,-22.8599085,-43.3697557,"10/06/2025, 17:30:00",false,true,,Tentativa/Roubo,,,false
71940,"Marechal Hermes, Rio de Janeiro - RJ, Brasil",Sudeste,Rio de Janeiro,Rio de Janeiro,MARECHAL HERMES,,,-22.8599085,-43.3697557,"10/06/2025, 17:30:00",false,true,,Tentativa/Roubo,,,false
71940,"Marechal Hermes, Rio de Janeiro - RJ, Brasil",Sudeste,Rio de Janeiro,Rio de Janeiro,MARECHAL HERMES,,,-22.8599085,-43.3697557,"10/06/2025, 17:30:00",false,true,,Tentativa/Roubo,,,false
71931,"Morro do Fubá (Complexo do Fubá) - Cascadura, Rio de Janeiro - RJ, 21311-130, Brasil",Sudeste,Rio de Janeiro,Rio de Janeiro,CASCADURA,,MORRO DO FUBA (COMPLEXO DO FUBA),-22.892324971301786	,-43.33377861518315,"10/06/2025, 20:00:00",false,false,,Disputa,,,false
71942,"Morro do Campinho (Complexo do Fubá) - Cascadura, Rio de Janeiro - RJ, 21320-300, Brasil",Sudeste,Rio de Janeiro,Rio de Janeiro,CASCADURA,,MORRO DO CAMPINHO (COMPLEXO DO FUBA),-22.8850951874697,	-43.337939003183074,"11/06/2025, 08:30:00",false,false,,Não identificado,,,false
71949,"Morro do Campinho (Complexo do Fubá) - Campinho, Rio de Janeiro - RJ, 21310-420, Brasil",Sudeste,Rio de Janeiro,Rio de Janeiro,CAMPINHO,,MORRO DO CAMPINHO (COMPLEXO DO FUBA),-22.885490560209842,-43.33963415928048,"11/06/2025, 14:45:00",false,false,,Disputa,,,false
71953,"Morro dos Macacos - Vila Isabel, Rio de Janeiro - RJ, 20551-230, Brasil",Sudeste,Rio de Janeiro,Rio de Janeiro,VILA ISABEL,,MORRO DOS MACACOS,-22.914454062971117,-43.257756285241705,"11/06/2025, 17:00:00",false,false,,Não identificado,,,false
71955,"Rocinha, Rio de Janeiro - RJ, Brasil",Sudeste,Rio de Janeiro,Rio de Janeiro,ROCINHA,,ROCINHA,-22.987941,-43.2480087,"11/06/2025, 19:50:00",false,false,,Não identificado,,,false
71956,"Morro do Fubá e Campinho (Complexo do Fubá) - Cascadura, Rio de Janeiro - RJ, 21311-130, Brasil",Sudeste,Rio de Janeiro,Rio de Janeiro,CASCADURA,,MORRO DO FUBA (COMPLEXO DO FUBA),-22.892324971301786	,-43.33377861518315,"11/06/2025, 20:05:00",false,false,,Disputa,,,false
71968,"Morro do Campinho (Complexo do Fubá) - Campinho, Rio de Janeiro - RJ, 21310-420, Brasil",Sudeste,Rio de Janeiro,Rio de Janeiro,CAMPINHO,,MORRO DO CAMPINHO (COMPLEXO DO FUBA),-22.884571316815137,-43.339237192346275,"12/06/2025, 15:25:00",false,false,,Não identificado,,,false
71989,"Morro do Fubá - Cascadura, Rio de Janeiro - RJ, 21311-130, Brasil",Sudeste,Rio de Janeiro,Rio de Janeiro,CASCADURA,,MORRO DO FUBA (COMPLEXO DO FUBA),-22.892324971301786,-43.33377861518315,"12/06/2025, 20:00:00",false,false,,Não identificado,,,false
71987,"Nova Holanda - Maré, Rio de Janeiro - RJ, 21044-210, Brasil",Sudeste,Rio de Janeiro,Rio de Janeiro,MARE,,NOVA HOLANDA (COMPLEXO DA MARE),-22.85513841125244,-43.24313798147585,"13/06/2025, 04:03:00",false,false,,Tiros a esmo,,,false
71988,"Morro do Fubá - Cascadura, Rio de Janeiro - RJ, 21311-130, Brasil",Sudeste,Rio de Janeiro,Rio de Janeiro,CASCADURA,,MORRO DO FUBA (COMPLEXO DO FUBA),-22.892324971301786,-43.33377861518315,"13/06/2025, 11:11:00",false,false,,Não identificado,,,false
71991,"R. Barão de Mesquita, Andaraí, Rio de Janeiro - RJ, 20541-120, Brasil",Sudeste,Rio de Janeiro,Rio de Janeiro,ANDARAI,,,-22.926140922722936,-43.2483470008026,"13/06/2025, 12:00:00",false,false,,Disputa,,,false
71993,"Morro do Fubá - Cascadura, Rio de Janeiro - RJ, 21311-130, Brasil",Sudeste,Rio de Janeiro,Rio de Janeiro,CASCADURA,,MORRO DO FUBA (COMPLEXO DO FUBA),-22.892186597942352,-43.33418631095342,"14/06/2025, 01:30:00",false,false,,Disputa,,,false
71992,"Vila do João - Maré, Rio de Janeiro - RJ, 21046-630, Brasil",Sudeste,Rio de Janeiro,Rio de Janeiro,MARE,,VILA DO JOAO (COMPLEXO DA MARE),-22.87117627,-43.2410853,"14/06/2025, 04:55:00",false,false,,Não identificado,,,false
72001,"Morro do Fubá (Complexo do Fubá) - Cascadura, Rio de Janeiro - RJ, 21311-130, Brasil",Sudeste,Rio de Janeiro,Rio de Janeiro,CASCADURA,,MORRO DO FUBA (COMPLEXO DO FUBA),-22.892324971301786,	-43.33377861518315,"14/06/2025, 15:15:00",false,false,,Não identificado,,,false
72004,"Morro do Fubá - Cascadura, Rio de Janeiro - RJ, 21311-130, Brasil",Sudeste,Rio de Janeiro,Rio de Janeiro,CASCADURA,,MORRO DO FUBA (COMPLEXO DO FUBA),-22.892324971301786,-43.33377861518315,"14/06/2025, 23:00:00",false,false,,Disputa,,,false
72006,"Morro do Fubá- Cascadura, Rio de Janeiro - RJ, 21311-130, Brasil",Sudeste,Rio de Janeiro,Rio de Janeiro,CASCADURA,,MORRO DO FUBA (COMPLEXO DO FUBA),-22.892324971301786,-43.33377861518315,"15/06/2025, 10:03:00",false,false,,Não identificado,,,false
72009,"Morro do Fubá (Complexo do Fubá) - Cascadura, Rio de Janeiro - RJ, 21311-130, Brasil",Sudeste,Rio de Janeiro,Rio de Janeiro,CASCADURA,,MORRO DO FUBA (COMPLEXO DO FUBA),-22.892324971301786	,-43.33377861518315,"15/06/2025, 12:58:00",false,false,,Não identificado,,,false
72013,"Parque Alegria - Caju, Rio de Janeiro - RJ, 20920-460, Brasil",Sudeste,Rio de Janeiro,Rio de Janeiro,CAJU,,PARQUE ALEGRIA (COMPLEXO DO CAJU),"-22.88475296289994 ",-43.23004710717188,"16/06/2025, 03:31:00",true,true,Não Identificada,Operação policial,,,false
72021,"Ladeira dos Tabajaras - Copacabana, Rio de Janeiro - RJ, Brasil",Sudeste,Rio de Janeiro,Rio de Janeiro,COPACABANA,,LADEIRA DOS TABAJARAS,-22.9647398,-43.1890309,"16/06/2025, 07:30:00",true,true,"Coordenadoria de Recursos Especiais (Core) e da Delegacia de Homicídios da Capital ",Ação policial,,,false
72028,"Morro do Fubá (Complexo do Fubá) - Cascadura, Rio de Janeiro - RJ, 21311-130, Brasil",Sudeste,Rio de Janeiro,Rio de Janeiro,CASCADURA,,MORRO DO FUBA (COMPLEXO DO FUBA),-22.892324971301786	,-43.33377861518315,"16/06/2025, 16:13:00",false,false,,Não identificado,,,false
72029,"Morro do Fubá (Complexo do Fubá) - Cascadura, Rio de Janeiro - RJ, 21311-130, Brasil",Sudeste,Rio de Janeiro,Rio de Janeiro,CASCADURA,,MORRO DO FUBA (COMPLEXO DO FUBA),-22.892324971301786	,-43.33377861518315,"16/06/2025, 19:04:00",false,false,,Não identificado,,,false
72027,"Baixa do Sapateiro (Complexo da Maré), Rio de Janeiro - RJ, 21044-054, Brasil",Sudeste,Rio de Janeiro,Rio de Janeiro,MARE,,BAIXA DO SAPATEIRO (COMPLEXO DA MARE),-22.858909,-43.24398559999999,"16/06/2025, 20:19:00",false,false,,Não identificado,,,false
72030,"Morro do Fubá (Complexo do Fubá) - Cascadura, Rio de Janeiro - RJ, 21311-130, Brasil",Sudeste,Rio de Janeiro,Rio de Janeiro,CASCADURA,,MORRO DO FUBA (COMPLEXO DO FUBA),-22.892324971301786	,-43.33377861518315,"16/06/2025, 22:48:00",false,false,,Não identificado,,,false
72033,"Av. Pastor Martin Luther King Jr. - Acari, Rio de Janeiro - RJ, Brasil",Sudeste,Rio de Janeiro,Rio de Janeiro,ACARI,,,-22.8252233,-43.3488392,"16/06/2025, 23:30:00",true,true,PM (41 BPM),Tentativa/Roubo de cargas,,,false
72040,"Gardênia Azul, Rio de Janeiro - RJ, Brasil",Sudeste,Rio de Janeiro,Rio de Janeiro,GARDENIA AZUL,,,-22.9582037,-43.3529536,"17/06/2025, 09:00:00",true,true,PM (18 BPM),Ação policial,,,false
72035,"Favela do Antares - Santa Cruz, Rio de Janeiro - RJ, 23510-360, Brasil",Sudeste,Rio de Janeiro,Rio de Janeiro,SANTA CRUZ,,FAVELA DE ANTARES,-22.9212928,	-43.66281821,"17/06/2025, 09:05:00",false,false,,Não identificado,,,false
72084,"Exército Brasileiro — 11º Batalhão de Polícia do Exército (11º BPE) - Rua São Sebastião - Deodoro, Rio de Janeiro - RJ, Brasil",Sudeste,Rio de Janeiro,Rio de Janeiro,DEODORO,,,-22.8601909,-43.3851351,"17/06/2025, 15:00:00",true,true,11º Batalhão de Polícia do Exército,Ação policial,,,false
72047,"Catiri, Bangu, Rio de Janeiro - RJ, 21863-060, Brasil",Sudeste,Rio de Janeiro,Rio de Janeiro,BANGU,,CATIRI,-22.8533993,-43.4693375,"17/06/2025, 16:00:00",true,true,PM,Disputa,,,false
72048,"Morro dos Prazeres, Santa Teresa, Rio de Janeiro - RJ, 20241-410, Brasil",Sudeste,Rio de Janeiro,Rio de Janeiro,SANTA TERESA,,MORRO DOS PRAZERES,-22.93381258,-43.2046793262,"17/06/2025, 20:45:00",false,false,,Não identificado,,,false
72051,"Avenida Brasil - Guadalupe, Rio de Janeiro - RJ, Brasil",Sudeste,Rio de Janeiro,Rio de Janeiro,GUADALUPE,,,-22.842479,-43.3728459,"17/06/2025, 23:00:00",false,true,,Tentativa/Roubo,,,false
72056,"Avenida Guiomar Novaes - Recreio dos Bandeirantes, Rio de Janeiro - RJ, Brasil",Sudeste,Rio de Janeiro,Rio de Janeiro,RECREIO DOS BANDEIRANTES,,FAVELA DO TERREIRAO,-23.0222717,-43.4824287,"17/06/2025, 23:15:00",false,false,,Ataque a civis,,Ataques armados sobre rodas,false
72056,"Avenida Guiomar Novaes - Recreio dos Bandeirantes, Rio de Janeiro - RJ, Brasil",Sudeste,Rio de Janeiro,Rio de Janeiro,RECREIO DOS BANDEIRANTES,,FAVELA DO TERREIRAO,-23.0222717,-43.4824287,"17/06/2025, 23:15:00",false,false,,Ataque a civis,,Ataques armados sobre rodas,false
72056,"Avenida Guiomar Novaes - Recreio dos Bandeirantes, Rio de Janeiro - RJ, Brasil",Sudeste,Rio de Janeiro,Rio de Janeiro,RECREIO DOS BANDEIRANTES,,FAVELA DO TERREIRAO,-23.0222717,-43.4824287,"17/06/2025, 23:15:00",false,false,,Ataque a civis,,Ataques armados sobre rodas,false
72056,"Avenida Guiomar Novaes - Recreio dos Bandeirantes, Rio de Janeiro - RJ, Brasil",Sudeste,Rio de Janeiro,Rio de Janeiro,RECREIO DOS BANDEIRANTES,,FAVELA DO TERREIRAO,-23.0222717,-43.4824287,"17/06/2025, 23:15:00",false,false,,Ataque a civis,,Ataques armados sobre rodas,false
72053,"Fumacê - Realengo, Rio de Janeiro - RJ, 21730-001, Brasil",Sudeste,Rio de Janeiro,Rio de Janeiro,REALENGO,,FUMACE,-22.86858081	,-43.42399939,"18/06/2025, 05:30:00",false,false,,Não identificado,,,false
72052,"Av. Ayrton Senna - Jacarepaguá, Rio de Janeiro - RJ, 22772, Brasil",Sudeste,Rio de Janeiro,Rio de Janeiro,JACAREPAGUA,,,-22.95654588663043,-43.358349135412595,"18/06/2025, 06:20:00",false,false,,Não identificado,,,false
72061,"Vila Vitem, Padre Miguel, Rio de Janeiro - RJ, 21721-210, Brasil",Sudeste,Rio de Janeiro,Rio de Janeiro,PADRE MIGUEL,,VILA VINTEM,-22.8709403,-43.4430638,"18/06/2025, 15:00:00",true,true,PM (14 BPM),Ação policial,,,false
72062,"Catiri, Bangu, Rio de Janeiro - RJ, 21863-050, Brasil",Sudeste,Rio de Janeiro,Rio de Janeiro,BANGU,,CATIRI,-22.8529237,-43.4698105,"18/06/2025, 16:00:00",false,false,,Disputa,,,false
72067,"BRT - Estr. dos Bandeirantes - Jacarepaguá, Rio de Janeiro - RJ, 22775-113, Brasil",Sudeste,Rio de Janeiro,Rio de Janeiro,JACAREPAGUA,,,-22.95859927384621,-43.38332425655288,"18/06/2025, 18:00:00",true,true,PM (18 BPM),Tentativa/Roubo,,Perseguição,false
72066,"Catiri - Bangu, Rio de Janeiro - RJ, 21863-010, Brasil",Sudeste,Rio de Janeiro,Rio de Janeiro,BANGU,,CATIRI,-22.85319795	,-43.47059105,"18/06/2025, 22:20:00",false,false,,Não identificado,,,false
72111,"Rua Cherburgo, Ponto Chic - Padre Miguel, Rio de Janeiro - RJ, Brasil",Sudeste,Rio de Janeiro,Rio de Janeiro,PADRE MIGUEL,PONTO CHIC,,-22.8733322,-43.4511349,"18/06/2025, 22:30:00",false,false,,Briga,,Bar,false
72074,"Rua Leonidas, Comunidade Estrada da Camachorra - Campo Grande, Rio de Janeiro - RJ, Brasil",Sudeste,Rio de Janeiro,Rio de Janeiro,CAMPO GRANDE,,COMUNIDADE ESTRADA DA CACHAMORRA,-22.9555111,-43.5712499,"19/06/2025, 18:21:00",false,false,,Não identificado,,,false
72079,"Tijuca, Rio de Janeiro - RJ, Brasil",Sudeste,Rio de Janeiro,Rio de Janeiro,TIJUCA,,,-22.9324433,-43.2411073,"19/06/2025, 21:04:00",false,false,,Não identificado,,,false
72075,"Leme, Rio de Janeiro - RJ, Brasil",Sudeste,Rio de Janeiro,Rio de Janeiro,LEME,,,-22.9616546,-43.1654625,"20/06/2025, 04:40:00",false,false,,Não identificado,,,false
72081,"Morro da Babilônia - Leme, Rio de Janeiro - RJ, 22010-060, Brasil",Sudeste,Rio de Janeiro,Rio de Janeiro,LEME,,BABILONIA,-22.95851046	,-43.1704813,"20/06/2025, 07:49:00",true,true,PM (UPP BABILONIA),Ação policial,,,false
72085,"Estrada da Cancela Preta, Cancela Preta, Bangu, Rio de Janeiro - RJ, Brasil",Sudeste,Rio de Janeiro,Rio de Janeiro,BANGU,,CANCELA PRETA,-22.857169,-43.45441,"20/06/2025, 09:30:00",false,false,,Homicidio/Tentativa,,,false
72085,"Estrada da Cancela Preta, Cancela Preta, Bangu, Rio de Janeiro - RJ, Brasil",Sudeste,Rio de Janeiro,Rio de Janeiro,BANGU,,CANCELA PRETA,-22.857169,-43.45441,"20/06/2025, 09:30:00",false,false,,Homicidio/Tentativa,,,false
72092,"R. Interna, Loteamento Catruz - Pedra de Guaratiba, Rio de Janeiro - RJ, 23026-140, Brasil",Sudeste,Rio de Janeiro,Rio de Janeiro,GUARATIBA,,LOTEAMENTO CATRUZ,-22.993740733224545,-43.64478657732089,"20/06/2025, 23:00:00",false,false,,Disputa,,,false
72103,"Largo do Correia - Guaratiba, Rio de Janeiro - RJ, Brasil",Sudeste,Rio de Janeiro,Rio de Janeiro,GUARATIBA,,LARGO DO CORREA,-22.9556517,-43.5764364,"21/06/2025, 03:00:00",true,true,BOPE,Operação policial,,,true
72103,"Largo do Correia - Guaratiba, Rio de Janeiro - RJ, Brasil",Sudeste,Rio de Janeiro,Rio de Janeiro,GUARATIBA,,LARGO DO CORREA,-22.9556517,-43.5764364,"21/06/2025, 03:00:00",true,true,BOPE,Operação policial,,,true
72103,"Largo do Correia - Guaratiba, Rio de Janeiro - RJ, Brasil",Sudeste,Rio de Janeiro,Rio de Janeiro,GUARATIBA,,LARGO DO CORREA,-22.9556517,-43.5764364,"21/06/2025, 03:00:00",true,true,BOPE,Operação policial,,,true
72097,"Conjunto Isolina sofia, R. Raimundo de Farias, Paciência, Rio de Janeiro - RJ, 23587-450, Brasil",Sudeste,Rio de Janeiro,Rio de Janeiro,PACIENCIA,,CONJUNTO ISOLINA SOFIA,-22.921939386647168,-43.6220888656067,"22/06/2025, 07:00:00",false,false,,Homicidio/Tentativa,,,false
72097,"Conjunto Isolina sofia, R. Raimundo de Farias, Paciência, Rio de Janeiro - RJ, 23587-450, Brasil",Sudeste,Rio de Janeiro,Rio de Janeiro,PACIENCIA,,CONJUNTO ISOLINA SOFIA,-22.921939386647168,-43.6220888656067,"22/06/2025, 07:00:00",false,false,,Homicidio/Tentativa,,,false
72113,"B13 - Estrada Almirante Santiago Dantas - Barros Filho, Rio de Janeiro - RJ, Brasil",Sudeste,Rio de Janeiro,Rio de Janeiro,BARROS FILHO,,CONJUNTO HABITACIONAL HAROLDO DE ANDRADE (B13),-22.8335586,-43.3678615,"22/06/2025, 07:00:00",true,true,PM (41 BPM),Tentativa/Roubo de cargas,,,false
72101,"Morro do Fubá (Complexo do Fubá) - Cascadura, Rio de Janeiro - RJ, 21311-130, Brasil",Sudeste,Rio de Janeiro,Rio de Janeiro,CASCADURA,,MORRO DO FUBA (COMPLEXO DO FUBA),-22.892324971301786	,-43.33377861518315,"22/06/2025, 17:45:00",false,false,,Não identificado,,,false
72105,"Avenida Armando Lombardi - Barra da Tijuca, Rio de Janeiro - RJ, Brasil",Sudeste,Rio de Janeiro,Rio de Janeiro,BARRA DA TIJUCA,,,-23.0063065,-43.31328,"22/06/2025, 18:00:00",false,true,,Tentativa/Roubo,,,false
72104,"Av. Brasil - Bangu, Rio de Janeiro - RJ, 21863-000, Brasil",Sudeste,Rio de Janeiro,Rio de Janeiro,BANGU,,,-22.85972636500804,-43.457701503704826,"23/06/2025, 00:30:00",false,false,,Ataque a civis,,,false
72104,"Av. Brasil - Bangu, Rio de Janeiro - RJ, 21863-000, Brasil",Sudeste,Rio de Janeiro,Rio de Janeiro,BANGU,,,-22.85972636500804,-43.457701503704826,"23/06/2025, 00:30:00",false,false,,Ataque a civis,,,false
72104,"Av. Brasil - Bangu, Rio de Janeiro - RJ, 21863-000, Brasil",Sudeste,Rio de Janeiro,Rio de Janeiro,BANGU,,,-22.85972636500804,-43.457701503704826,"23/06/2025, 00:30:00",false,false,,Ataque a civis,,,false
72106,"Morro dos Macacos - Vila Isabel, Rio de Janeiro - RJ, 20551-232, Brasil",Sudeste,Rio de Janeiro,Rio de Janeiro,VILA ISABEL,,MORRO DOS MACACOS,-22.912154371892534,-43.254699773788445,"23/06/2025, 04:26:00",true,true,PM (CPP),Operação policial,,,false
72107,"Complexo do Chapadão - Costa Barros, Rio de Janeiro - RJ, 21650-020, Brasil",Sudeste,Rio de Janeiro,Rio de Janeiro,COSTA BARROS,,COMPLEXO DO CHAPADAO,-22.82326393	,-43.37707903,"23/06/2025, 04:36:00",true,true,"PM (41 BPM, 2 CPA)",Operação policial,,,false
72114,"Complexo do Lins - Lins de Vasconcelos, Rio de Janeiro - RJ, 20725-140, Brasil",Sudeste,Rio de Janeiro,Rio de Janeiro,LINS DE VASCONCELOS,,COMPLEXO DO LINS,-22.91534468	,-43.28452174,"23/06/2025, 05:00:00",true,true,"PC (DRE, DESARME, DRFC)",Operação policial,,,false
72109,"Morro dos Macacos - Vila Isabel, Rio de Janeiro - RJ, 20560, Brasil",Sudeste,Rio de Janeiro,Rio de Janeiro,VILA ISABEL,,MORRO DOS MACACOS,-22.911620723329335,-43.2552684020996,"23/06/2025, 06:52:00",true,true,CPP,Operação policial,,,false
72116,"Morro dos Macacos - Vila Isabel, Rio de Janeiro - RJ, 20560, Brasil",Sudeste,Rio de Janeiro,Rio de Janeiro,VILA ISABEL,,MORRO DOS MACACOS,-22.911660252924577,-43.25565464019775,"23/06/2025, 08:30:00",true,true,PM (CPP),Operação policial,,,false
72125,"Colônia de Pescadores Z-10, R. Raul Tolentino, Cacuia, Rio de Janeiro - RJ, 21930-580, Brasil",Sudeste,Rio de Janeiro,Rio de Janeiro,CACUIA,,COLONIA DE PESCADORES Z-10,-22.822598941611798,-43.17780949877662,"23/06/2025, 14:00:00",false,false,,Homicidio/Tentativa,,,false
72125,"Colônia de Pescadores Z-10, R. Raul Tolentino, Cacuia, Rio de Janeiro - RJ, 21930-580, Brasil",Sudeste,Rio de Janeiro,Rio de Janeiro,CACUIA,,COLONIA DE PESCADORES Z-10,-22.822598941611798,-43.17780949877662,"23/06/2025, 14:00:00",false,false,,Homicidio/Tentativa,,,false
72123,"Morro do Fubá - Cascadura, Rio de Janeiro - RJ, 21311-130, Brasil",Sudeste,Rio de Janeiro,Rio de Janeiro,CASCADURA,,MORRO DO FUBA (COMPLEXO DO FUBA),-22.892324971301786,-43.33377861518315,"23/06/2025, 14:40:00",false,false,,Não identificado,,,false
72129,"Morro do Juramento, Vicente de Carvalho, Rio de Janeiro, RJ, Brasil",Sudeste,Rio de Janeiro,Rio de Janeiro,VICENTE DE CARVALHO,,MORRO DO JURAMENTO (COMPLEXO DO JURAMENTO),-22.862698," -43.3148487","23/06/2025, 18:00:00",false,false,,Disputa,,,false
72130,"Favela do Muquiço, Mal. Hermes, Rio de Janeiro - RJ, 21670-220, Brasil",Sudeste,Rio de Janeiro,Rio de Janeiro,MARECHAL HERMES,,FAVELA DO MUQUICO,-22.8517373,-43.376255,"23/06/2025, 18:40:00",true,true,PM,Ação policial,,,false
72135,"Morro do Juramento (Complexo do Juramento) - Vicente de Carvalho, Rio de Janeiro, RJ, Brasil",Sudeste,Rio de Janeiro,Rio de Janeiro,VICENTE DE CARVALHO,,MORRO DO JURAMENTO (COMPLEXO DO JURAMENTO),-22.86204124	,-43.31545844,"23/06/2025, 22:00:00",false,false,,Disputa,,,false
72132,"Fazendinha - Complexo do Alemão, Rio de Janeiro - RJ, 20766, Brasil",Sudeste,Rio de Janeiro,Rio de Janeiro,COMPLEXO DO ALEMAO,,FAZENDINHA (COMPLEXO DO ALEMAO),-22.86362228	,-43.27874626,"24/06/2025, 03:00:00",true,true,"DDSD, CORE, DGPE, 21ª DP",Operação policial,,,false
72134,"Morro do Saçu - Rua Lemos de Brito - Quintino Bocaiúva, Rio de Janeiro - RJ, Brasil",Sudeste,Rio de Janeiro,Rio de Janeiro,QUINTINO BOCAIUVA,,MORRO DO SACU (COMPLEXO DO 18),-22.8963738,-43.3259265,"24/06/2025, 03:35:00",true,true,PM (9 BPM),Operação policial,,,false
72137,"Favela da Fazendinha - Complexo do Alemão, Rio de Janeiro - RJ, 20766, Brasil",Sudeste,Rio de Janeiro,Rio de Janeiro,COMPLEXO DO ALEMAO,,FAVELA DA FAZENDINHA (COMPLEXO DO ALEMAO),-22.866203635279366,-43.28065271957397,"24/06/2025, 04:18:00",true,true,"PC (DDSD, CORE, DGPE, 21 DP)",Operação policial,,,false
72139,"Gogó da Ema - Complexo do Chapadão, Rio de Janeiro - RJ, 21665-290, Brasil",Sudeste,Rio de Janeiro,Rio de Janeiro,GUADALUPE,,GOGO DA EMA (COMPLEXO DO CHAPADAO),-22.83388126349227	,-43.37829890805817,"24/06/2025, 05:29:00",true,true,PM (41 BPM),Ação policial,,,false
72144,"Rua Pacheco da Rocha - Bento Ribeiro, Rio de Janeiro - RJ, Brasil",Sudeste,Rio de Janeiro,Rio de Janeiro,BENTO RIBEIRO,,,-22.8601621,-43.3598739,"24/06/2025, 06:00:00",false,false,,Homicidio/Tentativa,,,false
72151,"Av. Dom Hélder Câmara, 3059 -Maria da Graça, Rio de Janeiro - RJ, 21050-624, Brasil",Sudeste,Rio de Janeiro,Rio de Janeiro,MARIA DA GRACA,,,-22.878657245598294,-43.264464841104505,"24/06/2025, 06:00:00",false,false,,Não identificado,,,false
72148,"Cidade Universitária, Rio de Janeiro - RJ, Brasil",Sudeste,Rio de Janeiro,Rio de Janeiro,CIDADE UNIVERSITARIA,,,-22.8628536,-43.2263053,"24/06/2025, 07:00:00",false,false,,Não identificado,,,false
72157,"Morro do Juramento, Vicente de Carvalho, Rio de Janeiro, RJ, Brasil",Sudeste,Rio de Janeiro,Rio de Janeiro,VICENTE DE CARVALHO,,MORRO DO JURAMENTO (COMPLEXO DO JURAMENTO),-22.8621444," -43.3151491","24/06/2025, 15:00:00",false,false,,Não identificado,,,false
72172,"Estr. Srg. Miguel Filho, Vila Kennedy, Rio de Janeiro - RJ, 21850-007, Brasil",Sudeste,Rio de Janeiro,Rio de Janeiro,VILA KENNEDY,,VILA KENNEDY,-22.85753307600557,-43.48387928406983,"24/06/2025, 16:00:00",true,true,PM (14 BPM),Ação policial,,,false
72165,"Rua Evaristo de Morais - Vila Valqueire, Rio de Janeiro - RJ, Brasil",Sudeste,Rio de Janeiro,Rio de Janeiro,VILA VALQUEIRE,,,-22.8851448,-43.3633526,"24/06/2025, 17:40:00",false,false,,Tentativa/Roubo,,,false
72158,"Blvd. 28 de Setembro, Vila Isabel, Rio de Janeiro - RJ, 20551-031, Brasil",Sudeste,Rio de Janeiro,Rio de Janeiro,VILA ISABEL,,,-22.915183192856123,-43.24283364232788,"24/06/2025, 19:30:00",false,false,,Não identificado,,,false
72160,"Morro do Juramento - Vicente de Carvalho, Rio de Janeiro - RJ, Brasil",Sudeste,Rio de Janeiro,Rio de Janeiro,VICENTE DE CARVALHO,,MORRO DO JURAMENTO (COMPLEXO DO JURAMENTO),-22.8627778,-43.3152778,"24/06/2025, 21:00:00",false,false,,Disputa,,,false
72161,"Morro do Juramento - Vicente de Carvalho, Rio de Janeiro - RJ, Brasil",Sudeste,Rio de Janeiro,Rio de Janeiro,VICENTE DE CARVALHO,,MORRO DO JURAMENTO (COMPLEXO DO JURAMENTO),-22.8627778,-43.3152778,"25/06/2025, 01:00:00",false,false,,Disputa,,,false
72163,"Morro do Saçu - Quintino Bocaiúva, Rio de Janeiro - RJ, 20740-480, Brasil",Sudeste,Rio de Janeiro,Rio de Janeiro,QUINTINO BOCAIUVA,,MORRO DO SACU (COMPLEXO DO 18),-22.896389,-43.321389,"25/06/2025, 04:20:00",false,false,,Não identificado,,,false
72164,"Morro do Borel - Tijuca, Rio de Janeiro - RJ, Brasil",Sudeste,Rio de Janeiro,Rio de Janeiro,TIJUCA,,MORRO DO BOREL,-22.9394127,-43.2515636,"25/06/2025, 05:00:00",true,true,BOPE,Operação policial,,,false
72179,"Morro do Juramento, Vicente de Carvalho, Rio de Janeiro, RJ, Brasil",Sudeste,Rio de Janeiro,Rio de Janeiro,VICENTE DE CARVALHO,,MORRO DO JURAMENTO (COMPLEXO DO JURAMENTO),-22.8619401,-43.3168602,"25/06/2025, 19:00:00",false,false,,Disputa,,,false
72180,"Favela do Javali, Anchieta, Rio de Janeiro - RJ, 21645-002, Brasil",Sudeste,Rio de Janeiro,Rio de Janeiro,ANCHIETA,,FAVELA DO JAVALI (COMPLEXO DO CHAPADAO),-22.8268424,-43.3921702,"25/06/2025, 19:50:00",false,false,,Não identificado,,,false
72181,"Morro do Final Feliz (Complexo do Chapadão), Anchieta, Rio de Janeiro - RJ, 21655-590, Brasil",Sudeste,Rio de Janeiro,Rio de Janeiro,ANCHIETA,,MORRO DO FINAL FELIZ (COMPLEXO DO CHAPADAO),"-22.82534108 ",-43.38715996,"25/06/2025, 20:30:00",false,false,,Não identificado,,,false
72183,"Complexo do Chapadão - Costa Barros, Rio de Janeiro - RJ, 21650-020, Brasil",Sudeste,Rio de Janeiro,Rio de Janeiro,COSTA BARROS,,COMPLEXO DO CHAPADAO,-22.82326393	,-43.37707903,"25/06/2025, 22:24:00",false,false,,Não identificado,,,false
72185,"Rua Mariz e Barros - Maracanã, Rio de Janeiro - RJ, Brasil",Sudeste,Rio de Janeiro,Rio de Janeiro,MARACANA,,,-22.9152662,-43.2207882,"25/06/2025, 22:30:00",false,true,,Tentativa/Roubo,,,false
72187,"Avenida Ayrton Senna - Barra da Tijuca, Rio de Janeiro - RJ, Brasil",Sudeste,Rio de Janeiro,Rio de Janeiro,BARRA DA TIJUCA,,,-22.9932115,-43.3662141,"26/06/2025, 03:16:00",true,true,PM (18 BPM),Ação policial,,,false
72186,"Vila Kennedy, Rio de Janeiro - RJ, Brasil",Sudeste,Rio de Janeiro,Rio de Janeiro,VILA KENNEDY,,VILA KENNEDY,-22.8572405,-43.4892386,"26/06/2025, 05:00:00",true,true,PM (14 BPM),Operação policial,,,false
72198,"Morro do Juramento - Vicente de Carvalho, Rio de Janeiro - RJ, Brasil",Sudeste,Rio de Janeiro,Rio de Janeiro,VICENTE DE CARVALHO,,MORRO DO JURAMENTO (COMPLEXO DO JURAMENTO),-22.8627778,-43.3152778,"26/06/2025, 14:40:00",false,false,,Disputa,,,false
72197,"Morro do Juramento - Vicente de Carvalho, Rio de Janeiro - RJ, Brasil",Sudeste,Rio de Janeiro,Rio de Janeiro,VICENTE DE CARVALHO,,MORRO DO JURAMENTO (COMPLEXO DO JURAMENTO),-22.8627778,-43.3152778,"26/06/2025, 16:00:00",false,false,,Disputa,,,false
72200,"Juramentinho- Vicente de Carvalho, Rio de Janeiro - RJ, 21041-440, Brasil",Sudeste,Rio de Janeiro,Rio de Janeiro,VICENTE DE CARVALHO,,MORRO DO JURAMENTINHO (COMPLEXO DO JURAMENTO),-22.859476223343975,-43.309943432085426,"26/06/2025, 18:30:00",false,false,,Disputa,,,false
72195,"Morro do Campinho (Complexo do Fubá) - Cascadura, Rio de Janeiro - RJ, 21310-320, Brasil",Sudeste,Rio de Janeiro,Rio de Janeiro,CASCADURA,,MORRO DO CAMPINHO (COMPLEXO DO FUBA),-22.88538187309149,-43.3366396878662,"26/06/2025, 18:36:00",false,false,,Não identificado,,,false
72199,"Favelinha da Renascer (Chácara do Tanque), Taquara, Rio de Janeiro, Rio de Janeiro, Brasil",Sudeste,Rio de Janeiro,Rio de Janeiro,TAQUARA,,FAVELINHA DA RENASCER (OU CHACARA DO TANQUE),-22.9148077,-43.3641932,"26/06/2025, 19:27:00",false,false,,Não identificado,,,false
72201,"Morro do Juramento - Vicente de Carvalho, Rio de Janeiro - RJ, Brasil",Sudeste,Rio de Janeiro,Rio de Janeiro,VICENTE DE CARVALHO,,MORRO DO JURAMENTO (COMPLEXO DO JURAMENTO),-22.8627778,-43.3152778,"26/06/2025, 19:30:00",false,false,,Disputa,,,false
72202,"Morro do Juramento (Complexo do Juramento), Vicente de Carvalho, Rio de Janeiro, RJ, Brasil",Sudeste,Rio de Janeiro,Rio de Janeiro,VICENTE DE CARVALHO,,MORRO DO JURAMENTO (COMPLEXO DO JURAMENTO),-22.86204124	,-43.31545844,"26/06/2025, 21:33:00",false,false,,Disputa,,Tiroteio contínuo,false
72203,"Catiri - Bangu, Rio de Janeiro - RJ, 21863-010, Brasil",Sudeste,Rio de Janeiro,Rio de Janeiro,BANGU,,CATIRI,-22.85319795	,-43.47059105,"26/06/2025, 21:59:00",false,false,,Não identificado,,,false
72205,"Morro do Juramento (Complexo do Juramento) - Vicente de Carvalho, Rio de Janeiro, RJ, Brasil",Sudeste,Rio de Janeiro,Rio de Janeiro,VICENTE DE CARVALHO,,MORRO DO JURAMENTO (COMPLEXO DO JURAMENTO),-22.86204124	,-43.31545844,"26/06/2025, 22:18:00",false,false,,Disputa,,,false
72204,"Morro do Campinho (Complexo do Fubá) - Cascadura, Rio de Janeiro - RJ, 21320-300, Brasil",Sudeste,Rio de Janeiro,Rio de Janeiro,CASCADURA,,MORRO DO CAMPINHO (COMPLEXO DO FUBA),-22.8850951874697	,-43.337939003183074,"26/06/2025, 23:05:00",false,false,,Não identificado,,,false
72207,"Morro do Juramento (Complexo do Juramento) - Vicente de Carvalho, Rio de Janeiro, RJ, Brasil",Sudeste,Rio de Janeiro,Rio de Janeiro,VICENTE DE CARVALHO,,MORRO DO JURAMENTO (COMPLEXO DO JURAMENTO),-22.86204124	,-43.31545844,"26/06/2025, 23:13:00",false,false,,Disputa,,,false
72206,"Avenida Antenor Navarro, Vila Guanabara - Brás de Pina, Rio de Janeiro - RJ, Brasil",Sudeste,Rio de Janeiro,Rio de Janeiro,BRAS DE PINA,,,-22.8281505,-43.2902897,"27/06/2025, 03:12:00",false,false,,Não identificado,,,false
72214,"Praça Mauá - Saúde, Rio de Janeiro - RJ, 20081-240, Brasil",Sudeste,Rio de Janeiro,Rio de Janeiro,SAUDE,,,-22.89674475138851,-43.1815783085289,"27/06/2025, 05:44:00",false,false,,Não identificado,,,false
72208,"Morro do Juramento (Complexo do Juramento) - Vicente de Carvalho, Rio de Janeiro, RJ, Brasil",Sudeste,Rio de Janeiro,Rio de Janeiro,VICENTE DE CARVALHO,,MORRO DO JURAMENTO (COMPLEXO DO JURAMENTO),-22.86204124	,-43.31545844,"27/06/2025, 05:49:00",false,false,,Disputa,,,false
72245,"R. Joaquim Sarmento, Guadalupe, Rio de Janeiro - RJ, 21660-370, Brasil",Sudeste,Rio de Janeiro,Rio de Janeiro,GUADALUPE,,,-22.83810556440768,-43.37948207766266,"27/06/2025, 12:00:00",false,false,,Homicidio/Tentativa,,Presença de político,false
72222,"Paciência, Rio de Janeiro - RJ, 23585-051, Brasil",Sudeste,Rio de Janeiro,Rio de Janeiro,PACIENCIA,,,-22.9204527,-43.6352921,"27/06/2025, 14:00:00",true,true,PC (17 DP),Ação policial,,,false
72221,"Morro do Juramento, Vicente de Carvalho, Rio de Janeiro, RJ, Brasil",Sudeste,Rio de Janeiro,Rio de Janeiro,VICENTE DE CARVALHO,,MORRO DO JURAMENTINHO (COMPLEXO DO JURAMENTO),-22.8620982,-43.3163452,"27/06/2025, 15:30:00",false,false,,Não identificado,,,false
72231,"Morro do Juramento, Vicente de Carvalho, Rio de Janeiro, RJ, Brasil",Sudeste,Rio de Janeiro,Rio de Janeiro,VICENTE DE CARVALHO,,MORRO DO JURAMENTO (COMPLEXO DO JURAMENTO),-22.86441386189879,-43.31835522573608,"27/06/2025, 22:34:00",false,false,,Disputa,,,false
72232,"Avenida Pastor Martin Luther King Junior - Vicente de Carvalho, Rio de Janeiro - RJ, Brasil",Sudeste,Rio de Janeiro,Rio de Janeiro,VICENTE DE CARVALHO,,,-22.8556618,-43.3113409,"28/06/2025, 06:00:00",true,true,PM (41 BPM ),Ação policial,,,true
72232,"Avenida Pastor Martin Luther King Junior - Vicente de Carvalho, Rio de Janeiro - RJ, Brasil",Sudeste,Rio de Janeiro,Rio de Janeiro,VICENTE DE CARVALHO,,,-22.8556618,-43.3113409,"28/06/2025, 06:00:00",true,true,PM (41 BPM ),Ação policial,,,true
72232,"Avenida Pastor Martin Luther King Junior - Vicente de Carvalho, Rio de Janeiro - RJ, Brasil",Sudeste,Rio de Janeiro,Rio de Janeiro,VICENTE DE CARVALHO,,,-22.8556618,-43.3113409,"28/06/2025, 06:00:00",true,true,PM (41 BPM ),Ação policial,,,true
72232,"Avenida Pastor Martin Luther King Junior - Vicente de Carvalho, Rio de Janeiro - RJ, Brasil",Sudeste,Rio de Janeiro,Rio de Janeiro,VICENTE DE CARVALHO,,,-22.8556618,-43.3113409,"28/06/2025, 06:00:00",true,true,PM (41 BPM ),Ação policial,,,true
72232,"Avenida Pastor Martin Luther King Junior - Vicente de Carvalho, Rio de Janeiro - RJ, Brasil",Sudeste,Rio de Janeiro,Rio de Janeiro,VICENTE DE CARVALHO,,,-22.8556618,-43.3113409,"28/06/2025, 06:00:00",true,true,PM (41 BPM ),Ação policial,,,true
72241,"Praça Patriarca - Rua Agostinho Barbalho - Madureira, Rio de Janeiro - RJ, Brasil",Sudeste,Rio de Janeiro,Rio de Janeiro,MADUREIRA,,,-22.8784663,-43.34099399999999,"28/06/2025, 12:00:00",false,true,,Tentativa/Roubo,,,false
72234,"Morro do Campinho (Complexo do Fubá) - Cascadura, Rio de Janeiro - RJ, 21320-300, Brasil",Sudeste,Rio de Janeiro,Rio de Janeiro,CASCADURA,,MORRO DO CAMPINHO (COMPLEXO DO FUBA),-22.8850951874697,	-43.337939003183074,"28/06/2025, 13:41:00",false,false,,Disputa,,,false
72238,"Morro do Campinho (Complexo do Fubá) - Cascadura, Rio de Janeiro - RJ, 21320-300, Brasil",Sudeste,Rio de Janeiro,Rio de Janeiro,CASCADURA,,MORRO DO CAMPINHO (COMPLEXO DO FUBA),-22.8850951874697	,-43.337939003183074,"28/06/2025, 14:40:00",false,false,,Disputa,,,false
72239,"Morro do Juramento (Complexo do Juramento) - Vicente de Carvalho, Rio de Janeiro, RJ, Brasil",Sudeste,Rio de Janeiro,Rio de Janeiro,VICENTE DE CARVALHO,,MORRO DO JURAMENTO (COMPLEXO DO JURAMENTO),-22.86204124	,-43.31545844,"28/06/2025, 14:50:00",false,false,,Disputa,,,false
72240,"Morro do Juramentinho (Complexo do Juramento) - Tomás Coelho, Rio de Janeiro - RJ, 21220-770, Brasil",Sudeste,Rio de Janeiro,Rio de Janeiro,TOMAS COELHO,,MORRO DO JURAMENTINHO (COMPLEXO DO JURAMENTO),-22.86041893	,-43.30547603,"28/06/2025, 16:02:00",false,false,,Disputa,,,false
72242,"Morro dos Macacos - Vila Isabel, Rio de Janeiro - RJ, 20560, Brasil",Sudeste,Rio de Janeiro,Rio de Janeiro,VILA ISABEL,,MORRO DOS MACACOS,-22.911798606417157,-43.25563318252563,"28/06/2025, 17:38:00",false,false,,Não identificado,,,false
72252,"R. da Matriz, Botafogo, Rio de Janeiro - RJ, 22260-100, Brasil",Sudeste,Rio de Janeiro,Rio de Janeiro,BOTAFOGO,,,-22.950873462907545,-43.19276067804869,"28/06/2025, 19:00:00",false,true,,Homicidio/Tentativa,,,false
72263,"Rua Pinheiro Machado - Laranjeiras, Rio de Janeiro - RJ, Brasil",Sudeste,Rio de Janeiro,Rio de Janeiro,LARANJEIRAS,,,-22.9399123,-43.1829383,"28/06/2025, 22:00:00",false,false,,Tentativa/Roubo,,,false
72253,"Morro do Juramento (Complexo do Juramento) - Vicente de Carvalho, Rio de Janeiro, RJ, Brasil",Sudeste,Rio de Janeiro,Rio de Janeiro,VICENTE DE CARVALHO,,MORRO DO JURAMENTO (COMPLEXO DO JURAMENTO),-22.86204124	,-43.31545844,"29/06/2025, 12:53:00",false,false,,Disputa,,Tiroteio contínuo,false
72254,"Morro do Juramento (Complexo do Juramento) - Vicente de Carvalho, Rio de Janeiro, RJ, Brasil",Sudeste,Rio de Janeiro,Rio de Janeiro,VICENTE DE CARVALHO,,MORRO DO JURAMENTO (COMPLEXO DO JURAMENTO),-22.86204124	,-43.31545844,"29/06/2025, 14:30:00",false,false,,Disputa,,,false
72255,"Morro do Juramento (Complexodo Juramento) - Vicente do Carvalho, Rio de Janeiro, RJ, Brasil",Sudeste,Rio de Janeiro,Rio de Janeiro,VICENTE DE CARVALHO,,MORRO DO JURAMENTO (COMPLEXO DO JURAMENTO),-22.86204124	,-43.31545844,"29/06/2025, 15:29:00",false,false,,Disputa,,,false
72256,"Rua Fernando Lobo - Ricardo de Albuquerque, Rio de Janeiro - RJ, 21665-070, Brasil",Sudeste,Rio de Janeiro,Rio de Janeiro,RICARDO DE ALBUQUERQUE,,,-22.8344715,-43.3855883,"29/06/2025, 16:17:00",false,false,,Não identificado,,,false
72262,"Irajá, Rio de Janeiro - RJ, Brasil",Sudeste,Rio de Janeiro,Rio de Janeiro,IRAJA,,,-22.844329,-43.3231669,"29/06/2025, 16:30:00",false,false,,Disputa,,,false
72257,"Morro do Juramento (Complexo do Juramento) - Vicente de Carvalho, Rio de Janeiro, RJ, Brasil",Sudeste,Rio de Janeiro,Rio de Janeiro,VICENTE DE CARVALHO,,MORRO DO JURAMENTO (COMPLEXO DO JURAMENTO),-22.86204124	,-43.31545844,"29/06/2025, 16:32:00",false,false,,Disputa,,,false
72259,"Morro do Juramento (Complexo do Juramento) - Vicente de Carvalho, Rio de Janeiro, RJ, Brasil",Sudeste,Rio de Janeiro,Rio de Janeiro,VICENTE DE CARVALHO,,MORRO DO JURAMENTO (COMPLEXO DO JURAMENTO),-22.86204124,	-43.31545844,"30/06/2025, 03:30:00",true,true,41º BPM,Operação policial,,,false
72260,"Morro do Dezoito - Complexo do Dezoito - Rua Torres de Oliveira - Piedade, Rio de Janeiro - RJ, Brasil",Sudeste,Rio de Janeiro,Rio de Janeiro,PIEDADE,,MORRO DO 18 (COMPLEXO DO 18),-22.9012784,-43.3142317,"30/06/2025, 03:38:00",true,true,03º BPM,Operação policial,,,false
72261,"Morro do Juramentinho (Complexo do Juramento) - Tomás Coelho, Rio de Janeiro - RJ, 21220-770, Brasil",Sudeste,Rio de Janeiro,Rio de Janeiro,TOMAS COELHO,,MORRO DO JURAMENTINHO (COMPLEXO DO JURAMENTO),-22.86063642466191,-43.30555113185242,"30/06/2025, 03:50:00",true,true,03º BPM,Operação policial,,,false
72289,"Vila Valqueire, Rio de Janeiro - RJ, Brasil",Sudeste,Rio de Janeiro,Rio de Janeiro,VILA VALQUEIRE,,,-22.8811664,-43.3706007,"30/06/2025, 13:00:00",true,true,18º BPM,Tentativa/Roubo,,,false
72281,"Juramentinho- Vicente de Carvalho, Rio de Janeiro - RJ, 21220-070, Brasil",Sudeste,Rio de Janeiro,Rio de Janeiro,VICENTE DE CARVALHO,,MORRO DO JURAMENTINHO (COMPLEXO DO JURAMENTO),-22.8589261163364,-43.306645473130494,"30/06/2025, 13:40:00",false,false,,Não identificado,,,false
72284,"R. Visc. de Santa Isabel - Grajaú, Rio de Janeiro - RJ, 20560-121, Brasil",Sudeste,Rio de Janeiro,Rio de Janeiro,GRAJAU,,,-22.919696,-43.26938699999999,"30/06/2025, 17:56:00",false,false,,Não identificado,,,false
72300,"Estrada Adhemar Bebiano - Engenho da Rainha, Rio de Janeiro - RJ, 20766-721, Brasil",Sudeste,Rio de Janeiro,Rio de Janeiro,ENGENHO DA RAINHA,,,-22.8653064,-43.294778,"01/07/2025, 13:49:00",true,true,"PM (12 BPM, 16 BPM)",Ação policial,,,false
72315,"Rua Leopoldo Bulhões - Manguinhos, Rio de Janeiro - RJ, Brasil",Sudeste,Rio de Janeiro,Rio de Janeiro,MANGUINHOS,,MANGUINHOS (COMPLEXO DE MANGUINHOS),-22.8813683,-43.2499253,"02/07/2025, 04:20:00",true,true,"PC (21 DP, CORE)",Operação policial,,,false
72315,"Rua Leopoldo Bulhões - Manguinhos, Rio de Janeiro - RJ, Brasil",Sudeste,Rio de Janeiro,Rio de Janeiro,MANGUINHOS,,MANGUINHOS (COMPLEXO DE MANGUINHOS),-22.8813683,-43.2499253,"02/07/2025, 04:20:00",true,true,"PC (21 DP, CORE)",Operação policial,,,false
72324,"Complexo da Pedreira - Costa Barros, Rio de Janeiro - RJ, 21515-580, Brasil",Sudeste,Rio de Janeiro,Rio de Janeiro,COSTA BARROS,,COMPLEXO DA PEDREIRA,-22.82425288	,-43.36809439,"02/07/2025, 22:00:00",false,false,,Disputa,,,false
72324,"Complexo da Pedreira - Costa Barros, Rio de Janeiro - RJ, 21515-580, Brasil",Sudeste,Rio de Janeiro,Rio de Janeiro,COSTA BARROS,,COMPLEXO DA PEDREIRA,-22.82425288	,-43.36809439,"02/07/2025, 22:00:00",false,false,,Disputa,,,false
72332,"Morro da Pedreira- Pavuna, Rio de Janeiro - RJ, 21532-200, Brasil",Sudeste,Rio de Janeiro,Rio de Janeiro,PAVUNA,,MORRO DA PEDREIRA (COMPLEXO DA PEDREIRA),-22.82312466,-43.35986703,"03/07/2025, 20:35:00",false,false,,Não identificado,,,false
72341,"Morro do Fubá (Complexo do Fubá) - Cascadura, Rio de Janeiro - RJ, 21311-130, Brasil",Sudeste,Rio de Janeiro,Rio de Janeiro,CASCADURA,,MORRO DO FUBA (COMPLEXO DO FUBA),-22.892324971301786	,-43.33377861518315,"04/07/2025, 17:10:00",false,false,,Disputa,,,false
72350,"Morro do Fubá - Cascadura, Rio de Janeiro - RJ, 21311-130, Brasil",Sudeste,Rio de Janeiro,Rio de Janeiro,CASCADURA,,MORRO DO FUBA (COMPLEXO DO FUBA),-22.892324971301786,-43.33377861518315,"04/07/2025, 21:30:00",true,true,PM (9 BPM),Ação policial,,,false
72352,"Salsa e Merengue (Complexo da Maré) - Maré, Rio de Janeiro - RJ, 23591-020, Brasil",Sudeste,Rio de Janeiro,Rio de Janeiro,MARE,,SALSA E MERENGUE (COMPLEXO DA MARE),-22.86834004	,-43.23759692,"05/07/2025, 07:00:00",false,false,,Não identificado,,,false
72354,"Morro da Serrinha (Complexo da Serrinha) - Madureira, Rio de Janeiro - RJ, 21360-320, Brasil",Sudeste,Rio de Janeiro,Rio de Janeiro,MADUREIRA,,MORRO DA SERRINHA (COMPLEXO DA SERRINHA),-22.869063732921664,-43.32675295957397,"05/07/2025, 16:00:00",true,true,PM (BPChq),Ação policial,,,false
72355,"Morro do Fubá (Complexo do Fubá)- Cascadura, Rio de Janeiro - RJ, 21311-130, Brasil",Sudeste,Rio de Janeiro,Rio de Janeiro,CASCADURA,,MORRO DO FUBA (COMPLEXO DO FUBA),-22.892324971301786,	-43.33377861518315,"05/07/2025, 18:45:00",false,false,,Não identificado,,,false
72357,"Morro do Fubá - Cascadura, Rio de Janeiro - RJ, 21311-130, Brasil",Sudeste,Rio de Janeiro,Rio de Janeiro,CASCADURA,,MORRO DO FUBA (COMPLEXO DO FUBA),-22.892324971301786,-43.33377861518315,"05/07/2025, 21:30:00",true,true,PM (9 BPM),Disputa,,,false
72373,"Rua Catiri - Bangu, Rio de Janeiro - RJ, Brasil",Sudeste,Rio de Janeiro,Rio de Janeiro,BANGU,,CATIRI,-22.8534451,-43.4694182,"07/07/2025, 16:45:00",false,false,,Não identificado,,,false
72375,"Morro dos Macacos - Vila Isabel, Rio de Janeiro - RJ, 20551-232, Brasil",Sudeste,Rio de Janeiro,Rio de Janeiro,VILA ISABEL,,MORRO DOS MACACOS,-22.91189634,-43.25524243,"07/07/2025, 19:15:00",false,false,,Não identificado,,,false
72392,"Morro do Fubá (Complexo do Fubá)- Cascadura, Rio de Janeiro - RJ, 21311-130, Brasil",Sudeste,Rio de Janeiro,Rio de Janeiro,CASCADURA,,MORRO DO FUBA (COMPLEXO DO FUBA),-22.892324971301786	,-43.33377861518315,"08/07/2025, 14:00:00",true,true,PM (9 BPM),Ação policial,,,false
72387,"Pedra - Vila Kennedy - Rua Luís Americano, Rio de Janeiro - RJ, Brasil",Sudeste,Rio de Janeiro,Rio de Janeiro,VILA KENNEDY,,PEDRA (VILA KENNEDY),-22.8499847,-43.4933936,"08/07/2025, 14:15:00",false,false,,Disputa,,,false
72395,"Morro do Fubá (Complexo do Fubá) - Cascadura, Rio de Janeiro - RJ, 21311-130, Brasil",Sudeste,Rio de Janeiro,Rio de Janeiro,CASCADURA,,MORRO DO FUBA (COMPLEXO DO FUBA),-22.892324971301786	,-43.33377861518315,"09/07/2025, 04:20:00",false,false,,Não identificado,,,false
72396,"Morro do Saçu (Complexo do 18) - Quintino Bocaiúva, Rio de Janeiro - RJ, 20740-480, Brasil",Sudeste,Rio de Janeiro,Rio de Janeiro,QUINTINO BOCAIUVA,,MORRO DO SACU (COMPLEXO DO 18),-22.896389	,-43.321389,"09/07/2025, 04:35:00",true,true,PM (9 BPM),Operação policial,,,false
72397,"Morro do Saçu (Complexo do 18) - Quintino Bocaiúva, Rio de Janeiro - RJ, 20740-480, Brasil",Sudeste,Rio de Janeiro,Rio de Janeiro,QUINTINO BOCAIUVA,,MORRO DO SACU (COMPLEXO DO 18),-22.896389,	-43.321389,"09/07/2025, 05:42:00",true,true,09º BPM,Operação policial,,,false
72405,"Complexa da Pedreira - Costa Barros, Rio de Janeiro - RJ, 21515-580, Brasil",Sudeste,Rio de Janeiro,Rio de Janeiro,COSTA BARROS,,COMPLEXO DA PEDREIRA,-22.82425288	,-43.36809439,"09/07/2025, 14:00:00",true,true,PM (41 BPM),Ação policial,,,false
72406,"Morro do Fubá (Complexo do Fubá) - Cascadura, Rio de Janeiro - RJ, 21311-130, Brasil",Sudeste,Rio de Janeiro,Rio de Janeiro,CASCADURA,,MORRO DO FUBA (COMPLEXO DO FUBA),-22.892324971301786	,-43.33377861518315,"09/07/2025, 15:45:00",false,false,,Não identificado,,,false
72412,"Rua Tejupa, Vila da Penha, Rio de Janeiro - RJ, Brasil",Sudeste,Rio de Janeiro,Rio de Janeiro,VILA DA PENHA,,,-22.844146,-43.3094211,"09/07/2025, 19:00:00",false,true,,Tentativa/Roubo,,,false
72412,"Rua Tejupa, Vila da Penha, Rio de Janeiro - RJ, Brasil",Sudeste,Rio de Janeiro,Rio de Janeiro,VILA DA PENHA,,,-22.844146,-43.3094211,"09/07/2025, 19:00:00",false,true,,Tentativa/Roubo,,,false
72433,"Catiri - Bangu, Rio de Janeiro - RJ, 21863-010, Brasil",Sudeste,Rio de Janeiro,Rio de Janeiro,BANGU,,CATIRI,-22.85319795,	-43.47059105,"10/07/2025, 23:33:00",false,false,,Disputa,,,false
72430,"Conjunto do IPASE - Vila Kosmos, Rio de Janeiro - RJ, 21210-840, Brasil",Sudeste,Rio de Janeiro,Rio de Janeiro,VILA KOSMOS,,CONJUNTO DO IPASE,-22.84845508,	-43.30446505,"11/07/2025, 00:00:00",true,true,PM (41 BPM),Operação policial,,,false
72431,"Bateau Mouche - Praça Seca, Rio de Janeiro - RJ, 22733-000, Brasil",Sudeste,Rio de Janeiro,Rio de Janeiro,PRACA SECA,,FAVELA BATEAU MOUCHE,-22.90553130050597,	-43.354608754520655,"11/07/2025, 00:00:00",false,false,,Disputa,,,true
72431,"Bateau Mouche - Praça Seca, Rio de Janeiro - RJ, 22733-000, Brasil",Sudeste,Rio de Janeiro,Rio de Janeiro,PRACA SECA,,FAVELA BATEAU MOUCHE,-22.90553130050597,	-43.354608754520655,"11/07/2025, 00:00:00",false,false,,Disputa,,,true
72431,"Bateau Mouche - Praça Seca, Rio de Janeiro - RJ, 22733-000, Brasil",Sudeste,Rio de Janeiro,Rio de Janeiro,PRACA SECA,,FAVELA BATEAU MOUCHE,-22.90553130050597,	-43.354608754520655,"11/07/2025, 00:00:00",false,false,,Disputa,,,true
72431,"Bateau Mouche - Praça Seca, Rio de Janeiro - RJ, 22733-000, Brasil",Sudeste,Rio de Janeiro,Rio de Janeiro,PRACA SECA,,FAVELA BATEAU MOUCHE,-22.90553130050597,	-43.354608754520655,"11/07/2025, 00:00:00",false,false,,Disputa,,,true
72432,"Conjunto do IPASE - Vila Kosmos, Rio de Janeiro - RJ, 21210-840, Brasil",Sudeste,Rio de Janeiro,Rio de Janeiro,VILA KOSMOS,,CONJUNTO DO IPASE,-22.84845508	,-43.30446505,"11/07/2025, 02:26:00",true,true,PM (41 BPM),Operação policial,,,false
72429,"Conjunto do IPASE - Vila Kosmos, Rio de Janeiro - RJ, 21210-840, Brasil",Sudeste,Rio de Janeiro,Rio de Janeiro,VILA KOSMOS,,CONJUNTO DO IPASE,-22.84845508	,-43.30446505,"11/07/2025, 05:50:00",true,true,PM (41 BPM),Operação policial,,,false
72434,"Conjunto do IPASE - Vila Kosmos, Rio de Janeiro - RJ, 21210-840, Brasil",Sudeste,Rio de Janeiro,Rio de Janeiro,VILA KOSMOS,,CONJUNTO DO IPASE,-22.84845508	,-43.30446505,"11/07/2025, 07:57:00",true,true,PM (41 BPM),Operação policial,,,false
72435,"Av. das Américas, Barra da Tijuca, Rio de Janeiro - RJ Cep 22631-003 - Barra da Tijuca, Rio de Janeiro - RJ, 22640-102, Brasil",Sudeste,Rio de Janeiro,Rio de Janeiro,BARRA DA TIJUCA,,,-23.00028414217052,-43.34606208460821,"11/07/2025, 08:20:00",false,false,,Homicidio/Tentativa,,,false
72453,"Av. Brasil, Coelho Neto, Rio de Janeiro - RJ, 20940-070, Brasil",Sudeste,Rio de Janeiro,Rio de Janeiro,COELHO NETO,,,-22.830376100000002,-43.34857283068847,"11/07/2025, 14:00:00",false,true,,Tentativa/Roubo,,,false
72440,"Morro dos Macacos - Vila Isabel, Rio de Janeiro - RJ, 20551-232, Brasil",Sudeste,Rio de Janeiro,Rio de Janeiro,VILA ISABEL,,MORRO DOS MACACOS,-22.91189634,-43.25524243,"11/07/2025, 14:03:00",true,true,BOPE,Operação policial,,,false
72447,"Morro dos Macacos, Vila Isabel, Rio de Janeiro - RJ, 20551-232, Brasil",Sudeste,Rio de Janeiro,Rio de Janeiro,VILA ISABEL,,MORRO DOS MACACOS,-22.91189634,	-43.25524243,"12/07/2025, 04:00:00",true,true,"UPP ",Ação policial,,,false
72450,"Morro dos Macacos - Vila Isabel, Rio de Janeiro - RJ, 20551-232, Brasil",Sudeste,Rio de Janeiro,Rio de Janeiro,VILA ISABEL,,MORRO DOS MACACOS,-22.91189634	,-43.25524243,"12/07/2025, 07:54:00",true,true,PM (UPP),Ação policial,,,false
72456,"Morro do Fubá (Complexo do Fubá) - Cascadura, Rio de Janeiro - RJ, 21311-130, Brasil",Sudeste,Rio de Janeiro,Rio de Janeiro,CASCADURA,,MORRO DO FUBA (COMPLEXO DO FUBA),-22.892324971301786	,-43.33377861518315,"12/07/2025, 15:18:00",false,false,,Não identificado,,,false
72463,"Avenida Ayrton Senna - Gardênia Azul, Rio de Janeiro - RJ, Brasil",Sudeste,Rio de Janeiro,Rio de Janeiro,GARDENIA AZUL,,,-22.9560055,-43.3557572,"12/07/2025, 17:00:00",true,true,PC (16 DP),Ação policial,,,false
72463,"Avenida Ayrton Senna - Gardênia Azul, Rio de Janeiro - RJ, Brasil",Sudeste,Rio de Janeiro,Rio de Janeiro,GARDENIA AZUL,,,-22.9560055,-43.3557572,"12/07/2025, 17:00:00",true,true,PC (16 DP),Ação policial,,,false
72459,"Brás de Pina, Rio de Janeiro - RJ, Brasil",Sudeste,Rio de Janeiro,Rio de Janeiro,BRAS DE PINA,,,-22.8301389,-43.2932207,"12/07/2025, 18:55:00",false,false,,Não identificado,,,false
72471,"Rua Prado Júnior - Santa Cruz, Rio de Janeiro - RJ, Brasil",Sudeste,Rio de Janeiro,Rio de Janeiro,SANTA CRUZ,,,-22.9224827,-43.699627,"13/07/2025, 15:30:00",false,false,,Homicidio/Tentativa,,,false
72466,"Favela do Terreirão - Recreio dos Bandeirantes, Rio de Janeiro - RJ, Brasil",Sudeste,Rio de Janeiro,Rio de Janeiro,RECREIO DOS BANDEIRANTES,,FAVELA DO TERREIRAO,-23.0254161,-43.4824856,"13/07/2025, 15:52:00",false,false,,Não identificado,,,false
72657,"Morro do Cruz - Andaraí, Rio de Janeiro - RJ, 20530-530, Brasil",Sudeste,Rio de Janeiro,Rio de Janeiro,ANDARAI,,MORRO DO CRUZ,-22.93094550096822,-43.251755271163944,"13/07/2025, 23:30:00",false,false,,Não identificado,,,false
72473,"Morro da Serrinha, Madureira, Rio de Janeiro - RJ, 21360-390, Brasil",Sudeste,Rio de Janeiro,Rio de Janeiro,MADUREIRA,,MORRO DA SERRINHA (COMPLEXO DA SERRINHA),-22.86628587904288,-43.327235761196654,"14/07/2025, 01:40:00",true,true,"BPChq, BAC, BOPE",Operação policial,,,false
72478,"Complexo da Pedreira - Pavuna, Rio de Janeiro - RJ, 21532-200, Brasil",Sudeste,Rio de Janeiro,Rio de Janeiro,PAVUNA,,MORRO DA PEDREIRA (COMPLEXO DA PEDREIRA),-22.823312547826685,-43.35984557232788,"14/07/2025, 03:30:00",true,true,PM (41 BPM),Operação policial,,,false
72474,"Morro dos Macacos - Vila Isabel, Rio de Janeiro - RJ, 20551-232, Brasil",Sudeste,Rio de Janeiro,Rio de Janeiro,VILA ISABEL,,MORRO DOS MACACOS,-22.911925987137234,-43.255285345344234,"14/07/2025, 03:53:00",true,true,PM (6 BPM),Ação policial,,,false
72487,"Morro dos Macacos - Vila Isabel, Rio de Janeiro - RJ, 20551-232, Brasil",Sudeste,Rio de Janeiro,Rio de Janeiro,VILA ISABEL,,MORRO DOS MACACOS,-22.91189634,-43.25524243,"14/07/2025, 14:45:00",false,false,,Não identificado,,,false
72588,"Av. Brasil - Irajá, Rio de Janeiro - RJ, 20940-070, Brasil",Sudeste,Rio de Janeiro,Rio de Janeiro,IRAJA,,,-22.82184250059906,-43.318216853759,"14/07/2025, 20:00:00",true,true,"PM ",Ação policial,,,false
72491,"Morro dos Macacos - Vila Isabel, Rio de Janeiro - RJ, 20551-232, Brasil",Sudeste,Rio de Janeiro,Rio de Janeiro,VILA ISABEL,,MORRO DOS MACACOS,-22.91189634,	-43.25524243,"14/07/2025, 21:38:00",false,false,,Disputa,,,false
72489,"Morro do Cruz - Andaraí, Rio de Janeiro - RJ, 20530-530, Brasil",Sudeste,Rio de Janeiro,Rio de Janeiro,ANDARAI,,MORRO DO CRUZ,-22.930738	,-43.251766,"15/07/2025, 00:00:00",false,false,,Disputa,,,false
72492,"Morro dos Macacos - Vila Isabel, Rio de Janeiro - RJ, 20551-232, Brasil",Sudeste,Rio de Janeiro,Rio de Janeiro,VILA ISABEL,,MORRO DOS MACACOS,-22.91189634	,-43.25524243,"15/07/2025, 00:18:00",false,false,,Disputa,,,false
72490,"Morro do Cruz - Andaraí, Rio de Janeiro - RJ, 20530-530, Brasil",Sudeste,Rio de Janeiro,Rio de Janeiro,ANDARAI,,MORRO DO CRUZ,-22.930738	,-43.251766,"15/07/2025, 01:30:00",false,false,,Disputa,,,false
72493,"Morro do 18 (Complexo do 18) - Água Santa, Rio de Janeiro - RJ, 20740-600, Brasil",Sudeste,Rio de Janeiro,Rio de Janeiro,AGUA SANTA,,MORRO DO 18 (COMPLEXO DO 18),-22.905011856611303	,-43.31769304011568,"15/07/2025, 03:50:00",true,true,"PM (9 BPM, GESAR)",Operação policial,,,false
72494,"Morro do 18 (Complexo do 18), Água Santa, Rio de Janeiro - RJ, 20740-600, Brasil",Sudeste,Rio de Janeiro,Rio de Janeiro,AGUA SANTA,,MORRO DO 18 (COMPLEXO DO 18),-22.905011856611303	,-43.31769304011568,"15/07/2025, 04:40:00",true,true,"PM (9 BPM, GESAR)",Operação policial,,,false
72496,"Morro do Fubá (Complexo do Fubá) - Cascadura, Rio de Janeiro - RJ, 21311-130, Brasil",Sudeste,Rio de Janeiro,Rio de Janeiro,CASCADURA,,MORRO DO FUBA (COMPLEXO DO FUBA),-22.892324971301786	,-43.33377861518315,"15/07/2025, 05:50:00",false,false,,Não identificado,,,false
72497,"Morro da Patolinha (Complexo da Serrinha) - Madureira, Rio de Janeiro - RJ, 21370-060, Brasil",Sudeste,Rio de Janeiro,Rio de Janeiro,MADUREIRA,,MORRO DA PATOLINHA (COMPLEXO DA SERRINHA),-22.87390389	,-43.32973778,"15/07/2025, 06:00:00",true,true,"COE, BPChq, BTM, BAC, BOPE",Operação policial,,,false
72498,"Avenida Ministro Edgard Romero - Madureira, Rio de Janeiro - RJ, Brasil",Sudeste,Rio de Janeiro,Rio de Janeiro,MADUREIRA,,,-22.8678644,-43.3349664,"15/07/2025, 07:30:00",true,true,PM (COE),Operação policial,,,false
72513,"Av. Antenor Navarro, Villa Guanabara - Brás de Pina, Rio de Janeiro - RJ, 21012-250, Brasil",Sudeste,Rio de Janeiro,Rio de Janeiro,BRAS DE PINA,,VILLA GUANABARA,-22.827241147991856,-43.28963556060484,"15/07/2025, 20:15:00",false,false,,Não identificado,,,false
72515,"Morro dos Macacos - Vila Isabel, Rio de Janeiro - RJ, 20551-232, Brasil",Sudeste,Rio de Janeiro,Rio de Janeiro,VILA ISABEL,,MORRO DOS MACACOS,-22.91189634	,-43.25524243,"15/07/2025, 21:04:00",false,false,,Disputa,,,false
72524,"Favela da Chacrinha - Praça Seca, Rio de Janeiro - RJ, 22733-040, Brasil",Sudeste,Rio de Janeiro,Rio de Janeiro,PRACA SECA,,FAVELA DA CHACRINHA,-22.9018158988203,	-43.36141036190782,"16/07/2025, 04:30:00",false,false,,Não identificado,,,false
72525,"Favela da Chacrinha - Praça Seca, Rio de Janeiro - RJ, 22733-040, Brasil",Sudeste,Rio de Janeiro,Rio de Janeiro,PRACA SECA,,FAVELA DA CHACRINHA,-22.9018158988203,	-43.36141036190782,"16/07/2025, 07:40:00",false,false,,Não identificado,,,false
72523,"Morro do Juramento (Complexo do Juramento) - Vicente de Carvalho, Rio de Janeiro, RJ, Brasil",Sudeste,Rio de Janeiro,Rio de Janeiro,VICENTE DE CARVALHO,,MORRO DO JURAMENTO (COMPLEXO DO JURAMENTO),-22.86204124,	-43.31545844,"16/07/2025, 07:50:00",true,true,PM (41 BPM),Ação policial,,,false
72531,"R. Bartolomeu de Gusmão - São Cristóvão, Rio de Janeiro - RJ, 20941-160, Brasil",Sudeste,Rio de Janeiro,Rio de Janeiro,SAO CRISTOVAO,,,-22.910155370307802,-43.22239965145109,"16/07/2025, 14:35:00",false,true,,Tentativa/Roubo,,,false
72532,"Rio das Pedras - Itanhangá, Rio de Janeiro - RJ, 22753-200, Brasil",Sudeste,Rio de Janeiro,Rio de Janeiro,ITANHANGA,,RIO DAS PEDRAS,-22.97700453071975,-43.32899337974122,"16/07/2025, 16:50:00",false,false,,Não identificado,,,false
72541,"Baixa do Sapateiro - Maré, Rio de Janeiro - RJ, 21042-450, Brasil",Sudeste,Rio de Janeiro,Rio de Janeiro,MARE,,BAIXA DO SAPATEIRO (COMPLEXO DA MARE),-22.86007183,	-43.24258995,"16/07/2025, 20:46:00",false,false,,Não identificado,,,false
72540,"Morro das Palmeiras - Complexo do Alemão, Rio de Janeiro - RJ, 21061-180, Brasil",Sudeste,Rio de Janeiro,Rio de Janeiro,COMPLEXO DO ALEMAO,,MORRO DAS PALMEIRAS (COMPLEXO DO ALEMAO),-22.86083707,	-43.28194518,"17/07/2025, 03:25:00",false,false,,Não identificado,,,false
72555,"Rua Conde de Bonfim, Tijuca, Rio de Janeiro - RJ, 20520-052, Brasil",Sudeste,Rio de Janeiro,Rio de Janeiro,TIJUCA,,,-22.929605762178735,-43.237161560574336,"17/07/2025, 10:00:00",false,true,,Tentativa/Roubo,,,false
72569,"Avenida Monsenhor Félix - Irajá, Rio de Janeiro - RJ, Brasil",Sudeste,Rio de Janeiro,Rio de Janeiro,IRAJA,,,-22.8419254,-43.3236326,"17/07/2025, 14:30:00",false,false,,Homicidio/Tentativa,,,false
72569,"Avenida Monsenhor Félix - Irajá, Rio de Janeiro - RJ, Brasil",Sudeste,Rio de Janeiro,Rio de Janeiro,IRAJA,,,-22.8419254,-43.3236326,"17/07/2025, 14:30:00",false,false,,Homicidio/Tentativa,,,false
72562,"Morro do Fubá (Complexo do Fubá) - Cascadura, Rio de Janeiro - RJ, 21311-130, Brasil",Sudeste,Rio de Janeiro,Rio de Janeiro,CASCADURA,,MORRO DO FUBA (COMPLEXO DO FUBA),-22.892324971301786	,-43.33377861518315,"17/07/2025, 21:22:00",false,false,,Não identificado,,,false
72564,"Morro dos Prazeres - Santa Teresa, Rio de Janeiro - RJ, 20241-410, Brasil",Sudeste,Rio de Janeiro,Rio de Janeiro,SANTA TERESA,,MORRO DOS PRAZERES,-22.933812581111585	,-43.20467932624125,"18/07/2025, 03:24:00",false,false,,Não identificado,,,false
72563,"Morro do Dezoito (Complexo do 18) - Rua Torres de Oliveira - Piedade, Rio de Janeiro - RJ, Brasil",Sudeste,Rio de Janeiro,Rio de Janeiro,PIEDADE,,MORRO DO 18 (COMPLEXO DO 18),-22.9012784,-43.3142317,"18/07/2025, 03:41:00",false,false,,Não identificado,,,false
72565,"Morro da Primavera - Cavalcanti, Rio de Janeiro - RJ, 21370-280, Brasil",Sudeste,Rio de Janeiro,Rio de Janeiro,CAVALCANTI,,MORRO DA PRIMAVERA,-22.86902669,	-43.31696145,"18/07/2025, 03:44:00",false,false,,Não identificado,,,false
72566,"Fallet-Fogueteiro - Santa Teresa, Rio de Janeiro - RJ, 20251-250, Brasil",Sudeste,Rio de Janeiro,Rio de Janeiro,SANTA TERESA,,FALLET/FOGUETEIRO,-22.92641055	,-43.19702099,"18/07/2025, 04:12:00",true,true,PC,Operação policial,,,false
72567,"Morro do Campinho (Complexo do Fubá) - Cascadura, Rio de Janeiro - RJ, 21320-300, Brasil",Sudeste,Rio de Janeiro,Rio de Janeiro,CASCADURA,,MORRO DO CAMPINHO (COMPLEXO DO FUBA),-22.8850951874697	,-43.337939003183074,"18/07/2025, 04:36:00",false,false,,Não identificado,,,false
72573,"Morro do Andaraí - Andaraí, Rio de Janeiro - RJ, 20541-240, Brasil",Sudeste,Rio de Janeiro,Rio de Janeiro,ANDARAI,,MORRO DO ANDARAI,-22.93296722	,-43.25643623,"18/07/2025, 07:56:00",false,false,,Disputa,,,false
72583,"Rua Belo Horizonte - Bangu, Rio de Janeiro - RJ, Brasil",Sudeste,Rio de Janeiro,Rio de Janeiro,BANGU,,,-22.8826034,-43.4580727,"18/07/2025, 12:00:00",false,true,,Homicidio/Tentativa,,Bar,false
72587,"Rua Torres Homem - Vila Isabel, Rio de Janeiro - RJ, Brasil",Sudeste,Rio de Janeiro,Rio de Janeiro,VILA ISABEL,,,-22.9146107,-43.2494949,"18/07/2025, 18:55:00",false,false,,Não identificado,,,false
72591,"Vila Santa Teresa - Comunidade do Guaxi - Rua Macabu - Coelho Neto, Rio de Janeiro - RJ, Brasil",Sudeste,Rio de Janeiro,Rio de Janeiro,COELHO NETO,,COMUNIDADE DA GUAXI,-22.8375003,-43.3513447,"19/07/2025, 01:04:00",false,false,,Não identificado,,,false
72592,"Morro do Campinho (Complexo do Fubá) - Cascadura, Rio de Janeiro - RJ, 21320-300, Brasil",Sudeste,Rio de Janeiro,Rio de Janeiro,CASCADURA,,MORRO DO CAMPINHO (COMPLEXO DO FUBA),-22.8850951874697	,-43.337939003183074,"19/07/2025, 06:22:00",false,false,,Não identificado,,,false
72600,"Avenida Ayrton Senna - Barra da Tijuca, Rio de Janeiro - RJ, Brasil",Sudeste,Rio de Janeiro,Rio de Janeiro,BARRA DA TIJUCA,,,"-22.991247581948524 ",-43.36576419795626,"19/07/2025, 08:30:00",false,true,,Tentativa/Roubo,,,false
72595,"R. Roque Barbosa, Jardim Bangu - Bangu, Rio de Janeiro - RJ, 21863-425, Brasil",Sudeste,Rio de Janeiro,Rio de Janeiro,BANGU,,JARDIM BANGU,-22.8484929,-43.4651236,"19/07/2025, 08:48:00",false,false,,Não identificado,,,false
72598,"Morro do Juramento - Vicente de Carvalho, Rio de Janeiro - RJ, 21371-060, Brasil",Sudeste,Rio de Janeiro,Rio de Janeiro,VICENTE DE CARVALHO,,MORRO DO JURAMENTO (COMPLEXO DO JURAMENTO),-22.85878765248997,-43.31724133704833,"19/07/2025, 18:10:00",false,false,,Não identificado,,,false
72599,"Muda - Rua Radmaker - Tijuca, Rio de Janeiro - RJ, Brasil",Sudeste,Rio de Janeiro,Rio de Janeiro,TIJUCA,MUDA,,-22.9337758,-43.2434756,"19/07/2025, 18:18:00",false,false,,Não identificado,,,false
72607,"Catiri - Rua Sarapuí - Bangu, Rio de Janeiro - RJ, Brasil",Sudeste,Rio de Janeiro,Rio de Janeiro,BANGU,,CATIRI,-22.8499693,-43.4695783,"19/07/2025, 19:00:00",false,false,,Homicidio/Tentativa,,,false
72724,"Rua Honório - Cachambi, Rio de Janeiro - RJ, Brasil",Sudeste,Rio de Janeiro,Rio de Janeiro,CACHAMBI,,,-22.8887156,-43.277535,"19/07/2025, 19:07:00",false,false,,Tentativa/Roubo,,,false
72605,"Vila do João - Maré, Rio de Janeiro - RJ, 21046-630, Brasil",Sudeste,Rio de Janeiro,Rio de Janeiro,MARE,,VILA DO JOAO (COMPLEXO DA MARE),-22.87117627	,-43.2410853,"20/07/2025, 10:30:00",false,true,,Homicidio/Tentativa,,Ataques armados sobre rodas,false
72605,"Vila do João - Maré, Rio de Janeiro - RJ, 21046-630, Brasil",Sudeste,Rio de Janeiro,Rio de Janeiro,MARE,,VILA DO JOAO (COMPLEXO DA MARE),-22.87117627	,-43.2410853,"20/07/2025, 10:30:00",false,true,,Homicidio/Tentativa,,Ataques armados sobre rodas,false
72608,"Avenida Brasil - Caju, Rio de Janeiro - RJ, Brasil",Sudeste,Rio de Janeiro,Rio de Janeiro,CAJU,,,-22.8861712,-43.2250621,"20/07/2025, 16:30:00",true,true,PM (BTM),Tentativa/Roubo,,,false
72608,"Avenida Brasil - Caju, Rio de Janeiro - RJ, Brasil",Sudeste,Rio de Janeiro,Rio de Janeiro,CAJU,,,-22.8861712,-43.2250621,"20/07/2025, 16:30:00",true,true,PM (BTM),Tentativa/Roubo,,,false
72609,"Cascadura, Rio de Janeiro - RJ, Brasil",Sudeste,Rio de Janeiro,Rio de Janeiro,CASCADURA,,,-22.8821983,-43.3247002,"20/07/2025, 16:45:00",false,false,,Não identificado,,,false
72611,"Morro do Salgueiro, Tijuca, Rio de Janeiro - RJ, Brasil",Sudeste,Rio de Janeiro,Rio de Janeiro,TIJUCA,,MORRO DO SALGUEIRO,-22.930592273340036,-43.22618012636712,"20/07/2025, 21:41:00",false,false,,Não identificado,,,false
72630,"Conjunto Residencial Haroldo de Andrade (B13) - Barros Filho, Rio de Janeiro - RJ, 21665-210, Brasil",Sudeste,Rio de Janeiro,Rio de Janeiro,BARROS FILHO,,CONJUNTO HABITACIONAL HAROLDO DE ANDRADE (B13),-22.83167985	,-43.36762807,"20/07/2025, 22:20:00",false,false,,Não identificado,,,false
72617,"Proença Rosa - Barros Filho, Rio de Janeiro - RJ, 21512-170, Brasil",Sudeste,Rio de Janeiro,Rio de Janeiro,BARROS FILHO,,PROENCA ROSA,-22.83942211	,-43.3611364,"20/07/2025, 22:20:00",false,false,,Não identificado,,,false
72618,"Proença Rosa - Barros Filho, Rio de Janeiro - RJ, 21512-170, Brasil",Sudeste,Rio de Janeiro,Rio de Janeiro,BARROS FILHO,,PROENCA ROSA,-22.83942211	,-43.3611364,"21/07/2025, 00:00:00",false,false,,Não identificado,,,false
72616,"Favela Bateau Mouche - Praça Seca, Rio de Janeiro - RJ, 22733-000, Brasil",Sudeste,Rio de Janeiro,Rio de Janeiro,PRACA SECA,,FAVELA BATEAU MOUCHE,-22.90553130050597	,-43.354608754520655,"21/07/2025, 02:30:00",true,true,18º BPM,Ação policial,,,false
72614,"Morro do Jordão - Tanque, Rio de Janeiro - RJ, 22725-590, Brasil",Sudeste,Rio de Janeiro,Rio de Janeiro,TANQUE,,MORRO DO JORDAO,-22.91094354	,-43.37403875,"21/07/2025, 03:00:00",false,false,,Não identificado,,,false
72612,"Favela Bateau Mouche - Praça Seca, Rio de Janeiro - RJ, 22733-000, Brasil",Sudeste,Rio de Janeiro,Rio de Janeiro,PRACA SECA,,FAVELA BATEAU MOUCHE,-22.90553130050597	,-43.354608754520655,"21/07/2025, 03:32:00",true,true,PM (18 BPM),Ação policial,,,false
72612,"Favela Bateau Mouche - Praça Seca, Rio de Janeiro - RJ, 22733-000, Brasil",Sudeste,Rio de Janeiro,Rio de Janeiro,PRACA SECA,,FAVELA BATEAU MOUCHE,-22.90553130050597	,-43.354608754520655,"21/07/2025, 03:32:00",true,true,PM (18 BPM),Ação policial,,,false
72612,"Favela Bateau Mouche - Praça Seca, Rio de Janeiro - RJ, 22733-000, Brasil",Sudeste,Rio de Janeiro,Rio de Janeiro,PRACA SECA,,FAVELA BATEAU MOUCHE,-22.90553130050597	,-43.354608754520655,"21/07/2025, 03:32:00",true,true,PM (18 BPM),Ação policial,,,false
72612,"Favela Bateau Mouche - Praça Seca, Rio de Janeiro - RJ, 22733-000, Brasil",Sudeste,Rio de Janeiro,Rio de Janeiro,PRACA SECA,,FAVELA BATEAU MOUCHE,-22.90553130050597	,-43.354608754520655,"21/07/2025, 03:32:00",true,true,PM (18 BPM),Ação policial,,,false
72615,"Morro do Jordão - Tanque, Rio de Janeiro - RJ, 22725-590, Brasil",Sudeste,Rio de Janeiro,Rio de Janeiro,TANQUE,,MORRO DO JORDAO,-22.91094354	,-43.37403875,"21/07/2025, 04:18:00",false,false,,Não identificado,,,false
72628,"Complexo do Chapadão - Costa Barros, Rio de Janeiro - RJ, 21650-020, Brasil",Sudeste,Rio de Janeiro,Rio de Janeiro,COSTA BARROS,,COMPLEXO DO CHAPADAO,-22.82326393	,-43.37707903,"21/07/2025, 06:00:00",false,false,,Não identificado,,,false
72621,"Estr. do Quitungo - Brás de Pina, Rio de Janeiro - RJ, Brasil",Sudeste,Rio de Janeiro,Rio de Janeiro,BRAS DE PINA,,,-22.8313548,-43.3022253,"21/07/2025, 06:44:00",false,false,,Não identificado,,,false
72626,"Complexo do Chapadão - Costa Barros, Rio de Janeiro - RJ, 21650-020, Brasil",Sudeste,Rio de Janeiro,Rio de Janeiro,COSTA BARROS,,COMPLEXO DO CHAPADAO,-22.82326393	,-43.37707903,"21/07/2025, 07:52:00",false,false,,Não identificado,,,false
72658,"Rod. Pres. Dutra, Irajá, Rio de Janeiro - RJ, 21211-490, Brasil",Sudeste,Rio de Janeiro,Rio de Janeiro,IRAJA,,,-22.81812563210855,-43.320650542436226,"21/07/2025, 12:00:00",true,true,PRF,Tentativa/Roubo,,,false
72638,"Avenida Santa Cruz - Realengo, Rio de Janeiro - RJ, Brasil",Sudeste,Rio de Janeiro,Rio de Janeiro,REALENGO,,,-22.8780083,-43.4342712,"21/07/2025, 14:00:00",false,false,,Não identificado,,,false
72645,"Estr. Cap. Pedro Afonso - Vargem Grande, Rio de Janeiro - RJ, 22783-200, Brasil",Sudeste,Rio de Janeiro,Rio de Janeiro,VARGEM GRANDE,,,-22.9883477,-43.4928781,"21/07/2025, 21:15:00",false,false,,Não identificado,,,false
72653,"Buraco do Lacerda - Jacaré, Rio de Janeiro - RJ, 20973-002, Brasil",Sudeste,Rio de Janeiro,Rio de Janeiro,JACARE,,BURACO DO LACERDA,-22.88734033873478	,-43.25257741892319,"22/07/2025, 04:00:00",false,false,,Não identificado,,,false
72650,"Complexo do Chapadão - Costa Barros, Rio de Janeiro - RJ, 21650-020, Brasil",Sudeste,Rio de Janeiro,Rio de Janeiro,COSTA BARROS,,COMPLEXO DO CHAPADAO,-22.82326393	,-43.37707903,"22/07/2025, 05:00:00",true,true,41º BPM,Operação policial,,,false
72651,"Complexo do Chapadão - Costa Barros, Rio de Janeiro - RJ, 21650-020, Brasil",Sudeste,Rio de Janeiro,Rio de Janeiro,COSTA BARROS,,COMPLEXO DO CHAPADAO,-22.82326393	,-43.37707903,"22/07/2025, 06:00:00",true,true,41º BPM,Operação policial,,,false
72654,"Morro das Torres (Complexo do Chapadão) - Pavuna, Rio de Janeiro - Rio de Janeiro, Brasil",Sudeste,Rio de Janeiro,Rio de Janeiro,PAVUNA,,MORRO DAS TORRES (COMPLEXO DO CHAPADAO),-22.822304029679277,-43.38170696049929,"22/07/2025, 07:20:00",true,true,41º BPM,Operação policial,,,false
72662,"Comunidade Rio da Prata - Bangu, Rio de Janeiro - RJ, 21820-097, Brasil",Sudeste,Rio de Janeiro,Rio de Janeiro,BANGU,,COMUNIDADE DO RIO DA PRATA,-22.885906339709827,-43.46495443345716,"22/07/2025, 12:00:00",false,false,,Tentativa/Roubo,,Bar,false
72664,"Complexo do Chapadão - Pavuna, Rio de Janeiro - RJ, 21650-230, Brasil",Sudeste,Rio de Janeiro,Rio de Janeiro,PAVUNA,,COMPLEXO DO CHAPADAO,-22.817842165779513,-43.3751210278357,"22/07/2025, 19:30:00",false,false,,Não identificado,,,false
72666,"Vila do João, 3 - Maré, Rio de Janeiro - RJ, Brasil",Sudeste,Rio de Janeiro,Rio de Janeiro,MARE,,VILA DO JOAO (COMPLEXO DA MARE),-22.872364,-43.2388811,"23/07/2025, 02:00:00",true,true,"PM (BOPE, BAC, COE, SSI, RECOM, 22 BPM)",Operação policial,,,false
72666,"Vila do João, 3 - Maré, Rio de Janeiro - RJ, Brasil",Sudeste,Rio de Janeiro,Rio de Janeiro,MARE,,VILA DO JOAO (COMPLEXO DA MARE),-22.872364,-43.2388811,"23/07/2025, 02:00:00",true,true,"PM (BOPE, BAC, COE, SSI, RECOM, 22 BPM)",Operação policial,,,false
72666,"Vila do João, 3 - Maré, Rio de Janeiro - RJ, Brasil",Sudeste,Rio de Janeiro,Rio de Janeiro,MARE,,VILA DO JOAO (COMPLEXO DA MARE),-22.872364,-43.2388811,"23/07/2025, 02:00:00",true,true,"PM (BOPE, BAC, COE, SSI, RECOM, 22 BPM)",Operação policial,,,false
72675,"Rua Conde de Bonfim - Tijuca, Rio de Janeiro - RJ, Brasil",Sudeste,Rio de Janeiro,Rio de Janeiro,TIJUCA,,,-22.9320902,-43.2401161,"23/07/2025, 02:00:00",false,false,,Suicídio,,,false
72669,"Morro do Fubá - Cascadura, Rio de Janeiro - RJ, 21311-130, Brasil",Sudeste,Rio de Janeiro,Rio de Janeiro,CASCADURA,,MORRO DO FUBA (COMPLEXO DO FUBA),-22.892324971301786,-43.33377861518315,"23/07/2025, 02:45:00",true,true,PM,Operação policial,,,false
72670,"Morro do Fubá - Cascadura, Rio de Janeiro - RJ, 21311-130, Brasil",Sudeste,Rio de Janeiro,Rio de Janeiro,CASCADURA,,MORRO DO FUBA (COMPLEXO DO FUBA),-22.892324971301786,-43.33377861518315,"23/07/2025, 06:33:00",true,true,Não Identificada,Operação policial,,,false
72673,"Baixa do Sapateiro - Maré, Rio de Janeiro - RJ, Brasil",Sudeste,Rio de Janeiro,Rio de Janeiro,MARE,,BAIXA DO SAPATEIRO (COMPLEXO DA MARE),-22.858909,-43.24398559999999,"23/07/2025, 08:00:00",true,true,"BOPE, BAC, COE. SSI, Recom, 22 BPM",Operação policial,,,false
72681,"Estrada Intendente Magalhães, Vila Valqueire, Rio de Janeiro - RJ, 21331-017, Brasil",Sudeste,Rio de Janeiro,Rio de Janeiro,VILA VALQUEIRE,,,-22.87649958495907,-43.37078345396729,"23/07/2025, 13:00:00",false,true,,Tentativa/Roubo,,,false
72682,"Complexo da Pedreira - Costa Barros, Rio de Janeiro - RJ, Brasil",Sudeste,Rio de Janeiro,Rio de Janeiro,COSTA BARROS,,COMPLEXO DA PEDREIRA,-22.8246094,-43.3726806,"23/07/2025, 14:45:00",false,false,,Disputa,,,false
72703,"Morro do Campinho- Campinho, Rio de Janeiro - RJ, 21310-420, Brasil",Sudeste,Rio de Janeiro,Rio de Janeiro,CAMPINHO,,MORRO DO CAMPINHO (COMPLEXO DO FUBA),-22.885747551873337,-43.338722208215415,"24/07/2025, 15:02:00",false,false,,Não identificado,,,false
72705,"Morro do Campinho, Campinho, Rio de Janeiro - RJ, Brasil",Sudeste,Rio de Janeiro,Rio de Janeiro,CAMPINHO,,MORRO DO CAMPINHO (COMPLEXO DO FUBA),-22.8834352,-43.3538259,"24/07/2025, 17:10:00",false,false,,Não identificado,,,false
72709,"R. Teixeira Ribeiro - Maré, Rio de Janeiro - RJ, 21044-251, Brasil",Sudeste,Rio de Janeiro,Rio de Janeiro,MARE,,NOVA HOLANDA (COMPLEXO DA MARE),-22.856318828686714,-43.24671218437805,"24/07/2025, 18:30:00",false,false,,Não identificado,,,false
72711,"Morro do Campinho (Complexo do Fubá) - Cascadura, Rio de Janeiro - RJ, 21320-300, Brasil",Sudeste,Rio de Janeiro,Rio de Janeiro,CASCADURA,,MORRO DO CAMPINHO (COMPLEXO DO FUBA),-22.8850951874697	,-43.337939003183074,"24/07/2025, 21:02:00",false,false,,Não identificado,,,false
72717,"Morro da Congonha - Madureira, Rio de Janeiro - RJ, 21360-201, Brasil",Sudeste,Rio de Janeiro,Rio de Janeiro,MADUREIRA,,MORRO DA CONGONHA (COMPLEXO DO CAJUEIRO),-22.86285092	,-43.33422047,"25/07/2025, 03:30:00",false,false,,Não identificado,,,false
72716,"Complexo da Pedreira - Costa Barros, Rio de Janeiro - RJ, 21515-580, Brasil",Sudeste,Rio de Janeiro,Rio de Janeiro,COSTA BARROS,,COMPLEXO DA PEDREIRA,-22.82425288	,-43.36809439,"25/07/2025, 04:30:00",false,false,,Não identificado,,,false
72729,"Rua José Domingues - Encantado, Rio de Janeiro - RJ, Brasil",Sudeste,Rio de Janeiro,Rio de Janeiro,ENCANTADO,,,-22.8930446,-43.3028503,"25/07/2025, 05:00:00",false,false,,Tentativa/Roubo,,,false
72715,"Morro da Congonha - Madureira, Rio de Janeiro - RJ, 21360-201, Brasil",Sudeste,Rio de Janeiro,Rio de Janeiro,MADUREIRA,,MORRO DA CONGONHA (COMPLEXO DO CAJUEIRO),-22.86285092	,-43.33422047,"25/07/2025, 05:30:00",false,false,,Não identificado,,,false
72726,"Av. Brasil - Penha Circular, Rio de Janeiro - RJ, 20940-070, Brasil",Sudeste,Rio de Janeiro,Rio de Janeiro,PENHA CIRCULAR,,,-22.82776755853833,-43.27373880923966,"25/07/2025, 12:50:00",true,true,PM (22 BPM),Ação policial,,,false
72725,"Complexo do Chapadão - Costa Barros, Rio de Janeiro - RJ, 21650-020, Brasil",Sudeste,Rio de Janeiro,Rio de Janeiro,COSTA BARROS,,COMPLEXO DO CHAPADAO,-22.82326393	,-43.37707903,"25/07/2025, 13:00:00",true,true,PM (41 BPM),Ação policial,,,false
72728,"Morro do Juramento (Complexo do Juramento) - Vicente de Carvalho, Rio de Janeiro - RJ, 21371-430, Brasil",Sudeste,Rio de Janeiro,Rio de Janeiro,VICENTE DE CARVALHO,,MORRO DO JURAMENTO (COMPLEXO DO JURAMENTO),-22.860241974107375,-43.31633820455688,"25/07/2025, 18:55:00",false,false,,Não identificado,,,false
72727,"R. Teodoro da Silva - Vila Isabel, Rio de Janeiro - RJ, 20560-095, Brasil",Sudeste,Rio de Janeiro,Rio de Janeiro,VILA ISABEL,,,-22.91947647167232,-43.25594029298926,"25/07/2025, 19:28:00",false,false,,Não identificado,,,false
72735,"Campinho - Cascadura, Rio de Janeiro - RJ, 21310-320, Brasil",Sudeste,Rio de Janeiro,Rio de Janeiro,CASCADURA,,MORRO DO CAMPINHO (COMPLEXO DO FUBA),-22.88581674185346,-43.337756612970054,"26/07/2025, 13:20:00",false,false,,Disputa,,,false
72739,"Jardim Bangu, Bangu, Rio de Janeiro - RJ, 21863-000, Brasil",Sudeste,Rio de Janeiro,Rio de Janeiro,BANGU,,JARDIM BANGU,-22.85272012828618,-43.46368996745911,"26/07/2025, 17:30:00",false,false,,Disputa,,,false
72736,"Morro da Pedreira - Pavuna, Rio de Janeiro - RJ, 21532-200, Brasil",Sudeste,Rio de Janeiro,Rio de Janeiro,PAVUNA,,MORRO DA PEDREIRA (COMPLEXO DA PEDREIRA),-22.82312466,-43.35986703,"26/07/2025, 18:15:00",false,false,,Não identificado,,,false
72762,"Vila Valqueire, Rio de Janeiro - RJ, Brasil",Sudeste,Rio de Janeiro,Rio de Janeiro,VILA VALQUEIRE,,,-22.8811664,-43.3706007,"27/07/2025, 12:00:00",false,false,,Homicidio/Tentativa,,,false
72743,"Morro do Campinho - Cascadura, Rio de Janeiro - RJ, 21320-300, Brasil",Sudeste,Rio de Janeiro,Rio de Janeiro,CASCADURA,,MORRO DO CAMPINHO (COMPLEXO DO FUBA),-22.8850951874697,-43.337939003183074,"27/07/2025, 13:18:00",false,false,,Não identificado,,,false
72750,"Estrada de Jacarepaguá - Anil, Rio de Janeiro - RJ, Brasil",Sudeste,Rio de Janeiro,Rio de Janeiro,ANIL,,,-22.9559796,-43.3370727,"27/07/2025, 23:00:00",false,true,,Homicidio/Tentativa,,Ataques armados sobre rodas,false
72759,"Avenida Cesario de Melo - Paciência, Rio de Janeiro - RJ, Brasil",Sudeste,Rio de Janeiro,Rio de Janeiro,PACIENCIA,,,-22.9199699,-43.6427628,"28/07/2025, 02:00:00",false,false,,Briga,,,false
72747,"Morro do Juramento (Complexo do Juramento) - Vicente de Carvalho, Rio de Janeiro, RJ, Brasil",Sudeste,Rio de Janeiro,Rio de Janeiro,VICENTE DE CARVALHO,,MORRO DO JURAMENTO (COMPLEXO DO JURAMENTO),-22.86204124,	-43.31545844,"28/07/2025, 03:28:00",false,false,,Não identificado,,,false
72749,"Av. Antenor Navarro - Brás de Pina, Rio de Janeiro - RJ, 21012-250, Brasil",Sudeste,Rio de Janeiro,Rio de Janeiro,BRAS DE PINA,,,-22.82535899604577," -43.29010589951428","28/07/2025, 04:51:00",false,false,,Não identificado,,,false
72760,"Morro dos Macacos - Vila Isabel, Rio de Janeiro - RJ, 20551-232, Brasil",Sudeste,Rio de Janeiro,Rio de Janeiro,VILA ISABEL,,MORRO DOS MACACOS,-22.91189634,-43.25524243,"28/07/2025, 12:30:00",false,false,,Não identificado,,,false
72764,"Morro do Campinho (Complexo do Fubá) - Campinho, Rio de Janeiro - RJ, 21310-420, Brasil",Sudeste,Rio de Janeiro,Rio de Janeiro,CAMPINHO,,MORRO DO CAMPINHO (COMPLEXO DO FUBA),-22.88529287398373,-43.33851836033028,"28/07/2025, 17:50:00",false,false,,Disputa,,,false
73501,"Estrada de Jacarepaguá - Itanhangá, Rio de Janeiro - RJ, Brasil",Sudeste,Rio de Janeiro,Rio de Janeiro,ITANHANGA,,,-22.980556,-43.3267902,"28/07/2025, 21:00:00",false,false,,Homicidio/Tentativa,,Ataques armados sobre rodas,false
72770,"Estrada Intendente Magalhães - Campinho, Rio de Janeiro - RJ, Brasil",Sudeste,Rio de Janeiro,Rio de Janeiro,CAMPINHO,,,-22.8818767,-43.350388,"28/07/2025, 21:45:00",false,false,,Disputa,,,false
72783,"Complexo do Chapadão - Costa Barros, Rio de Janeiro - RJ, 21650-020, Brasil",Sudeste,Rio de Janeiro,Rio de Janeiro,COSTA BARROS,,COMPLEXO DO CHAPADAO,-22.82326393	,-43.37707903,"29/07/2025, 15:00:00",true,true,PM (41 BPM),Ação policial,,,false
72782,"Morro do Fubá (Complexo do Fubá) - Cascadura, Rio de Janeiro - RJ, 21311-130, Brasil",Sudeste,Rio de Janeiro,Rio de Janeiro,CASCADURA,,MORRO DO FUBA (COMPLEXO DO FUBA),-22.892324971301786,	-43.33377861518315,"29/07/2025, 15:00:00",false,false,,Não identificado,,,false
72784,"Vila Kennedy - Vila Kennedy, Rio de Janeiro - RJ, 21850-010, Brasil",Sudeste,Rio de Janeiro,Rio de Janeiro,VILA KENNEDY,,VILA KENNEDY,-22.86067619	,-43.48783756,"29/07/2025, 16:00:00",true,true,PM (14 BPM),Ação policial,,,true
72784,"Vila Kennedy - Vila Kennedy, Rio de Janeiro - RJ, 21850-010, Brasil",Sudeste,Rio de Janeiro,Rio de Janeiro,VILA KENNEDY,,VILA KENNEDY,-22.86067619	,-43.48783756,"29/07/2025, 16:00:00",true,true,PM (14 BPM),Ação policial,,,true
72784,"Vila Kennedy - Vila Kennedy, Rio de Janeiro - RJ, 21850-010, Brasil",Sudeste,Rio de Janeiro,Rio de Janeiro,VILA KENNEDY,,VILA KENNEDY,-22.86067619	,-43.48783756,"29/07/2025, 16:00:00",true,true,PM (14 BPM),Ação policial,,,true
72802,"R. Souza Franco - Vila Isabel, Rio de Janeiro - RJ, 20551-120, Brasil",Sudeste,Rio de Janeiro,Rio de Janeiro,VILA ISABEL,,,-22.912850002684575,-43.24650379577026,"30/07/2025, 20:58:00",false,false,,Não identificado,,,false
72799,"Complexo da Serrinha - Madureira, Rio de Janeiro - RJ, 21370-030, Brasil",Sudeste,Rio de Janeiro,Rio de Janeiro,MADUREIRA,,COMPLEXO DA SERRINHA,-22.87059846	,-43.33228522,"30/07/2025, 22:32:00",false,false,,Não identificado,,,false
72800,"Complexo de Manguinhos - Manguinhos, Rio de Janeiro - RJ, 21041-560, Brasil",Sudeste,Rio de Janeiro,Rio de Janeiro,MANGUINHOS,,COMPLEXO DE MANGUINHOS,-22.88170183	,-43.2480006,"31/07/2025, 03:25:00",true,true,PC,Operação policial,,,false
72801,"Complexo de Manguinhos - Manguinhos, Rio de Janeiro - RJ, 21041-560, Brasil",Sudeste,Rio de Janeiro,Rio de Janeiro,MANGUINHOS,,COMPLEXO DE MANGUINHOS,-22.88170183,	-43.2480006,"31/07/2025, 04:40:00",true,true,"PC (CORE, 21 DP)",Operação policial,,,false
72801,"Complexo de Manguinhos - Manguinhos, Rio de Janeiro - RJ, 21041-560, Brasil",Sudeste,Rio de Janeiro,Rio de Janeiro,MANGUINHOS,,COMPLEXO DE MANGUINHOS,-22.88170183,	-43.2480006,"31/07/2025, 04:40:00",true,true,"PC (CORE, 21 DP)",Operação policial,,,false
72801,"Complexo de Manguinhos - Manguinhos, Rio de Janeiro - RJ, 21041-560, Brasil",Sudeste,Rio de Janeiro,Rio de Janeiro,MANGUINHOS,,COMPLEXO DE MANGUINHOS,-22.88170183,	-43.2480006,"31/07/2025, 04:40:00",true,true,"PC (CORE, 21 DP)",Operação policial,,,false
72801,"Complexo de Manguinhos - Manguinhos, Rio de Janeiro - RJ, 21041-560, Brasil",Sudeste,Rio de Janeiro,Rio de Janeiro,MANGUINHOS,,COMPLEXO DE MANGUINHOS,-22.88170183,	-43.2480006,"31/07/2025, 04:40:00",true,true,"PC (CORE, 21 DP)",Operação policial,,,false
72835,"Favela Nova Esperança - Gardênia Azul, Rio de Janeiro - RJ, 22765-525, Brasil",Sudeste,Rio de Janeiro,Rio de Janeiro,GARDENIA AZUL,,FAVELA VILA NOVA ESPERANCA (OU FAVELAO),-22.9580547	,-43.3547908,"31/07/2025, 12:00:00",true,true,PM (18 BPM),Ação policial,,,false
72835,"Favela Nova Esperança - Gardênia Azul, Rio de Janeiro - RJ, 22765-525, Brasil",Sudeste,Rio de Janeiro,Rio de Janeiro,GARDENIA AZUL,,FAVELA VILA NOVA ESPERANCA (OU FAVELAO),-22.9580547	,-43.3547908,"31/07/2025, 12:00:00",true,true,PM (18 BPM),Ação policial,,,false
72835,"Favela Nova Esperança - Gardênia Azul, Rio de Janeiro - RJ, 22765-525, Brasil",Sudeste,Rio de Janeiro,Rio de Janeiro,GARDENIA AZUL,,FAVELA VILA NOVA ESPERANCA (OU FAVELAO),-22.9580547	,-43.3547908,"31/07/2025, 12:00:00",true,true,PM (18 BPM),Ação policial,,,false
72835,"Favela Nova Esperança - Gardênia Azul, Rio de Janeiro - RJ, 22765-525, Brasil",Sudeste,Rio de Janeiro,Rio de Janeiro,GARDENIA AZUL,,FAVELA VILA NOVA ESPERANCA (OU FAVELAO),-22.9580547	,-43.3547908,"31/07/2025, 12:00:00",true,true,PM (18 BPM),Ação policial,,,false
72844,"Morro da Quitanda (Complexo da Pedreira) - Costa Barros, Rio de Janeiro - RJ, 21532-050, Brasil",Sudeste,Rio de Janeiro,Rio de Janeiro,COSTA BARROS,,MORRO DA QUITANDA (COMPLEXO DA PEDREIRA),-22.81949929	,-43.36693375,"31/07/2025, 12:00:00",true,true,PM (41 BPM),Ação policial,,,false
72817,"Cidade Alta - Cordovil, Rio de Janeiro - RJ, Brasil",Sudeste,Rio de Janeiro,Rio de Janeiro,CORDOVIL,,CIDADE ALTA (COMPLEXO DE ISRAEL),-22.819569,-43.2943808,"31/07/2025, 17:00:00",false,false,,Não identificado,,,false
72818,"Morro do Andaraí - Andaraí, Rio de Janeiro - RJ, 20541-240, Brasil",Sudeste,Rio de Janeiro,Rio de Janeiro,ANDARAI,,MORRO DO ANDARAI,-22.93296722	,-43.25643623,"01/08/2025, 02:30:00",false,false,,Não identificado,,,false
72819,"Morro do Andaraí - Andaraí, Rio de Janeiro - RJ, 20541-240, Brasil",Sudeste,Rio de Janeiro,Rio de Janeiro,ANDARAI,,MORRO DO ANDARAI,-22.93296722	,-43.25643623,"01/08/2025, 03:20:00",false,false,,Não identificado,,,false
72834,"Complexo da Pedreira - Costa Barros, Rio de Janeiro - RJ, 21515-580, Brasil",Sudeste,Rio de Janeiro,Rio de Janeiro,COSTA BARROS,,COMPLEXO DA PEDREIRA,-22.82425288	,-43.36809439,"01/08/2025, 04:00:00",true,true,41º BPM,Ação policial,,,false
72833,"Morro do Borel - Tijuca, Rio de Janeiro - RJ, 20530-420, Brasil",Sudeste,Rio de Janeiro,Rio de Janeiro,TIJUCA,,MORRO DO BOREL,-22.93888816	,-43.25350828,"01/08/2025, 05:00:00",true,true,Bope,Ação policial,,,false
72821,"Morro do Andaraí - Andaraí, Rio de Janeiro - RJ, 20541-240, Brasil",Sudeste,Rio de Janeiro,Rio de Janeiro,ANDARAI,,MORRO DO ANDARAI,-22.93296722	,-43.25643623,"01/08/2025, 05:06:00",false,false,,Não identificado,,,false
72846,"Favela 5 Bocas (Complexo de Israel) - Brás de Pina, Rio de Janeiro - RJ, 21011-240, Brasil",Sudeste,Rio de Janeiro,Rio de Janeiro,BRAS DE PINA,,FAVELA 5 BOCAS (COMPLEXO DE ISRAEL),-22.822508046903103,-43.28645557719323,"01/08/2025, 07:00:00",true,true,PM (NI),Ação policial,,,false
72845,"Comunidade Pombo Sem Asa - Vargem Grande, Rio de Janeiro - RJ, 22785-585, Brasil",Sudeste,Rio de Janeiro,Rio de Janeiro,VARGEM GRANDE,,COMUNIDADE POMBO SEM ASA,-22.986796924068518	,-43.49718695983778,"01/08/2025, 15:00:00",true,true,31 BPM,Ação policial,,,false
72849,"Morro do Campinho (Complexo do Fubá) - Cascadura, Rio de Janeiro - RJ, 21320-300, Brasil",Sudeste,Rio de Janeiro,Rio de Janeiro,CASCADURA,,MORRO DO CAMPINHO (COMPLEXO DO FUBA),-22.8850951874697	,-43.337939003183074,"02/08/2025, 03:50:00",false,false,,Disputa,,Tiroteio contínuo,false
72850,"Morro do Campinho (Complexo do Fubá) - Cascadura, Rio de Janeiro - RJ, 21320-300, Brasil",Sudeste,Rio de Janeiro,Rio de Janeiro,CASCADURA,,MORRO DO CAMPINHO (COMPLEXO DO FUBA),-22.8850951874697	,-43.337939003183074,"02/08/2025, 04:40:00",false,false,,Disputa,,,false
72848,"Morro do Campinho (Complexo do Fubá) - Cascadura, Rio de Janeiro - RJ, 21320-300, Brasil",Sudeste,Rio de Janeiro,Rio de Janeiro,CASCADURA,,MORRO DO CAMPINHO (COMPLEXO DO FUBA),-22.8850951874697	,-43.337939003183074,"02/08/2025, 05:41:00",false,false,,Disputa,,,false
72857,"Morro da Árvore Seca (Complexo do Lins) - Lins de Vasconcelos, Rio de Janeiro, Rio de Janeiro, Brasil",Sudeste,Rio de Janeiro,Rio de Janeiro,LINS DE VASCONCELOS,,ARVORE SECA (COMPLEXO DO LINS),-22.9159946,-43.2772274,"02/08/2025, 08:40:00",false,false,,Não identificado,,,false
72858,"Morro da Serrinha (Complexo da Serrinha) - Madureira, Rio de Janeiro - RJ, 21360-370, Brasil",Sudeste,Rio de Janeiro,Rio de Janeiro,MADUREIRA,,MORRO DA SERRINHA (COMPLEXO DA SERRINHA),-22.867976323578006,-43.33041149267029,"02/08/2025, 10:59:00",false,false,,Não identificado,,,false
72859,"Linha Amarela - Bonsucesso, Rio de Janeiro - RJ, Brasil",Sudeste,Rio de Janeiro,Rio de Janeiro,BONSUCESSO,,,-22.8721497,-43.2529577,"02/08/2025, 12:00:00",true,true,PM (BPVE); PM (22 BPM),Arrastão,,,false
72859,"Linha Amarela - Bonsucesso, Rio de Janeiro - RJ, Brasil",Sudeste,Rio de Janeiro,Rio de Janeiro,BONSUCESSO,,,-22.8721497,-43.2529577,"02/08/2025, 12:00:00",true,true,PM (BPVE); PM (22 BPM),Arrastão,,,false
72865,"Complexo do Fubá - Cascadura, Rio de Janeiro - RJ, 21310-320, Brasil",Sudeste,Rio de Janeiro,Rio de Janeiro,CASCADURA,,COMPLEXO DO FUBA,-22.88787803,	-43.33699081,"02/08/2025, 18:25:00",false,false,,Não identificado,,,false
72866,"Morro do Campinho (Complexo do Fubá) - Cascadura, Rio de Janeiro - RJ, 21320-300, Brasil",Sudeste,Rio de Janeiro,Rio de Janeiro,CASCADURA,,MORRO DO CAMPINHO (COMPLEXO DO FUBA),-22.8850951874697,	-43.337939003183074,"02/08/2025, 19:38:00",false,false,,Disputa,,,false
72868,"Complexo do Chapadão - Costa Barros, Rio de Janeiro - RJ, 21650-020, Brasil",Sudeste,Rio de Janeiro,Rio de Janeiro,COSTA BARROS,,COMPLEXO DO CHAPADAO,-22.82326393	,-43.37707903,"02/08/2025, 19:40:00",false,false,,Não identificado,,,false
72867,"Morro dos Macacos - Vila Isabel, Rio de Janeiro - RJ, 20551-232, Brasil",Sudeste,Rio de Janeiro,Rio de Janeiro,VILA ISABEL,,MORRO DOS MACACOS,-22.911423075180227,-43.25552589416503,"02/08/2025, 21:02:00",false,false,,Não identificado,,,false
72873,"Estrada do Dendê - Tauá, Rio de Janeiro - RJ, Brasil",Sudeste,Rio de Janeiro,Rio de Janeiro,TAUA,,,-22.7982477,-43.1905059,"03/08/2025, 02:30:00",false,false,,Não identificado,,,false
72874,"Estrada do Dendê - Tauá, Rio de Janeiro - RJ, Brasil",Sudeste,Rio de Janeiro,Rio de Janeiro,TAUA,,,-22.7982477,-43.1905059,"03/08/2025, 04:00:00",false,false,,Não identificado,,,false
72875,"Estrada do Dendê - Tauá, Rio de Janeiro - RJ, Brasil",Sudeste,Rio de Janeiro,Rio de Janeiro,TAUA,,,-22.7982477,-43.1905059,"03/08/2025, 05:00:00",false,false,,Não identificado,,,false
72872,"Morro do Jordão - Tanque, Rio de Janeiro - RJ, 22725-590, Brasil",Sudeste,Rio de Janeiro,Rio de Janeiro,TAQUARA,,MORRO DO JORDAO,-22.91094354	,-43.37403875,"03/08/2025, 07:20:00",true,true,18º BPM,Ação policial,,,false
72871,"Praça Seca, Rio de Janeiro - RJ, Brasil",Sudeste,Rio de Janeiro,Rio de Janeiro,PRACA SECA,,,-22.900353,-43.3540577,"03/08/2025, 07:40:00",true,true,PM (18 BPM),Ação policial,,,false
72876,"Morro do Fubá (Complexo do Fubá) - Cascadura, Rio de Janeiro - RJ, 21311-130, Brasil",Sudeste,Rio de Janeiro,Rio de Janeiro,CASCADURA,,MORRO DO FUBA (COMPLEXO DO FUBA),-22.892324971301786,	-43.33377861518315,"03/08/2025, 10:50:00",false,false,,Disputa,,,false
72882,"Madureira, Rio de Janeiro - RJ, Brasil",Sudeste,Rio de Janeiro,Rio de Janeiro,MADUREIRA,,,-22.8724517,-43.3363996,"03/08/2025, 15:00:00",false,false,,Homicidio/Tentativa,,Feminicídio/tentativa,false
72883,"Morro do Campinho (Complexo do Fubá) - Campinho, Rio de Janeiro - RJ, 21310-420, Brasil",Sudeste,Rio de Janeiro,Rio de Janeiro,CAMPINHO,,MORRO DO CAMPINHO (COMPLEXO DO FUBA),-22.88536206419561,-43.33932302303475,"03/08/2025, 17:13:00",false,false,,Não identificado,,,false
72884,"Fumacê - Realengo, Rio de Janeiro - RJ, 21730-001, Brasil",Sudeste,Rio de Janeiro,Rio de Janeiro,REALENGO,,FUMACE,-22.86858081	,-43.42399939,"03/08/2025, 17:38:00",false,false,,Não identificado,,,false
72886,"Morro do Campinho (Complexo do Fubá) - Campinho, Rio de Janeiro - RJ, 21310-420, Brasil",Sudeste,Rio de Janeiro,Rio de Janeiro,CAMPINHO,,MORRO DO CAMPINHO (COMPLEXO DO FUBA),-22.885342295567245,-43.338700750543296,"03/08/2025, 18:30:00",false,false,,Não identificado,,,false
72902,"Buraco Quente, Mangueira, Rio de Janeiro - RJ, 20943-135, Brasil",Sudeste,Rio de Janeiro,Rio de Janeiro,MANGUEIRA,,BURACO QUENTE (MANGUEIRA),-22.9041666,-43.2389259,"03/08/2025, 19:00:00",false,false,,Tiros a esmo,,,false
72902,"Buraco Quente, Mangueira, Rio de Janeiro - RJ, 20943-135, Brasil",Sudeste,Rio de Janeiro,Rio de Janeiro,MANGUEIRA,,BURACO QUENTE (MANGUEIRA),-22.9041666,-43.2389259,"03/08/2025, 19:00:00",false,false,,Tiros a esmo,,,false
72891,"Fumacê - Rua Ranulfo Bocaiuva Cunha - Realengo, Rio de Janeiro - RJ, Brasil",Sudeste,Rio de Janeiro,Rio de Janeiro,REALENGO,,FUMACE,-22.8662575,-43.4230084,"03/08/2025, 22:17:00",true,true,14º BPM,Ação policial,,,false
72889,"Vila Kosmos, Rio de Janeiro - RJ, Brasil",Sudeste,Rio de Janeiro,Rio de Janeiro,VILA KOSMOS,,,-22.8536931,-43.3037194,"04/08/2025, 02:16:00",false,false,,Não identificado,,,false
72890,"Conjunto Amarelinho - Acari, Rio de Janeiro - RJ, 21531-300, Brasil",Sudeste,Rio de Janeiro,Rio de Janeiro,ACARI,,CONJUNTO AMARELINHO,-22.82538495,	-43.3394958,"04/08/2025, 03:24:00",false,false,,Não identificado,,,false
72892,"Morro do Trem - Vila Kosmos, Rio de Janeiro - RJ, 21210-550, Brasil",Sudeste,Rio de Janeiro,Rio de Janeiro,VILA KOSMOS,,MORRO DO TREM,-22.851491960045934,-43.304674321540524,"04/08/2025, 03:25:00",false,false,,Não identificado,,,false
72894,"Morro do Fubá (Complexo do Fubá) - Cascadura, Rio de Janeiro - RJ, 21311-130, Brasil",Sudeste,Rio de Janeiro,Rio de Janeiro,CASCADURA,,MORRO DO FUBA (COMPLEXO DO FUBA),-22.892324971301786	,-43.33377861518315,"04/08/2025, 04:35:00",false,false,,Não identificado,,,false
72896,"Morro do Andaraí - Andaraí, Rio de Janeiro - RJ, 20541-240, Brasil",Sudeste,Rio de Janeiro,Rio de Janeiro,ANDARAI,,MORRO DO ANDARAI,-22.93296722,	-43.25643623,"04/08/2025, 06:42:00",false,false,,Não identificado,,,false
72907,"Morro do Fuba (Complexo do Fuba), Cascadura, Rio de Janeiro - RJ, 21311-130, Brasil",Sudeste,Rio de Janeiro,Rio de Janeiro,CASCADURA,,MORRO DO FUBA (COMPLEXO DO FUBA),-22.892325,-43.3337786,"04/08/2025, 12:50:00",false,false,,Não identificado,,,false
72909,"Morro do Turano - Rio Comprido, Rio de Janeiro - RJ, Brasil",Sudeste,Rio de Janeiro,Rio de Janeiro,RIO COMPRIDO,,MORRO DO TURANO,-22.9291931,-43.2141147,"04/08/2025, 15:10:00",false,false,,Não identificado,,,false
72914,"Morro do Fubá - Cascadura, Rio de Janeiro - RJ, 21311-130, Brasil",Sudeste,Rio de Janeiro,Rio de Janeiro,CASCADURA,,MORRO DO FUBA (COMPLEXO DO FUBA),-22.892324971301786,-43.33377861518315,"04/08/2025, 17:50:00",false,false,,Não identificado,,,false
72912,"Morro do Campinho - Campinho, Rio de Janeiro - RJ, 21310-420, Brasil",Sudeste,Rio de Janeiro,Rio de Janeiro,CAMPINHO,,MORRO DO CAMPINHO (COMPLEXO DO FUBA),-22.886370260424684,-43.34012768573922,"04/08/2025, 20:10:00",false,false,,Não identificado,,,false
72923,"Morro do Fubá (Complexo do Fubá) - Cascadura, Rio de Janeiro - RJ, 21311-130, Brasil",Sudeste,Rio de Janeiro,Rio de Janeiro,CASCADURA,,MORRO DO FUBA (COMPLEXO DO FUBA),-22.892324971301786,	-43.33377861518315,"04/08/2025, 21:00:00",false,false,,Disputa,,Tiroteio contínuo,false
72924,"Morro do Fubá (Complexo do Fubá) - Cascadura, Rio de Janeiro - RJ, 21311-130, Brasil",Sudeste,Rio de Janeiro,Rio de Janeiro,CASCADURA,,MORRO DO FUBA (COMPLEXO DO FUBA),-22.892324971301786	,-43.33377861518315,"04/08/2025, 22:00:00",false,false,,Disputa,,,false
72925,"Morro do Fubá (Complexo do Fubá) - Cascadura, Rio de Janeiro - RJ, 21311-130, Brasil",Sudeste,Rio de Janeiro,Rio de Janeiro,CASCADURA,,MORRO DO FUBA (COMPLEXO DO FUBA),-22.892324971301786,	-43.33377861518315,"04/08/2025, 23:00:00",false,false,,Disputa,,,false
72915,"Morro do Andaraí - Andaraí, Rio de Janeiro - RJ, 20541-240, Brasil",Sudeste,Rio de Janeiro,Rio de Janeiro,ANDARAI,,MORRO DO ANDARAI,-22.93296722	,-43.25643623,"05/08/2025, 03:16:00",false,false,,Não identificado,,,false
72928,"Morro do Urubu - Pilares, Rio de Janeiro - RJ, 20750-160, Brasil",Sudeste,Rio de Janeiro,Rio de Janeiro,PILARES,,MORRO DO URUBU (COMPLEXO DO URUBU),-22.87852136183678,-43.30346151263978,"05/08/2025, 08:30:00",true,true,3BPM,Ação policial,,,false
72928,"Morro do Urubu - Pilares, Rio de Janeiro - RJ, 20750-160, Brasil",Sudeste,Rio de Janeiro,Rio de Janeiro,PILARES,,MORRO DO URUBU (COMPLEXO DO URUBU),-22.87852136183678,-43.30346151263978,"05/08/2025, 08:30:00",true,true,3BPM,Ação policial,,,false
72928,"Morro do Urubu - Pilares, Rio de Janeiro - RJ, 20750-160, Brasil",Sudeste,Rio de Janeiro,Rio de Janeiro,PILARES,,MORRO DO URUBU (COMPLEXO DO URUBU),-22.87852136183678,-43.30346151263978,"05/08/2025, 08:30:00",true,true,3BPM,Ação policial,,,false
72928,"Morro do Urubu - Pilares, Rio de Janeiro - RJ, 20750-160, Brasil",Sudeste,Rio de Janeiro,Rio de Janeiro,PILARES,,MORRO DO URUBU (COMPLEXO DO URUBU),-22.87852136183678,-43.30346151263978,"05/08/2025, 08:30:00",true,true,3BPM,Ação policial,,,false
72933,"Morro do Fubá (Complexo do Fubá) - Cascadura, Rio de Janeiro - RJ, 21311-130, Brasil",Sudeste,Rio de Janeiro,Rio de Janeiro,CASCADURA,,MORRO DO FUBA (COMPLEXO DO FUBA),-22.892324971301786,	-43.33377861518315,"05/08/2025, 16:39:00",false,false,,Não identificado,,,false
72936,"Favela Bandeira 2 - Del Castilho, Rio de Janeiro - RJ, 20785-330, Brasil",Sudeste,Rio de Janeiro,Rio de Janeiro,DEL CASTILHO,,FAVELA BANDEIRA 2,-22.88224012	,-43.26958745,"06/08/2025, 04:07:00",true,true,03º BPM,Operação policial,,,false
72937,"Favela de Acari - Acari, Rio de Janeiro - RJ, Brasil",Sudeste,Rio de Janeiro,Rio de Janeiro,ACARI,,FAVELA DE ACARI,-22.8255154,-43.3445447,"06/08/2025, 04:35:00",true,true,41º BPM,Operação policial,,,false
72946,"Estr. Mapuá, Taquara, Rio de Janeiro - RJ, 22713-320, Brasil",Sudeste,Rio de Janeiro,Rio de Janeiro,TAQUARA,,,-22.9283036,-43.3853217,"06/08/2025, 05:00:00",false,false,,Tentativa/Roubo,,,false
72951,"Complexo da Pedreira - Costa Barros, Rio de Janeiro - RJ, 21515-580, Brasil",Sudeste,Rio de Janeiro,Rio de Janeiro,COSTA BARROS,,COMPLEXO DA PEDREIRA,-22.82425288,-43.36809439,"06/08/2025, 22:50:00",true,true,PM (BAC); PM (41 BPM),Operação policial,,,false
72952,"Complexo da Serrinha - Madureira, Rio de Janeiro - RJ, 21370-030, Brasil",Sudeste,Rio de Janeiro,Rio de Janeiro,MADUREIRA,,COMPLEXO DA SERRINHA,-22.87059846,-43.33228522,"07/08/2025, 02:30:00",true,true,BOPE,Operação policial,,,false
72961,"Favela de Acari - Acari, Rio de Janeiro, Rio de Janeiro, Brasil",Sudeste,Rio de Janeiro,Rio de Janeiro,ACARI,,FAVELA DE ACARI,-22.8267016,-43.3457423,"07/08/2025, 03:30:00",true,true,PM (BAC); PM (41 BPM),Ação policial,,,false
72964,"Mandela, Manguinhos, Rio de Janeiro - RJ, 20911-220, Brasil",Sudeste,Rio de Janeiro,Rio de Janeiro,MANGUINHOS,,MANDELA (COMPLEXO DE MANGUINHOS),-22.8827387,-43.2484531,"07/08/2025, 14:00:00",false,false,,Não identificado,,,false
72965,"Terra Nostra (Complexo da Pedreira)- Costa Barros, Rio de Janeiro - RJ, 21650-100, Brasil",Sudeste,Rio de Janeiro,Rio de Janeiro,COSTA BARROS,,FAVELA DA TERRA NOSTRA (COMPLEXO DA PEDREIRA),-22.8284063,	-43.3713024,"07/08/2025, 14:20:00",false,false,,Disputa,,,false
72971,"Complexo da Serrinha - Madureira, Rio de Janeiro - RJ, 21370-030, Brasil",Sudeste,Rio de Janeiro,Rio de Janeiro,MADUREIRA,,COMPLEXO DA SERRINHA,-22.87059846	,-43.33228522,"07/08/2025, 21:40:00",false,false,,Disputa,,,false
72972,"Nova Holanda (Complexo da Maré) - Maré, Rio de Janeiro - RJ, 21044-530, Brasil",Sudeste,Rio de Janeiro,Rio de Janeiro,MARE,,NOVA HOLANDA (COMPLEXO DA MARE),-22.854653971252283,-43.241936351837175,"08/08/2025, 00:50:00",false,false,,Não identificado,,,false
72976,"Tanque, Rio de Janeiro - RJ, Brasil",Sudeste,Rio de Janeiro,Rio de Janeiro,TANQUE,,,-22.9157325,-43.3615443,"08/08/2025, 01:45:00",true,true,18º BPM,Operação policial,,,false
72973,"Morro do Urubu (Complexo do Urubu) - Pilares, Rio de Janeiro - RJ, 20750, Brasil",Sudeste,Rio de Janeiro,Rio de Janeiro,PILARES,,MORRO DO URUBU (COMPLEXO DO URUBU),-22.87657404	,-43.30422326,"08/08/2025, 02:03:00",false,false,,Não identificado,,,false
72974,"Cidade de Deus, Rio de Janeiro - RJ, Brasil",Sudeste,Rio de Janeiro,Rio de Janeiro,CIDADE DE DEUS,,CIDADE DE DEUS,-22.9465337,-43.3697151,"08/08/2025, 03:23:00",true,true,18º BPM,Operação policial,,,false
72975,"Vila Kennedy, Rio de Janeiro - RJ, Brasil",Sudeste,Rio de Janeiro,Rio de Janeiro,VILA KENNEDY,,VILA KENNEDY,-22.8572405,-43.4892386,"08/08/2025, 03:53:00",true,true,PC,Operação policial,,,false
72970,"Rua Lívio Barreto - Favelinha da Renascer, Tanque, Rio de Janeiro - RJ, Brasil",Sudeste,Rio de Janeiro,Rio de Janeiro,TANQUE,,FAVELINHA DA RENASCER (OU CHACARA DO TANQUE),-22.9166249,-43.3644216,"08/08/2025, 05:43:00",true,true,18º BPM,Operação policial,,,false
72977,"Cidade de Deus, Rio de Janeiro - RJ, Brasil",Sudeste,Rio de Janeiro,Rio de Janeiro,CIDADE DE DEUS,,CIDADE DE DEUS,-22.9465337,-43.3697151,"08/08/2025, 08:01:00",true,true,18º BPM,Operação policial,,,false
73064,"R. das Azaléas, Vila Valqueire, Rio de Janeiro - RJ, 21330-150, Brasil",Sudeste,Rio de Janeiro,Rio de Janeiro,VILA VALQUEIRE,,,-22.8817907,-43.3651591,"08/08/2025, 14:30:00",false,true,,Tentativa/Roubo,,,false
73064,"R. das Azaléas, Vila Valqueire, Rio de Janeiro - RJ, 21330-150, Brasil",Sudeste,Rio de Janeiro,Rio de Janeiro,VILA VALQUEIRE,,,-22.8817907,-43.3651591,"08/08/2025, 14:30:00",false,true,,Tentativa/Roubo,,,false
73064,"R. das Azaléas, Vila Valqueire, Rio de Janeiro - RJ, 21330-150, Brasil",Sudeste,Rio de Janeiro,Rio de Janeiro,VILA VALQUEIRE,,,-22.8817907,-43.3651591,"08/08/2025, 14:30:00",false,true,,Tentativa/Roubo,,,false
73013,"Bento Ribeiro, Rio de Janeiro - RJ, Brasil",Sudeste,Rio de Janeiro,Rio de Janeiro,BENTO RIBEIRO,,,-22.8667937,-43.3632866,"08/08/2025, 23:40:00",false,false,,Homicidio/Tentativa,,Bar,false
72999,"Praça Tobias Barreto - Vila Isabel, Rio de Janeiro - RJ, Brasil",Sudeste,Rio de Janeiro,Rio de Janeiro,VILA ISABEL,,,-22.9132618,-43.2422528,"09/08/2025, 15:20:00",false,false,,Não identificado,,,false
73001,"Madureira, Rio de Janeiro - RJ, 21360-201, Brasil",Sudeste,Rio de Janeiro,Rio de Janeiro,MADUREIRA,,,-22.8725383," -43.3364617","10/08/2025, 00:00:00",false,false,,Não identificado,,,false
73003,"Catiri, Bangu, Rio de Janeiro - RJ, 21864-060, Brasil",Sudeste,Rio de Janeiro,Rio de Janeiro,BANGU,,CATIRI,-22.8491272,-43.4711838,"10/08/2025, 00:00:00",false,false,,Disputa,,,false
73005,"Morro do Campinho - Campinho, Rio de Janeiro - RJ, 21310-420, Brasil",Sudeste,Rio de Janeiro,Rio de Janeiro,CAMPINHO,,MORRO DO CAMPINHO (COMPLEXO DO FUBA),-22.8850951874697,-43.3389215,"10/08/2025, 15:10:00",false,false,,Não identificado,,,false
73029,"Rua Torres de Oliveira - Piedade, Rio de Janeiro - RJ, Brasil",Sudeste,Rio de Janeiro,Rio de Janeiro,PIEDADE,,,-22.9012784,-43.3142317,"12/08/2025, 03:40:00",true,true,3º BPM,Operação policial,,,false
73032,"Morro do Sereno (Complexo da Penha) - Penha, Rio de Janeiro - RJ, 21210-400, Brasil",Sudeste,Rio de Janeiro,Rio de Janeiro,PENHA,,MORRO DO SERENO (COMPLEXO DA PENHA),-22.84321827	,-43.29371418,"12/08/2025, 05:32:00",true,true,16º BPM,Operação policial,,,false
73039,"Rua Carlos Oswald - Barra da Tijuca, Rio de Janeiro - RJ, Brasil",Sudeste,Rio de Janeiro,Rio de Janeiro,BARRA DA TIJUCA,,,-22.9995962,-43.3763683,"12/08/2025, 11:21:00",false,false,,Homicidio/Tentativa,,,false
73060,"Praça Artur Azevedo, Engenho Leal, Rio de Janeiro - RJ, 21350-040, Brasil",Sudeste,Rio de Janeiro,Rio de Janeiro,ENGENHEIRO LEAL,,,-22.8772396,-43.3225527,"12/08/2025, 12:00:00",false,false,,Não identificado,,,false
73043,"Irajá, Rio de Janeiro - RJ, Brasil",Sudeste,Rio de Janeiro,Rio de Janeiro,IRAJA,,,-22.844329,-43.3231669,"12/08/2025, 13:00:00",false,true,,Tentativa/Roubo,,,false
73042,"Morro São João - Engenho Novo, Rio de Janeiro - RJ, 20950-370, Brasil",Sudeste,Rio de Janeiro,Rio de Janeiro,ENGENHO NOVO,,MORRO SAO JOAO,-22.90860304,	-43.26500038,"12/08/2025, 18:10:00",true,true,NI,Ação policial,,,false
73049,"Rua Professor Carlos Wenceslau - Realengo, Rio de Janeiro - RJ, Brasil",Sudeste,Rio de Janeiro,Rio de Janeiro,REALENGO,,,-22.8802255,-43.4322401,"12/08/2025, 19:20:00",false,false,,Não identificado,,,false
73044,"Morro do Fubá (Complexo do Fubá) - Cascadura, Rio de Janeiro - RJ, 21311-130, Brasil",Sudeste,Rio de Janeiro,Rio de Janeiro,CASCADURA,,MORRO DO FUBA (COMPLEXO DO FUBA),-22.892324971301786	,-43.33377861518315,"12/08/2025, 21:12:00",false,false,,Disputa,,,false
73048,"Favela da Chacrinha - Praça Seca, Rio de Janeiro - RJ, 22733-040, Brasil",Sudeste,Rio de Janeiro,Rio de Janeiro,PRACA SECA,,FAVELA DA CHACRINHA,-22.9018158988203	,-43.36141036190782,"13/08/2025, 02:30:00",false,false,,Não identificado,,,false
73052,"Cidade de Deus, Rio de Janeiro - RJ, Brasil",Sudeste,Rio de Janeiro,Rio de Janeiro,CIDADE DE DEUS,,CIDADE DE DEUS,-22.9465337,-43.3697151,"13/08/2025, 02:46:00",true,true,"PC (Draco/IE); PC (DRE-CAP); PC (22 DP); PC (SSI); PM (BOPE); PM (18 BPM) ",Operação policial,,,false
73051,"Gardênia Azul, Rio de Janeiro - RJ, Brasil",Sudeste,Rio de Janeiro,Rio de Janeiro,GARDENIA AZUL,,,-22.9582037,-43.3529536,"13/08/2025, 05:00:00",true,true,"PC (Draco/IE); PC (DRE-CAP); PC (22 DP); PC (SSI); PM (BOPE); PM (18 BPM) ",Operação policial,,,true
73051,"Gardênia Azul, Rio de Janeiro - RJ, Brasil",Sudeste,Rio de Janeiro,Rio de Janeiro,GARDENIA AZUL,,,-22.9582037,-43.3529536,"13/08/2025, 05:00:00",true,true,"PC (Draco/IE); PC (DRE-CAP); PC (22 DP); PC (SSI); PM (BOPE); PM (18 BPM) ",Operação policial,,,true
73051,"Gardênia Azul, Rio de Janeiro - RJ, Brasil",Sudeste,Rio de Janeiro,Rio de Janeiro,GARDENIA AZUL,,,-22.9582037,-43.3529536,"13/08/2025, 05:00:00",true,true,"PC (Draco/IE); PC (DRE-CAP); PC (22 DP); PC (SSI); PM (BOPE); PM (18 BPM) ",Operação policial,,,true
73051,"Gardênia Azul, Rio de Janeiro - RJ, Brasil",Sudeste,Rio de Janeiro,Rio de Janeiro,GARDENIA AZUL,,,-22.9582037,-43.3529536,"13/08/2025, 05:00:00",true,true,"PC (Draco/IE); PC (DRE-CAP); PC (22 DP); PC (SSI); PM (BOPE); PM (18 BPM) ",Operação policial,,,true
73051,"Gardênia Azul, Rio de Janeiro - RJ, Brasil",Sudeste,Rio de Janeiro,Rio de Janeiro,GARDENIA AZUL,,,-22.9582037,-43.3529536,"13/08/2025, 05:00:00",true,true,"PC (Draco/IE); PC (DRE-CAP); PC (22 DP); PC (SSI); PM (BOPE); PM (18 BPM) ",Operação policial,,,true
73051,"Gardênia Azul, Rio de Janeiro - RJ, Brasil",Sudeste,Rio de Janeiro,Rio de Janeiro,GARDENIA AZUL,,,-22.9582037,-43.3529536,"13/08/2025, 05:00:00",true,true,"PC (Draco/IE); PC (DRE-CAP); PC (22 DP); PC (SSI); PM (BOPE); PM (18 BPM) ",Operação policial,,,true
73051,"Gardênia Azul, Rio de Janeiro - RJ, Brasil",Sudeste,Rio de Janeiro,Rio de Janeiro,GARDENIA AZUL,,,-22.9582037,-43.3529536,"13/08/2025, 05:00:00",true,true,"PC (Draco/IE); PC (DRE-CAP); PC (22 DP); PC (SSI); PM (BOPE); PM (18 BPM) ",Operação policial,,,true
73062,"Cidade de Deus - Cidade de Deus, Rio de Janeiro - RJ, 22773-480, Brasil",Sudeste,Rio de Janeiro,Rio de Janeiro,CIDADE DE DEUS,,CIDADE DE DEUS,-22.9466455," -43.3635415","13/08/2025, 11:00:00",true,true,"PC (Draco/IE); PC (DRE-CAP); PC (22 DP); PC (SSI); PM (BOPE); PM (18 BPM) ",Operação policial,,,false
73072,"Conjunto do Ipase - Vila Kosmos, Rio de Janeiro - RJ, 21210-840, Brasil",Sudeste,Rio de Janeiro,Rio de Janeiro,VILA KOSMOS,,CONJUNTO DO IPASE,-22.84845508,-43.30446505,"14/08/2025, 03:24:00",true,true,41º BPM,Operação policial,,,false
73071,"Morro do Juramento (Complexo do Juramento), Vicente de Carvalho - Rio de Janeiro, RJ, Brasil",Sudeste,Rio de Janeiro,Rio de Janeiro,VICENTE DE CARVALHO,,MORRO DO JURAMENTO (COMPLEXO DO JURAMENTO),-22.86204124	,-43.31545844,"14/08/2025, 05:20:00",true,true,41º BPM,Operação policial,,,false
73086,"Estr. de Jacarepaguá - Itanhangá, Rio de Janeiro - RJ, Brasil",Sudeste,Rio de Janeiro,Rio de Janeiro,ITANHANGA,,,-22.980556,-43.3267902,"14/08/2025, 08:35:00",false,false,,Não identificado,,,false
73079,"Rua do Caule - Favela Entre Rios, Jacarepaguá, Rio de Janeiro - RJ, Brasil",Sudeste,Rio de Janeiro,Rio de Janeiro,JACAREPAGUA,,FAVELA ENTRE RIOS,-22.9408105,-43.3892279,"14/08/2025, 19:00:00",false,false,,Homicidio/Tentativa,,,false
73095,"Rua Cametá - Cascadura, Rio de Janeiro - RJ, Brasil",Sudeste,Rio de Janeiro,Rio de Janeiro,CASCADURA,,,-22.886359,-43.326965,"14/08/2025, 19:30:00",false,false,,Disputa,,,false
73080,"Morro do Andarai - Andaraí, Rio de Janeiro - RJ, Brasil",Sudeste,Rio de Janeiro,Rio de Janeiro,ANDARAI,,MORRO DO ANDARAI,-22.9352778,-43.2563889,"15/08/2025, 03:30:00",false,false,,Não identificado,,,false
73081,"Rua Torres de Oliveira - Piedade, Rio de Janeiro - RJ, Brasil",Sudeste,Rio de Janeiro,Rio de Janeiro,PIEDADE,,,-22.9012784,-43.3142317,"15/08/2025, 04:00:00",true,true,3° BPM,Operação policial,,,false
73093,"Morro do Turano - Rio Comprido, Rio de Janeiro - RJ, 20261-004, Brasil",Sudeste,Rio de Janeiro,Rio de Janeiro,RIO COMPRIDO,,MORRO DO TURANO,-22.92595723	,-43.21575894,"15/08/2025, 04:20:00",false,false,,Não identificado,,,false
73097,"Morro do Juramento, Vicente de Carvalho, Rio de Janeiro - RJ, 21371-160, Brasil",Sudeste,Rio de Janeiro,Rio de Janeiro,VICENTE DE CARVALHO,,MORRO DO JURAMENTO (COMPLEXO DO JURAMENTO),-22.8614655,-43.3172035,"15/08/2025, 10:00:00",false,false,,Não identificado,,,false
73104,"Morro da Caixa D'Àgua, Tanque, Rio de Janeiro - RJ, 22733-140, Brasil",Sudeste,Rio de Janeiro,Rio de Janeiro,TANQUE,,MORRO DA CAIXA D'AGUA (TANQUE),-22.914416960782255,-43.35775458593744,"15/08/2025, 13:00:00",false,false,,Não identificado,,,false
73113,"Avenida Ayrton Senna - Gardênia Azul, Rio de Janeiro - RJ, Brasil",Sudeste,Rio de Janeiro,Rio de Janeiro,GARDENIA AZUL,,,-22.9560055,-43.3557572,"15/08/2025, 13:00:00",false,false,,Homicidio/Tentativa,,,false
73114,"Morro do Campinho (Complexo do Fubá) - Campinho, Rio de Janeiro - RJ, 21310-420, Brasil",Sudeste,Rio de Janeiro,Rio de Janeiro,CAMPINHO,,MORRO DO CAMPINHO (COMPLEXO DO FUBA),-22.88533241125198,-43.33877585239571,"15/08/2025, 18:30:00",false,false,,Não identificado,,,false
73122,"Congonha - Madureira, Rio de Janeiro - RJ, 21360-201, Brasil",Sudeste,Rio de Janeiro,Rio de Janeiro,MADUREIRA,,MORRO DA CONGONHA (COMPLEXO DO CAJUEIRO),-22.86285092,-43.33422047,"15/08/2025, 23:30:00",false,false,,Não identificado,,,false
73135,"Morro do Fubá (Complexo do Fubá) Rua Blumenau - Cascadura, Rio de Janeiro - RJ, Brasil",Sudeste,Rio de Janeiro,Rio de Janeiro,CASCADURA,,MORRO DO FUBA (COMPLEXO DO FUBA),-22.89185,-43.333757,"16/08/2025, 19:00:00",true,true,9 BPM,Ação policial,,,false
73128,"Rua Blumenau - Cascadura, Rio de Janeiro - RJ, Brasil",Sudeste,Rio de Janeiro,Rio de Janeiro,CASCADURA,,MORRO DO FUBA (COMPLEXO DO FUBA),-22.89185,-43.333757,"16/08/2025, 21:51:00",true,true,"9 BPM ",Ação policial,,,false
73133," Avenida Brasil - Guadalupe, Rio de Janeiro - RJ, Brasil",Sudeste,Rio de Janeiro,Rio de Janeiro,GUADALUPE,,,-22.8410586,-43.36899140000001,"17/08/2025, 09:10:00",false,false,,Tentativa/Roubo,,,false
73149,"Rua José Higino - Tijuca, Rio de Janeiro - RJ, Brasil",Sudeste,Rio de Janeiro,Rio de Janeiro,TIJUCA,,,-22.9294724,-43.2384994,"17/08/2025, 15:00:00",false,false,,Não identificado,,,false
73136,"Av. Jornalista Tim Lopes - Barra da Tijuca, Rio de Janeiro - RJ, 22640-105, Brasil",Sudeste,Rio de Janeiro,Rio de Janeiro,BARRA DA TIJUCA,,,-22.9969596262921,-43.34721161468048,"17/08/2025, 17:00:00",false,false,,Homicidio/Tentativa,,,false
73138,"Morro do Campinho (Complexo do Fubá) - Campinho, Rio de Janeiro - RJ, 21310-420, Brasil",Sudeste,Rio de Janeiro,Rio de Janeiro,CAMPINHO,,MORRO DO CAMPINHO (COMPLEXO DO FUBA),-22.884512010575897,-43.33905480213326,"17/08/2025, 18:54:00",false,false,,Não identificado,,,false
73147,"Morro dos Macacos - Vila Isabel, Rio de Janeiro - RJ, 20560, Brasil",Sudeste,Rio de Janeiro,Rio de Janeiro,VILA ISABEL,,MORRO DOS MACACOS,-22.911660252924577,-43.256233997344964,"17/08/2025, 21:24:00",false,false,,Não identificado,,,false
73145,"Morro da Congonha (Complexo do Cajueiro) - Madureira, Rio de Janeiro - RJ, 21360-201, Brasil",Sudeste,Rio de Janeiro,Rio de Janeiro,MADUREIRA,,MORRO DA CONGONHA (COMPLEXO DO CAJUEIRO),-22.86285092	,-43.33422047,"17/08/2025, 22:54:00",false,false,,Não identificado,,,false
73181,"Vilar Guanabara - Inhoaíba, Rio de Janeiro - RJ, Brasil",Sudeste,Rio de Janeiro,Rio de Janeiro,INHOAIBA,,VILAR GUANABARA,-22.9130364,-43.6014234,"17/08/2025, 23:00:00",false,false,,Homicidio/Tentativa,,Feminicídio/tentativa,false
73142,"Tauá, Rio de Janeiro - RJ, Brasil",Sudeste,Rio de Janeiro,Rio de Janeiro,TAUA,,,-22.8005228,-43.1868831,"18/08/2025, 00:00:00",true,true,17º BPM,Ação policial,,,false
73144,"Complexo do Chapadão - Costa Barros, Rio de Janeiro - RJ, 21650-020, Brasil",Sudeste,Rio de Janeiro,Rio de Janeiro,COSTA BARROS,,COMPLEXO DO CHAPADAO,-22.82326393,	-43.37707903,"18/08/2025, 03:00:00",false,false,,Não identificado,,,false
73140,"Morro do Dendê - Tauá, Rio de Janeiro - RJ, 21922-490, Brasil",Sudeste,Rio de Janeiro,Rio de Janeiro,TAUA,,MORRO DO DENDE,-22.802039,	-43.184899,"18/08/2025, 03:00:00",true,true,"17º BPM, 3º BPM, 22º BPM",Operação policial,,,false
73141,"Avenida Nazaré - Parque Anchieta, Rio de Janeiro - RJ, Brasil",Sudeste,Rio de Janeiro,Rio de Janeiro,PARQUE ANCHIETA,,COMPLEXO DO CHAPADAO,-22.8260876,-43.4013199,"18/08/2025, 04:26:00",false,false,,Não identificado,,,false
73165,"Jacarezinho, Rio de Janeiro - RJ, Brasil",Sudeste,Rio de Janeiro,Rio de Janeiro,JACAREZINHO,,JACAREZINHO,-22.8882154,-43.259736,"18/08/2025, 11:00:00",false,false,,Não identificado,,,false
73175,"Cidade de Deus - Cidade de Deus, Rio de Janeiro - RJ, Brasil",Sudeste,Rio de Janeiro,Rio de Janeiro,CIDADE DE DEUS,,CIDADE DE DEUS,-22.9465337,-43.3697151,"18/08/2025, 18:40:00",true,true,PC,Ação policial,,,false
73173,"Morro do Juramento (Complexo do Juramento) - Vicente de Carvalho, Rio de Janeiro - RJ, 21371-430, Brasil",Sudeste,Rio de Janeiro,Rio de Janeiro,VICENTE DE CARVALHO,,MORRO DO JURAMENTO (COMPLEXO DO JURAMENTO),-22.859866300200544,-43.31645622175353,"18/08/2025, 19:25:00",false,false,,Disputa,,,false
73177,"Morro do Campinho (Complexo do Fubá) - Campinho, Rio de Janeiro - RJ, 21310-420, Brasil",Sudeste,Rio de Janeiro,Rio de Janeiro,CAMPINHO,,MORRO DO CAMPINHO (COMPLEXO DO FUBA),-22.88475911973511,-43.33952687091988,"18/08/2025, 19:30:00",false,false,,Disputa,,,false
73176,"Morro da Primavera - Cavalcanti, Rio de Janeiro - RJ, 21370-280, Brasil",Sudeste,Rio de Janeiro,Rio de Janeiro,CAVALCANTI,,MORRO DA PRIMAVERA,-22.86902669	,-43.31696145,"18/08/2025, 20:05:00",false,false,,Disputa,,,false
73180,"Parque Arara - Benfica, Rio de Janeiro - RJ, 20970-300, Brasil",Sudeste,Rio de Janeiro,Rio de Janeiro,BENFICA,,PARQUE ARARA,-22.889444,	-43.239444,"19/08/2025, 00:00:00",false,false,,Não identificado,,,false
73179,"Morro do Jordão - Tanque, Rio de Janeiro - RJ, 22725-590, Brasil",Sudeste,Rio de Janeiro,Rio de Janeiro,TANQUE,,MORRO DO JORDAO,-22.91094354	,-43.37403875,"19/08/2025, 06:50:00",true,true,18º BPM,Ação policial,,,false
73186,"Anchieta, Rio de Janeiro - RJ, Brasil",Sudeste,Rio de Janeiro,Rio de Janeiro,ANCHIETA,,,-22.8208388,-43.396871,"19/08/2025, 20:30:00",false,false,,Não identificado,,,false
73188,"Morro do Dendê - Tauá, Rio de Janeiro - RJ, 21922-490, Brasil",Sudeste,Rio de Janeiro,Rio de Janeiro,TAUA,,MORRO DO DENDE,-22.802039,-43.184899,"20/08/2025, 03:20:00",true,true,DGPC,Operação policial,,,false
73196,"Rua Sebastião Bretas Farinelle, Vila Mallet - Jardim Sulacap, Rio de Janeiro - RJ, 21746-130, Brasil",Sudeste,Rio de Janeiro,Rio de Janeiro,JARDIM SULACAP,,VILA MALLET,-22.8804749,-43.4059323,"20/08/2025, 12:00:00",false,false,,Homicidio/Tentativa,,,false
73195,"Terra Nostra (Complexo da Pedreira) - Barros Filho, Rio de Janeiro - RJ, 21650-100, Brasil",Sudeste,Rio de Janeiro,Rio de Janeiro,BARROS FILHO,,FAVELA DA TERRA NOSTRA (COMPLEXO DA PEDREIRA),-22.830962755327786	,-43.36949804841683,"20/08/2025, 14:30:00",false,false,,Disputa,,,false
73203,"Favela Parque Dois Irmãos - Curicica, Rio de Janeiro - RJ, 22780-190, Brasil",Sudeste,Rio de Janeiro,Rio de Janeiro,CURICICA,,FAVELA PARQUE DOIS IRMAOS (CURICICA),-22.95105015,-43.39378358,"20/08/2025, 20:00:00",false,false,,Disputa,,,false
73198,"Rua Luiz Beltrão - Vila Valqueire, Rio de Janeiro - RJ, Brasil",Sudeste,Rio de Janeiro,Rio de Janeiro,VILA VALQUEIRE,,,-22.8875136,-43.3639283,"21/08/2025, 05:00:00",true,true,18º BPM,Tentativa/Roubo,,,false
73215,"Rua 24 de Maio - São Francisco Xavier, Rio de Janeiro - RJ, Brasil",Sudeste,Rio de Janeiro,Rio de Janeiro,SAO FRANCISCO XAVIER,,,-22.9023688,-43.2452235,"21/08/2025, 15:50:00",false,true,,Tentativa/Roubo,,,false
73212,"Morro do Juramentinho - Vicente de Carvalho, Rio de Janeiro - RJ, 21371-430, Brasil",Sudeste,Rio de Janeiro,Rio de Janeiro,VICENTE DE CARVALHO,,MORRO DO JURAMENTINHO (COMPLEXO DO JURAMENTO),-22.860558330276074,-43.31652059476989,"22/08/2025, 02:40:00",true,true,"3º BPM, 41º BPM, BOPE, GAM, GESAR",Operação policial,,,false
73211,"Morro do Juramento - Vicente de Carvalho, Rio de Janeiro, RJ, Brasil",Sudeste,Rio de Janeiro,Rio de Janeiro,VICENTE DE CARVALHO,,MORRO DO JURAMENTO (COMPLEXO DO JURAMENTO),-22.86204124	,-43.31545844,"22/08/2025, 03:10:00",true,true,"3º BPM, 41º BPM, BOPE, GAM, GESAR",Operação policial,,,false
73247,"Favela Parque Dois Irmãos - Curicica, Rio de Janeiro - RJ, 22780-190, Brasil",Sudeste,Rio de Janeiro,Rio de Janeiro,CURICICA,,FAVELA PARQUE DOIS IRMAOS (CURICICA),-22.95105015	,-43.39378358,"23/08/2025, 00:52:00",false,false,,Não identificado,,,false
73243,"Morro da Pedreira, Complexo da Pedreira - Pavuna, Rio de Janeiro - RJ, 21532-200, Brasil",Sudeste,Rio de Janeiro,Rio de Janeiro,PAVUNA,,MORRO DA PEDREIRA (COMPLEXO DA PEDREIRA),-22.82312466	,-43.35986703,"23/08/2025, 05:00:00",true,true,41 BPM,Ação policial,,,false
73244,"Favela Parque Dois Irmãos - Curicica, Rio de Janeiro - RJ, 22780-190, Brasil",Sudeste,Rio de Janeiro,Rio de Janeiro,CURICICA,,FAVELA PARQUE DOIS IRMAOS (CURICICA),-22.95105015,-43.39378358,"23/08/2025, 05:30:00",false,false,,Não identificado,,,false
73248,"Conjunto Habitacional Haroldo de Andrade (B13) - Barros Filho, Rio de Janeiro - RJ, 21665-210, Brasil",Sudeste,Rio de Janeiro,Rio de Janeiro,BARROS FILHO,,CONJUNTO HABITACIONAL HAROLDO DE ANDRADE (B13),-22.83167985	,-43.36762807,"23/08/2025, 06:12:00",false,false,,Não identificado,,,false
73245,"Vila da Penha, Rio de Janeiro - RJ, Brasil",Sudeste,Rio de Janeiro,Rio de Janeiro,VILA DA PENHA,,,-22.844146,-43.3094211,"23/08/2025, 17:23:00",false,false,,Não identificado,,,false
73266,"Complexo do Chapadão - Costa Barros, Rio de Janeiro - RJ, 21650-020, Brasil",Sudeste,Rio de Janeiro,Rio de Janeiro,COSTA BARROS,,COMPLEXO DO CHAPADAO,-22.82326393	,-43.37707903,"23/08/2025, 22:00:00",true,true,BOPE,Operação policial,,,false
73253,"Favela do Muquiço - Guadalupe, Rio de Janeiro - RJ, 21670-220, Brasil",Sudeste,Rio de Janeiro,Rio de Janeiro,GUADALUPE,,FAVELA DO MUQUICO,-22.84999622	,-43.37689349,"24/08/2025, 07:00:00",true,true,9º BPM,Ação policial,,,true
73253,"Favela do Muquiço - Guadalupe, Rio de Janeiro - RJ, 21670-220, Brasil",Sudeste,Rio de Janeiro,Rio de Janeiro,GUADALUPE,,FAVELA DO MUQUICO,-22.84999622	,-43.37689349,"24/08/2025, 07:00:00",true,true,9º BPM,Ação policial,,,true
73253,"Favela do Muquiço - Guadalupe, Rio de Janeiro - RJ, 21670-220, Brasil",Sudeste,Rio de Janeiro,Rio de Janeiro,GUADALUPE,,FAVELA DO MUQUICO,-22.84999622	,-43.37689349,"24/08/2025, 07:00:00",true,true,9º BPM,Ação policial,,,true
73347,"R. Francisco Real, 580 - Padre Miguel, Rio de Janeiro - RJ, Brasil",Sudeste,Rio de Janeiro,Rio de Janeiro,PADRE MIGUEL,,,-22.8788374,-43.4508345,"24/08/2025, 22:00:00",false,true,,Briga,,Bar,false
73257,"Morro dos Macacos - Vila Isabel, Rio de Janeiro - RJ, 20551-232, Brasil",Sudeste,Rio de Janeiro,Rio de Janeiro,VILA ISABEL,,MORRO DOS MACACOS,-22.91189634	,-43.25524243,"24/08/2025, 23:18:00",false,false,,Não identificado,,,false
73258,"Morro dos Macacos - Vila Isabel, Rio de Janeiro - RJ, 20551-232, Brasil",Sudeste,Rio de Janeiro,Rio de Janeiro,VILA ISABEL,,MORRO DOS MACACOS,-22.91189634	,-43.25524243,"25/08/2025, 00:20:00",false,false,,Não identificado,,,false
73256,"Senador Camará, Rio de Janeiro - RJ, Brasil",Sudeste,Rio de Janeiro,Rio de Janeiro,SENADOR CAMARA,,,-22.8727268,-43.4949441,"25/08/2025, 01:00:00",false,false,,Não identificado,,,false
73259,"Lins de Vasconcelos, Rio de Janeiro - RJ, Brasil",Sudeste,Rio de Janeiro,Rio de Janeiro,LINS DE VASCONCELOS,,,-22.9128722,-43.2845323,"25/08/2025, 03:00:00",false,false,,Não identificado,,,false
73276,"Fumacê - Realengo, Rio de Janeiro - RJ, 21730-001, Brasil",Sudeste,Rio de Janeiro,Rio de Janeiro,REALENGO,,FUMACE,-22.86858081,-43.42399939,"25/08/2025, 05:00:00",false,false,,Não identificado,,,false
73277,"Praça Seca, Rio de Janeiro - RJ, Brasil",Sudeste,Rio de Janeiro,Rio de Janeiro,PRACA SECA,,,-22.900353,-43.3540577,"25/08/2025, 11:00:00",false,true,,Tentativa/Roubo,,,false
73273,"R. Prof. Câncio Póvoa, Morro do Fubá - Cascadura, Rio de Janeiro - RJ, 21311-150, Brasil",Sudeste,Rio de Janeiro,Rio de Janeiro,CASCADURA,,MORRO DO FUBA (COMPLEXO DO FUBA),-22.892494,-43.3327547,"25/08/2025, 12:00:00",false,false,,Disputa,,,false
73282,"Cidade de Deus, Rio de Janeiro - RJ, 22753-056, Brasil",Sudeste,Rio de Janeiro,Rio de Janeiro,CIDADE DE DEUS,,CIDADE DE DEUS,-22.9467833,-43.3532638,"25/08/2025, 23:40:00",false,false,,Não identificado,,,false
73283,"Morro da Serrinha (Complexo da Serrinha) - Madureira, Rio de Janeiro - RJ, 21360-320, Brasil",Sudeste,Rio de Janeiro,Rio de Janeiro,MADUREIRA,,MORRO DA SERRINHA (COMPLEXO DA SERRINHA),-22.8666373,-43.3272437,"26/08/2025, 03:05:00",true,true,PC (DRE-CAP); PC (DGPE); PM (BOPE),Operação policial,,,false
73284,"Conjunto do IPASE - Vila Kosmos, Rio de Janeiro - RJ, 21210-840, Brasil",Sudeste,Rio de Janeiro,Rio de Janeiro,VILA KOSMOS,,CONJUNTO DO IPASE,-22.84845508	,-43.30446505,"26/08/2025, 03:14:00",true,true,PC (DRE-CAP); PC (DGPE); PM (BOPE),Operação policial,,Tiroteio contínuo,false
73285,"Morro da Fé (Complexo da Penha) - Penha, Rio de Janeiro - RJ, 21210-360, Brasil",Sudeste,Rio de Janeiro,Rio de Janeiro,PENHA,,MORRO DA FE (COMPLEXO DA PENHA),-22.845696682641417,-43.29601166614685,"26/08/2025, 03:15:00",true,true,PC (DRE-CAP); PC (DGPE); PM (BOPE),Operação policial,,,false
73287,"Favela da Flexal (Morro da GB) - Engenho da Rainha, Rio de Janeiro - RJ, 20766-650, Brasil",Sudeste,Rio de Janeiro,Rio de Janeiro,ENGENHO DA RAINHA,,FAVELA DA FLEXAL (MORRO DA GB),-22.8644633	,-43.2955654,"26/08/2025, 03:34:00",false,false,,Não identificado,,,false
73288,"Morro do Juramento (Complexo do Juramento) - Vicente de Carvalho, Rio de Janeiro, RJ, Brasil",Sudeste,Rio de Janeiro,Rio de Janeiro,VICENTE DE CARVALHO,,MORRO DO JURAMENTO (COMPLEXO DO JURAMENTO),-22.86204124	,-43.31545844,"26/08/2025, 03:40:00",true,true,PC (DRE-CAP); PC (DGPE); PM (BOPE),Operação policial,,,false
73289,"Conjunto do IPASE - Vila Kosmos, Rio de Janeiro - RJ, 21210-840, Brasil",Sudeste,Rio de Janeiro,Rio de Janeiro,VILA KOSMOS,,CONJUNTO DO IPASE,-22.84845508	,-43.30446505,"26/08/2025, 04:23:00",true,true,PC (DRE-CAP); PC (DGPE); PM (BOPE),Operação policial,,,false
73290,"Morro do Fubá (Complexo do Fubá) - Cascadura, Rio de Janeiro - RJ, 21311-130, Brasil",Sudeste,Rio de Janeiro,Rio de Janeiro,CASCADURA,,MORRO DO FUBA (COMPLEXO DO FUBA),-22.892324971301786	,-43.33377861518315,"26/08/2025, 04:27:00",true,true,PC (DRE-CAP); PC (DGPE); PM (BOPE),Operação policial,,,false
73293,"Parada de Lucas (Complexo de Israel), Rio de Janeiro - RJ, 21241-367, Brasil",Sudeste,Rio de Janeiro,Rio de Janeiro,PARADA DE LUCAS,,FAVELA PARADA DE LUCAS (COMPLEXO DE ISRAEL),-22.8133644,	-43.3013488,"26/08/2025, 05:05:00",false,false,,Não identificado,,,false
73294,"Favela da Flexal (Morro da GB) - Engenho da Rainha, Rio de Janeiro - RJ, 20766-650, Brasil",Sudeste,Rio de Janeiro,Rio de Janeiro,ENGENHO DA RAINHA,,FAVELA DA FLEXAL (MORRO DA GB),-22.8644633,	-43.2955654,"26/08/2025, 05:27:00",false,false,,Não identificado,,,false
73295,"Complexo da Penha - Penha, Rio de Janeiro - RJ, 21070-470, Brasil",Sudeste,Rio de Janeiro,Rio de Janeiro,PENHA,,COMPLEXO DA PENHA,-22.84557517,	-43.28296391,"26/08/2025, 06:15:00",true,true,PC (DRE-CAP); PC (DGPE); PM (BOPE),Operação policial,,,false
73297,"Engenho Novo, Rio de Janeiro - RJ, Brasil",Sudeste,Rio de Janeiro,Rio de Janeiro,ENGENHO NOVO,,,-22.9019487,-43.2690737,"26/08/2025, 07:26:00",true,true,UPP São João,Ação policial,,,false
73304,"B13- Barros Filho, Rio de Janeiro - RJ, 21665-210, Brasil",Sudeste,Rio de Janeiro,Rio de Janeiro,BARROS FILHO,,CONJUNTO HABITACIONAL HAROLDO DE ANDRADE (B13),-22.8323842,-43.3680871,"26/08/2025, 23:19:00",false,false,,Disputa,,,false
73305,"Morro do Fubá - Cascadura, Rio de Janeiro - RJ, 21311-130, Brasil",Sudeste,Rio de Janeiro,Rio de Janeiro,CASCADURA,,MORRO DO FUBA (COMPLEXO DO FUBA),-22.892324971301786,-43.33377861518315,"27/08/2025, 04:30:00",true,true,9 BPM,Ação policial,,,false
73318,"Favela de Antares - Santa Cruz, Rio de Janeiro - RJ, 23510-360, Brasil",Sudeste,Rio de Janeiro,Rio de Janeiro,SANTA CRUZ,,FAVELA DE ANTARES,-22.9212928	,-43.66281821,"27/08/2025, 10:00:00",false,false,,Homicidio/Tentativa,,Ataques armados sobre rodas,false
73320,"Estr. da Boiúna- Taquara, Rio de Janeiro - RJ, 22723-019, Brasil",Sudeste,Rio de Janeiro,Rio de Janeiro,TAQUARA,,BOIUNA,-22.907703108033637,-43.41102816832695,"27/08/2025, 12:00:00",false,false,,Não identificado,,,false
73325,"Rua Zacatecas, Conjunto Dr. Antonio Gonçalves, Bangu, Rio de Janeiro - RJ, 21854-210, Brasil",Sudeste,Rio de Janeiro,Rio de Janeiro,BANGU,,CONJUNTO DOUTOR ANTONIO GONCALVES,-22.844174159013402,-43.4920378480587,"27/08/2025, 20:00:00",false,false,,Homicidio/Tentativa,,,false
73321,"Estrada João Paulo - Proença Rosa, Barros Filho, Rio de Janeiro - RJ, Brasil",Sudeste,Rio de Janeiro,Rio de Janeiro,BARROS FILHO,,PROENCA ROSA,-22.8381525,-43.3624898,"28/08/2025, 02:38:00",true,true,41º BPM,Ação policial,,,false
73330,"Estrada do Guerenguê - Taquara, Rio de Janeiro - RJ, Brasil",Sudeste,Rio de Janeiro,Rio de Janeiro,TAQUARA,,,-22.9357501,-43.3825177,"28/08/2025, 11:00:00",false,false,,Ataque a civis,,Ataques armados sobre rodas,false
73331,"Rua Santos Titara - Todos os Santos, Rio de Janeiro - RJ, Brasil",Sudeste,Rio de Janeiro,Rio de Janeiro,TODOS OS SANTOS,,,-22.8996549,-43.2858126,"28/08/2025, 15:35:00",false,true,,Tentativa/Roubo,,,false
73331,"Rua Santos Titara - Todos os Santos, Rio de Janeiro - RJ, Brasil",Sudeste,Rio de Janeiro,Rio de Janeiro,TODOS OS SANTOS,,,-22.8996549,-43.2858126,"28/08/2025, 15:35:00",false,true,,Tentativa/Roubo,,,false
73331,"Rua Santos Titara - Todos os Santos, Rio de Janeiro - RJ, Brasil",Sudeste,Rio de Janeiro,Rio de Janeiro,TODOS OS SANTOS,,,-22.8996549,-43.2858126,"28/08/2025, 15:35:00",false,true,,Tentativa/Roubo,,,false
73339,"Rua Namur - Vila Valqueire, Rio de Janeiro - RJ, Brasil",Sudeste,Rio de Janeiro,Rio de Janeiro,VILA VALQUEIRE,,,-22.8831353,-43.3592705,"28/08/2025, 17:00:00",false,true,,Tentativa/Roubo,,,false
73341,"Vila do Pan - Condomínio Argentina - Edifício Buenos Aires - Avenida Cláudio Besserman Vianna - Barra Olimpica, Rio de Janeiro - RJ, Brasil",Sudeste,Rio de Janeiro,Rio de Janeiro,BARRA OLIMPICA,,,-22.9720516,-43.3603026,"28/08/2025, 19:00:00",false,true,,Tentativa/Roubo,,,false
73346,"Morro do Turano - Rio Comprido, Rio de Janeiro - RJ, 20261-004, Brasil",Sudeste,Rio de Janeiro,Rio de Janeiro,RIO COMPRIDO,,MORRO DO TURANO,-22.92595723	,-43.21575894,"29/08/2025, 03:00:00",false,false,,Não identificado,,,false
73350,"Rua Engenheiro Clóvis Daudt - Piedade, Rio de Janeiro - RJ, Brasil",Sudeste,Rio de Janeiro,Rio de Janeiro,PIEDADE,,,-22.9026361,-43.3107777,"29/08/2025, 11:00:00",false,true,,Tentativa/Roubo,,Ataques armados sobre rodas,false
73351,"Conjunto Guandu - Santa Cruz, Rio de Janeiro - RJ, 23570-150, Brasil",Sudeste,Rio de Janeiro,Rio de Janeiro,SANTA CRUZ,,CONJUNTO GUANDU,-22.9007739801193	,-43.70529926252208,"29/08/2025, 14:15:00",false,false,,Não identificado,,,false
73353,"Rua Ápia - Vila da Penha, Rio de Janeiro - RJ, Brasil",Sudeste,Rio de Janeiro,Rio de Janeiro,VILA DA PENHA,,,-22.8405873,-43.304372,"29/08/2025, 18:48:00",true,true,NI,Ação policial,,,false
73352,"Praia da Bica - Jardim Guanabara, Rio de Janeiro - RJ, Brasil",Sudeste,Rio de Janeiro,Rio de Janeiro,JARDIM GUANABARA,,,-22.8184219,-43.1972648,"29/08/2025, 19:45:00",false,false,,Não identificado,,,false
73368,"Merck - Estrada dos Bandeirantes - Taquara, Rio de Janeiro - RJ, Brasil",Sudeste,Rio de Janeiro,Rio de Janeiro,TAQUARA,,MERCK,-22.9324891,-43.3698282,"29/08/2025, 23:00:00",false,true,,Briga,,,false
73364,"Favela da Terra Nostra (Complexo da Pedreira) - Barros Filho, Rio de Janeiro - RJ, 21650-100, Brasil",Sudeste,Rio de Janeiro,Rio de Janeiro,BARROS FILHO,,FAVELA DA TERRA NOSTRA (COMPLEXO DA PEDREIRA),-22.830962755327786	,-43.36949804841683,"30/08/2025, 00:00:00",false,false,,Disputa,,,false
73361,"Favela da Terra Nostra (Complexo da Pedreira) - Barros Filho, Rio de Janeiro - RJ, 21650-100, Brasil",Sudeste,Rio de Janeiro,Rio de Janeiro,BARROS FILHO,,FAVELA DA TERRA NOSTRA (COMPLEXO DA PEDREIRA),-22.830962755327786	,-43.36949804841683,"30/08/2025, 04:00:00",false,false,,Disputa,,,false
73365,"Avenida Brasil - Vigário Geral, Rio de Janeiro - RJ, Brasil",Sudeste,Rio de Janeiro,Rio de Janeiro,VIGARIO GERAL,,,-22.8178981,-43.3083784,"30/08/2025, 06:00:00",true,true,BPVE,Ação policial,,Perseguição,false
73365,"Avenida Brasil - Vigário Geral, Rio de Janeiro - RJ, Brasil",Sudeste,Rio de Janeiro,Rio de Janeiro,VIGARIO GERAL,,,-22.8178981,-43.3083784,"30/08/2025, 06:00:00",true,true,BPVE,Ação policial,,Perseguição,false
73363,"Favela da Terra Nostra (Complexo da Pedreira) - Barros Filho, Rio de Janeiro - RJ, 21650-100, Brasil",Sudeste,Rio de Janeiro,Rio de Janeiro,BARROS FILHO,,FAVELA DA TERRA NOSTRA (COMPLEXO DA PEDREIRA),-22.830962755327786	,-43.36949804841683,"30/08/2025, 08:30:00",false,false,,Disputa,,,false
73366,"Favela da Terra Nostra (Complexo da Pedreira) - Barros Filho, Rio de Janeiro - RJ, 21650-100, Brasil",Sudeste,Rio de Janeiro,Rio de Janeiro,BARROS FILHO,,FAVELA DA TERRA NOSTRA (COMPLEXO DA PEDREIRA),-22.830962755327786	,-43.36949804841683,"30/08/2025, 10:23:00",false,false,,Disputa,,,false
73375,"Favela Terra Nostra (Complexo da Pedreira) - Barros Filho, Rio de Janeiro - RJ, 21650-100, Brasil",Sudeste,Rio de Janeiro,Rio de Janeiro,BARROS FILHO,,FAVELA DA TERRA NOSTRA (COMPLEXO DA PEDREIRA),-22.830992420135786,-43.3692942005317,"31/08/2025, 12:35:00",false,false,,Não identificado,,,false
73377,"Estrada do Otaviano - Turiaçú, Rio de Janeiro - RJ, Brasil",Sudeste,Rio de Janeiro,Rio de Janeiro,TURIACU,,,-22.8615338,-43.3436789,"01/09/2025, 03:30:00",true,true,PM (9 BPM),Ação policial,,,false
73383,"Morro da Babilônia - Urca, Rio de Janeiro - RJ, Brasil",Sudeste,Rio de Janeiro,Rio de Janeiro,LEME,,BABILONIA,-22.9569444,-43.16999999999999,"01/09/2025, 05:28:00",true,true,UPP,Ação policial,,,false
73385,"Complexo do Chapadão - Rua Javata - Anchieta, Rio de Janeiro - RJ, Brasil ",Sudeste,Rio de Janeiro,Rio de Janeiro,ANCHIETA,,COMPLEXO DO CHAPADAO,-22.8229179,-43.3863428,"01/09/2025, 05:30:00",true,true,PM (COE),Operação policial,,,false
73385,"Complexo do Chapadão - Rua Javata - Anchieta, Rio de Janeiro - RJ, Brasil ",Sudeste,Rio de Janeiro,Rio de Janeiro,ANCHIETA,,COMPLEXO DO CHAPADAO,-22.8229179,-43.3863428,"01/09/2025, 05:30:00",true,true,PM (COE),Operação policial,,,false
73385,"Complexo do Chapadão - Rua Javata - Anchieta, Rio de Janeiro - RJ, Brasil ",Sudeste,Rio de Janeiro,Rio de Janeiro,ANCHIETA,,COMPLEXO DO CHAPADAO,-22.8229179,-43.3863428,"01/09/2025, 05:30:00",true,true,PM (COE),Operação policial,,,false
73804,"Batan - Realengo, Rio de Janeiro - RJ, 21730-410, Brasil",Sudeste,Rio de Janeiro,Rio de Janeiro,REALENGO,,BATAN,-22.86244519	,-43.42516286,"01/09/2025, 07:00:00",false,false,,Não identificado,,,false
73406,"Morro da Mangueira - Mangueira, Rio de Janeiro - RJ, 20943-000, Brasil",Sudeste,Rio de Janeiro,Rio de Janeiro,MANGUEIRA,,MANGUEIRA,-22.90514541	,-43.23489755,"02/09/2025, 03:00:00",true,true,COE,Operação policial,,,false
73426,"Morro dos Macacos - Vila Isabel, Rio de Janeiro - RJ, 20560-130, Brasil",Sudeste,Rio de Janeiro,Rio de Janeiro,VILA ISABEL,,MORRO DOS MACACOS,-22.91189634,-43.259677953720086,"02/09/2025, 12:00:00",false,false,,Não identificado,,,false
73427,"Av. Chrisóstomo Pimentel de Oliveira (Estrada Rio do Pau)  - Pavuna, Rio de Janeiro - RJ, 21650-002, Brasil",Sudeste,Rio de Janeiro,Rio de Janeiro,PAVUNA,,,-22.813950849310427,-43.37836756176299,"02/09/2025, 14:00:00",true,true,41 BPM,Tentativa/Roubo,,,false
73431,"R. André Rocha- Taquara, Rio de Janeiro - RJ, 22710-567, Brasil",Sudeste,Rio de Janeiro,Rio de Janeiro,TAQUARA,,,-22.929289672579834,-43.373845739286814,"02/09/2025, 20:50:00",false,false,,Disputa,,,false
73431,"R. André Rocha- Taquara, Rio de Janeiro - RJ, 22710-567, Brasil",Sudeste,Rio de Janeiro,Rio de Janeiro,TAQUARA,,,-22.929289672579834,-43.373845739286814,"02/09/2025, 20:50:00",false,false,,Disputa,,,false
73431,"R. André Rocha- Taquara, Rio de Janeiro - RJ, 22710-567, Brasil",Sudeste,Rio de Janeiro,Rio de Janeiro,TAQUARA,,,-22.929289672579834,-43.373845739286814,"02/09/2025, 20:50:00",false,false,,Disputa,,,false
73431,"R. André Rocha- Taquara, Rio de Janeiro - RJ, 22710-567, Brasil",Sudeste,Rio de Janeiro,Rio de Janeiro,TAQUARA,,,-22.929289672579834,-43.373845739286814,"02/09/2025, 20:50:00",false,false,,Disputa,,,false
73428,"Avenida Dom Hélder Câmara - Pilares, Rio de Janeiro - RJ, Brasil",Sudeste,Rio de Janeiro,Rio de Janeiro,PILARES,,,-22.8821786,-43.295088,"02/09/2025, 23:24:00",true,true,03º BPM,Ação policial,,,false
73430,"Morro dos Macacos - Rua Conselheiro Otaviano - Vila Isabel, Rio de Janeiro - RJ, Brasil",Sudeste,Rio de Janeiro,Rio de Janeiro,VILA ISABEL,,MORRO DOS MACACOS,-22.9123861,-43.2497699,"03/09/2025, 06:23:00",false,false,,Não identificado,,,false
73440,"Vila do João - Maré, Rio de Janeiro - RJ, 21046-630, Brasil",Sudeste,Rio de Janeiro,Rio de Janeiro,MARE,,VILA DO JOAO (COMPLEXO DA MARE),-22.8723298,-43.2390005,"03/09/2025, 08:57:00",false,false,,Não identificado,,,false
73441,"Praça Avaí - Cachambi, Rio de Janeiro - RJ, Brasil",Sudeste,Rio de Janeiro,Rio de Janeiro,CACHAMBI,,,-22.8923711,-43.2768808,"03/09/2025, 18:15:00",false,false,,Não identificado,,,false
73500,"Rio das Pedras - Jacarepaguá, Rio de Janeiro - RJ, 22753-650, Brasil",Sudeste,Rio de Janeiro,Rio de Janeiro,JACAREPAGUA,,RIO DAS PEDRAS,-22.973760196895107,-43.33392864432862,"03/09/2025, 21:00:00",false,false,,Ataque a civis,,,false
73444,"Praça Damasco - Senador Camará, Rio de Janeiro - RJ, Brasil",Sudeste,Rio de Janeiro,Rio de Janeiro,SENADOR CAMARA,,,-22.8760998,-43.4832725,"04/09/2025, 06:45:00",true,true,"CORE, BOPE, DRE, 14BPM, RECOM",Operação policial,,,true
73444,"Praça Damasco - Senador Camará, Rio de Janeiro - RJ, Brasil",Sudeste,Rio de Janeiro,Rio de Janeiro,SENADOR CAMARA,,,-22.8760998,-43.4832725,"04/09/2025, 06:45:00",true,true,"CORE, BOPE, DRE, 14BPM, RECOM",Operação policial,,,true
73444,"Praça Damasco - Senador Camará, Rio de Janeiro - RJ, Brasil",Sudeste,Rio de Janeiro,Rio de Janeiro,SENADOR CAMARA,,,-22.8760998,-43.4832725,"04/09/2025, 06:45:00",true,true,"CORE, BOPE, DRE, 14BPM, RECOM",Operação policial,,,true
73444,"Praça Damasco - Senador Camará, Rio de Janeiro - RJ, Brasil",Sudeste,Rio de Janeiro,Rio de Janeiro,SENADOR CAMARA,,,-22.8760998,-43.4832725,"04/09/2025, 06:45:00",true,true,"CORE, BOPE, DRE, 14BPM, RECOM",Operação policial,,,true
73444,"Praça Damasco - Senador Camará, Rio de Janeiro - RJ, Brasil",Sudeste,Rio de Janeiro,Rio de Janeiro,SENADOR CAMARA,,,-22.8760998,-43.4832725,"04/09/2025, 06:45:00",true,true,"CORE, BOPE, DRE, 14BPM, RECOM",Operação policial,,,true
73444,"Praça Damasco - Senador Camará, Rio de Janeiro - RJ, Brasil",Sudeste,Rio de Janeiro,Rio de Janeiro,SENADOR CAMARA,,,-22.8760998,-43.4832725,"04/09/2025, 06:45:00",true,true,"CORE, BOPE, DRE, 14BPM, RECOM",Operação policial,,,true
73447,"Morro dos Macacos - Vila Isabel, Rio de Janeiro - RJ, 20551-232, Brasil",Sudeste,Rio de Janeiro,Rio de Janeiro,VILA ISABEL,,MORRO DOS MACACOS,-22.91189634	,-43.25524243,"04/09/2025, 12:00:00",false,false,,Não identificado,,,false
73455,"Chácara do Céu - Tijuca, Rio de Janeiro - RJ, 20530-400, Brasil",Sudeste,Rio de Janeiro,Rio de Janeiro,TIJUCA,,CHACARA DO CEU (TIJUCA),-22.9353782	,-43.2531083,"04/09/2025, 12:00:00",true,true,UPP Borel,Ação policial,,,false
73478,"Barata - Rua Claudino Barata - Realengo, Rio de Janeiro - RJ, Brasil",Sudeste,Rio de Janeiro,Rio de Janeiro,REALENGO,,BARATA,-22.8904014,-43.4418193,"04/09/2025, 18:00:00",false,false,,Homicidio/Tentativa,,,false
73475,"Morro dos Macacos - Vila Isabel, Rio de Janeiro - RJ, 20551-232, Brasil",Sudeste,Rio de Janeiro,Rio de Janeiro,VILA ISABEL,,MORRO DOS MACACOS,-22.91189634	,-43.25524243,"05/09/2025, 07:06:00",false,false,,Não identificado,,,false
73483,"Gardênia Azul, Rio de Janeiro - RJ, Brasil",Sudeste,Rio de Janeiro,Rio de Janeiro,GARDENIA AZUL,,,-22.9582037,-43.3529536,"05/09/2025, 10:00:00",true,true,18º BPM,Ação policial,,,false
73483,"Gardênia Azul, Rio de Janeiro - RJ, Brasil",Sudeste,Rio de Janeiro,Rio de Janeiro,GARDENIA AZUL,,,-22.9582037,-43.3529536,"05/09/2025, 10:00:00",true,true,18º BPM,Ação policial,,,false
73488,"Morro dos Macacos  - Vila Isabel, Rio de Janeiro - RJ, 20551-230, Brasil",Sudeste,Rio de Janeiro,Rio de Janeiro,VILA ISABEL,,MORRO DOS MACACOS,-22.913043781496057,-43.25737125396728,"05/09/2025, 16:15:00",false,false,,Não identificado,,,false
73490,"Baixa do Sapateiro - Maré, Rio de Janeiro - RJ, 21042-130, Brasil",Sudeste,Rio de Janeiro,Rio de Janeiro,MARE,,BAIXA DO SAPATEIRO (COMPLEXO DA MARE),-22.859829508911677,-43.24125126007997,"05/09/2025, 17:20:00",false,false,,Não identificado,,,false
73487,"Rua Godofredo Viana - Tanque, Rio de Janeiro - RJ, Brasil",Sudeste,Rio de Janeiro,Rio de Janeiro,TANQUE,,,-22.9145126,-43.3650302,"05/09/2025, 17:24:00",false,false,,Não identificado,,,false
73491,"Favela do Kelsons - Penha Circular, Rio de Janeiro - RJ, 21011-060, Brasil",Sudeste,Rio de Janeiro,Rio de Janeiro,PENHA CIRCULAR,,FAVELA DA KELSONS,-22.8226253	,-43.27368751,"06/09/2025, 01:00:00",true,true,16 BPM,Ação policial,,,false
73491,"Favela do Kelsons - Penha Circular, Rio de Janeiro - RJ, 21011-060, Brasil",Sudeste,Rio de Janeiro,Rio de Janeiro,PENHA CIRCULAR,,FAVELA DA KELSONS,-22.8226253	,-43.27368751,"06/09/2025, 01:00:00",true,true,16 BPM,Ação policial,,,false
73491,"Favela do Kelsons - Penha Circular, Rio de Janeiro - RJ, 21011-060, Brasil",Sudeste,Rio de Janeiro,Rio de Janeiro,PENHA CIRCULAR,,FAVELA DA KELSONS,-22.8226253	,-43.27368751,"06/09/2025, 01:00:00",true,true,16 BPM,Ação policial,,,false
73491,"Favela do Kelsons - Penha Circular, Rio de Janeiro - RJ, 21011-060, Brasil",Sudeste,Rio de Janeiro,Rio de Janeiro,PENHA CIRCULAR,,FAVELA DA KELSONS,-22.8226253	,-43.27368751,"06/09/2025, 01:00:00",true,true,16 BPM,Ação policial,,,false
73510,"Av. Brasil, Barros Filho, Rio de Janeiro - RJ, 20930-040, Brasil",Sudeste,Rio de Janeiro,Rio de Janeiro,BARROS FILHO,,,-22.83638393427452,-43.3632185151796,"06/09/2025, 19:00:00",true,true,BPVE,Ação policial,,,false
73512,"Praça Seca, Rio de Janeiro - RJ, Brasil",Sudeste,Rio de Janeiro,Rio de Janeiro,PRACA SECA,,,-22.900353,-43.3540577,"07/09/2025, 07:00:00",true,true,18º BPM,Ação policial,,,false
73512,"Praça Seca, Rio de Janeiro - RJ, Brasil",Sudeste,Rio de Janeiro,Rio de Janeiro,PRACA SECA,,,-22.900353,-43.3540577,"07/09/2025, 07:00:00",true,true,18º BPM,Ação policial,,,false
73512,"Praça Seca, Rio de Janeiro - RJ, Brasil",Sudeste,Rio de Janeiro,Rio de Janeiro,PRACA SECA,,,-22.900353,-43.3540577,"07/09/2025, 07:00:00",true,true,18º BPM,Ação policial,,,false
73515,"Usina - Tijuca, Rio de Janeiro - RJ, Brasil",Sudeste,Rio de Janeiro,Rio de Janeiro,TIJUCA,USINA,,-22.9449745,-43.2585135,"08/09/2025, 05:50:00",false,false,,Não identificado,,,false
73537,"Rua Dedo de Deus, Morro do Camarista - Engenho de Dentro, Rio de Janeiro - RJ, Brasil",Sudeste,Rio de Janeiro,Rio de Janeiro,ENGENHO DE DENTRO,,MORRO DA CAMARISTA (COMPLEXO DO LINS),-22.914612,-43.297832,"08/09/2025, 12:00:00",true,true,3BPM,Ação policial,,,false
73542,"Rua Cândido Benício - Praça Seca, Rio de Janeiro - RJ, Brasil",Sudeste,Rio de Janeiro,Rio de Janeiro,PRACA SECA,,,-22.9003701,-43.3540593,"08/09/2025, 12:00:00",false,false,,Homicidio/Tentativa,,,false
73530,"Morro do Campinho (Complexo do Fubá), Rua Cajuru - Cascadura, Rio de Janeiro - RJ, Brasil",Sudeste,Rio de Janeiro,Rio de Janeiro,CASCADURA,,MORRO DO CAMPINHO (COMPLEXO DO FUBA),-22.8848691,-43.3354345,"08/09/2025, 14:20:00",true,true,BPChoq,Ação policial,,,false
73535,"Rua José da Motta, Vila Pompeia - Ricardo de Albuquerque, Rio de Janeiro - RJ, Brasil",Sudeste,Rio de Janeiro,Rio de Janeiro,RICARDO DE ALBUQUERQUE,,VILA POMPEIA,-22.8427229,-43.4013365,"08/09/2025, 17:20:00",false,false,,Homicidio/Tentativa,,,false
73539,"Complexo do Chapadão - Costa Barros, Rio de Janeiro - RJ, 21650-020, Brasil",Sudeste,Rio de Janeiro,Rio de Janeiro,COSTA BARROS,,COMPLEXO DO CHAPADAO,-22.82326393	,-43.37707903,"09/09/2025, 05:03:00",true,true,41º BPM,Operação policial,,,false
73548,"Praia de Guaratiba, Pedra de Guaratiba, Rio de Janeiro, Brasil",Sudeste,Rio de Janeiro,Rio de Janeiro,PEDRA DE GUARATIBA,,,-23.0037597,-43.6404795,"09/09/2025, 19:00:00",false,false,,Disputa,,"Ataques armados sobre rodas,Outros",false
73548,"Praia de Guaratiba, Pedra de Guaratiba, Rio de Janeiro, Brasil",Sudeste,Rio de Janeiro,Rio de Janeiro,PEDRA DE GUARATIBA,,,-23.0037597,-43.6404795,"09/09/2025, 19:00:00",false,false,,Disputa,,"Ataques armados sobre rodas,Outros",false
73548,"Praia de Guaratiba, Pedra de Guaratiba, Rio de Janeiro, Brasil",Sudeste,Rio de Janeiro,Rio de Janeiro,PEDRA DE GUARATIBA,,,-23.0037597,-43.6404795,"09/09/2025, 19:00:00",false,false,,Disputa,,"Ataques armados sobre rodas,Outros",false
73554,"Complexo da Serrinha - Madureira, Rio de Janeiro - RJ, 21370-030, Brasil",Sudeste,Rio de Janeiro,Rio de Janeiro,MADUREIRA,,COMPLEXO DA SERRINHA,-22.87059846	,-43.33228522,"09/09/2025, 19:00:00",false,false,,Não identificado,,,false
73546," Recreio dos Bandeirantes, Rio de Janeiro - RJ, 22795-009, Brasil",Sudeste,Rio de Janeiro,Rio de Janeiro,RECREIO DOS BANDEIRANTES,,,-23.030116706963014,-43.46995699364013,"09/09/2025, 20:08:00",false,false,,Homicidio/Tentativa,,"Ataques armados sobre rodas,Outros",false
73546," Recreio dos Bandeirantes, Rio de Janeiro - RJ, 22795-009, Brasil",Sudeste,Rio de Janeiro,Rio de Janeiro,RECREIO DOS BANDEIRANTES,,,-23.030116706963014,-43.46995699364013,"09/09/2025, 20:08:00",false,false,,Homicidio/Tentativa,,"Ataques armados sobre rodas,Outros",false
73549,"Favela do Terreirão - Recreio dos Bandeirantes, Rio de Janeiro - RJ, 22795-150, Brasil",Sudeste,Rio de Janeiro,Rio de Janeiro,RECREIO DOS BANDEIRANTES,,FAVELA DO TERREIRAO,-23.02478446	,-43.47595282,"09/09/2025, 20:30:00",false,false,,Disputa,,Ataques armados sobre rodas,false
73555,"Favela da Terra Nostra (Complexo da Pedreira) - Barros Filho, Rio de Janeiro - RJ, 21650-100, Brasil",Sudeste,Rio de Janeiro,Rio de Janeiro,BARROS FILHO,,FAVELA DA TERRA NOSTRA (COMPLEXO DA PEDREIRA),-22.830962755327786	,-43.36949804841683,"09/09/2025, 21:26:00",false,false,,Não identificado,,,false
73560,"Rio Comprido, Rio de Janeiro - RJ, Brasil",Sudeste,Rio de Janeiro,Rio de Janeiro,RIO COMPRIDO,,,-22.9252121,-43.2053745,"10/09/2025, 14:00:00",true,true,PC (6 DP),Ação policial,,,false
73568,"Vila Kennedy, Rio de Janeiro - RJ, 21853-430, Brasil",Sudeste,Rio de Janeiro,Rio de Janeiro,VILA KENNEDY,,VILA KENNEDY,-22.854045679727008,-43.48549409193971,"11/09/2025, 03:50:00",true,true,14º BPM,Operação policial,,,false
73572,"Cascadura, Rio de Janeiro - RJ, 21350-031, Brasil",Sudeste,Rio de Janeiro,Rio de Janeiro,CASCADURA,,,-22.88075662230106,-43.32676433995056,"11/09/2025, 12:00:00",true,true,"3BPM ",Ação policial,,,false
73573," Osvaldo Cruz, Rio de Janeiro - RJ, 21341-030, Brasil",Sudeste,Rio de Janeiro,Rio de Janeiro,OSVALDO CRUZ,,,-22.8748921,-43.3512645,"11/09/2025, 16:00:00",false,false,,Briga,,,false
73573," Osvaldo Cruz, Rio de Janeiro - RJ, 21341-030, Brasil",Sudeste,Rio de Janeiro,Rio de Janeiro,OSVALDO CRUZ,,,-22.8748921,-43.3512645,"11/09/2025, 16:00:00",false,false,,Briga,,,false
73575,"Av. Ernani Cardoso, Cascadura, Rio de Janeiro - RJ, 21310-310, Brasil",Sudeste,Rio de Janeiro,Rio de Janeiro,CASCADURA,,,-22.8823037,-43.3336401,"11/09/2025, 18:53:00",false,false,,Não identificado,,,false
73576,"Morro do Gambá (Complexo do Lins) - Lins de Vasconcelos, Rio de Janeiro - RJ, 20725-160, Brasil",Sudeste,Rio de Janeiro,Rio de Janeiro,LINS DE VASCONCELOS,,MORRO DO GAMBA (COMPLEXO DO LINS),-22.91404661	,-43.28579698,"12/09/2025, 03:40:00",true,true,"SSI, BOPE, CORE",Operação policial,,,false
73576,"Morro do Gambá (Complexo do Lins) - Lins de Vasconcelos, Rio de Janeiro - RJ, 20725-160, Brasil",Sudeste,Rio de Janeiro,Rio de Janeiro,LINS DE VASCONCELOS,,MORRO DO GAMBA (COMPLEXO DO LINS),-22.91404661	,-43.28579698,"12/09/2025, 03:40:00",true,true,"SSI, BOPE, CORE",Operação policial,,,false
73576,"Morro do Gambá (Complexo do Lins) - Lins de Vasconcelos, Rio de Janeiro - RJ, 20725-160, Brasil",Sudeste,Rio de Janeiro,Rio de Janeiro,LINS DE VASCONCELOS,,MORRO DO GAMBA (COMPLEXO DO LINS),-22.91404661	,-43.28579698,"12/09/2025, 03:40:00",true,true,"SSI, BOPE, CORE",Operação policial,,,false
73583,"Av. Dom Hélder Câmara, Piedade, Rio de Janeiro - RJ, 20751-001, Brasil",Sudeste,Rio de Janeiro,Rio de Janeiro,PIEDADE,,,-22.886223604345318,-43.30786572963868,"12/09/2025, 08:00:00",false,true,,Tentativa/Roubo,,,false
73585,"R. Martim Pescador, Morro do Barbante, Galeão, Rio de Janeiro - RJ, 21941-480, Brasil",Sudeste,Rio de Janeiro,Rio de Janeiro,GALEAO,,FAVELA DO BARBANTE,-22.811543015005796,-43.22793093425446,"12/09/2025, 11:00:00",false,false,,Disputa,,,false
73585,"R. Martim Pescador, Morro do Barbante, Galeão, Rio de Janeiro - RJ, 21941-480, Brasil",Sudeste,Rio de Janeiro,Rio de Janeiro,GALEAO,,FAVELA DO BARBANTE,-22.811543015005796,-43.22793093425446,"12/09/2025, 11:00:00",false,false,,Disputa,,,false
73585,"R. Martim Pescador, Morro do Barbante, Galeão, Rio de Janeiro - RJ, 21941-480, Brasil",Sudeste,Rio de Janeiro,Rio de Janeiro,GALEAO,,FAVELA DO BARBANTE,-22.811543015005796,-43.22793093425446,"12/09/2025, 11:00:00",false,false,,Disputa,,,false
73586,"Vila Pompeia - R. Pereira da Rocha - Ricardo de Albuquerque, Rio de Janeiro - RJ, 21620-490, Brasil",Sudeste,Rio de Janeiro,Rio de Janeiro,RICARDO DE ALBUQUERQUE,,VILA POMPEIA,-22.841610691862382," -43.40200807735718","12/09/2025, 11:25:00",false,true,,Homicidio/Tentativa,,Bar,false
73595,"Estr. dos Sete Riachos, Santíssimo, Rio de Janeiro - RJ, 23098-006, Brasil",Sudeste,Rio de Janeiro,Rio de Janeiro,SANTISSIMO,,,-22.862408743942332,-43.524917356483456,"13/09/2025, 06:39:00",true,true,PM (40 BPM),Tentativa/Roubo,,Perseguição,false
73594,"Vila Aliança, Estr. do Engenho, Bangu, Rio de Janeiro - RJ, 21840-000, Brasil",Sudeste,Rio de Janeiro,Rio de Janeiro,BANGU,,VILA ALIANCA,-22.8613074,-43.4724283,"13/09/2025, 07:00:00",false,false,,Homicidio/Tentativa,,,false
73594,"Vila Aliança, Estr. do Engenho, Bangu, Rio de Janeiro - RJ, 21840-000, Brasil",Sudeste,Rio de Janeiro,Rio de Janeiro,BANGU,,VILA ALIANCA,-22.8613074,-43.4724283,"13/09/2025, 07:00:00",false,false,,Homicidio/Tentativa,,,false
73594,"Vila Aliança, Estr. do Engenho, Bangu, Rio de Janeiro - RJ, 21840-000, Brasil",Sudeste,Rio de Janeiro,Rio de Janeiro,BANGU,,VILA ALIANCA,-22.8613074,-43.4724283,"13/09/2025, 07:00:00",false,false,,Homicidio/Tentativa,,,false
73600,"Campinho, Rio de Janeiro - RJ, 21341-370, Brasil",Sudeste,Rio de Janeiro,Rio de Janeiro,CAMPINHO,,,-22.884626591049383,-43.347501776196296,"13/09/2025, 18:00:00",false,false,,Não identificado,,,false
73611,"Rua Valdir Azevedo - Bairro Adriana, Campo Grande, Rio de Janeiro - RJ, Brasil",Sudeste,Rio de Janeiro,Rio de Janeiro,CAMPO GRANDE,BAIRRO ADRIANA,,-22.8854093,-43.5491935,"13/09/2025, 19:00:00",false,false,,Tentativa/Roubo,,,false
73605,"Rua Sousa Cruz, Andaraí, Rio de Janeiro - RJ, 20510-280, Brasil",Sudeste,Rio de Janeiro,Rio de Janeiro,ANDARAI,,,-22.9273041,-43.248775,"14/09/2025, 08:00:00",false,false,,Não identificado,,,false
73603,"Morro do Borel, Tijuca, Rio de Janeiro - RJ, 20530-420, Brasil",Sudeste,Rio de Janeiro,Rio de Janeiro,TIJUCA,,MORRO DO BOREL,-22.938752478320808,-43.2530665116394,"14/09/2025, 09:00:00",false,false,,Não identificado,,,false
73613,"Complexo do Chapadão - Costa Barros, Rio de Janeiro - RJ, 21650-020, Brasil",Sudeste,Rio de Janeiro,Rio de Janeiro,COSTA BARROS,,COMPLEXO DO CHAPADAO,-22.82326393	,-43.37707903,"15/09/2025, 05:00:00",true,true,41º BPM,Ação policial,,,false
73621,"Cemitério de Inhaúma, Inhaúma, Rio de Janeiro - RJ, 20765-630, Brasil",Sudeste,Rio de Janeiro,Rio de Janeiro,INHAUMA,,,-22.8773414," -43.2814357","15/09/2025, 07:00:00",false,false,,Homicidio/Tentativa,,,false
73621,"Cemitério de Inhaúma, Inhaúma, Rio de Janeiro - RJ, 20765-630, Brasil",Sudeste,Rio de Janeiro,Rio de Janeiro,INHAUMA,,,-22.8773414," -43.2814357","15/09/2025, 07:00:00",false,false,,Homicidio/Tentativa,,,false
73670,"Viaduto Deputado Waldemar Viana - Padre Miguel, Rio de Janeiro - RJ, 21715-310, Brasil",Sudeste,Rio de Janeiro,Rio de Janeiro,PADRE MIGUEL,,,-22.875186416167068,-43.446764173937616,"15/09/2025, 12:00:00",false,false,,Homicidio/Tentativa,,,false
77147,"Favela do Gouveia - Paciência, Rio de Janeiro - RJ, 23575-464, Brasil",Sudeste,Rio de Janeiro,Rio de Janeiro,PACIENCIA,,FAVELA DO GOUVEIA,-22.927819518365600,-43.624812894720400,"15/09/2025, 22:40:00",false,false,,Não identificado,,,false
73634,"Morro dos Macacos - Vila Isabel, Rio de Janeiro - RJ, 20551-232, Brasil",Sudeste,Rio de Janeiro,Rio de Janeiro,VILA ISABEL,,MORRO DOS MACACOS,-22.91189634,-43.25524243,"16/09/2025, 03:30:00",false,false,,Não identificado,,,false
73635,"Morro da Mangueira - Mangueira, Rio de Janeiro - RJ, 20943-000, Brasil",Sudeste,Rio de Janeiro,Rio de Janeiro,MANGUEIRA,,MANGUEIRA,-22.90514541	,-43.23489755,"16/09/2025, 03:37:00",true,true,PC (DPMA); PC (DGPE); PC (DGPC); PC (DGPB); PC (DGPI); PC (CORE); PC (Ssinte); MPRJ (Gaema); SEAS; Inea; PF; PRF; Ibama,Operação policial,,,false
73678,"Paciência, Rio de Janeiro - RJ, Brasil",Sudeste,Rio de Janeiro,Rio de Janeiro,PACIENCIA,,,-22.8837995,-43.6389605,"16/09/2025, 12:00:00",false,false,,Homicidio/Tentativa,,,false
73653,"Conjunto César Maia - Vargem Pequena, Rio de Janeiro - RJ, 22783-116, Brasil",Sudeste,Rio de Janeiro,Rio de Janeiro,VARGEM PEQUENA,,CONJUNTO CESAR MAIA,-22.9905516,	-43.43146907,"16/09/2025, 14:30:00",false,false,,Não identificado,,,false
73654,"Morro do Urubu, Pilares, Rio de Janeiro - RJ, 20751-300, Brasil",Sudeste,Rio de Janeiro,Rio de Janeiro,PILARES,,MORRO DO URUBU (COMPLEXO DO URUBU),-22.878521361,-43.3034615126,"16/09/2025, 23:00:00",false,false,,Disputa,,,false
73664,"Vila Kennedy - Vila Kennedy, Rio de Janeiro - RJ, 21850-010, Brasil",Sudeste,Rio de Janeiro,Rio de Janeiro,VILA KENNEDY,,VILA KENNEDY,-22.86067619,-43.48783756,"17/09/2025, 06:00:00",true,true,"DRE, 34ª DP, CORE, DGPE, DGPC, SEAP",Operação policial,,,false
73659,"Favela Parque Dois Irmãos (Curicica) ,Curicica, Rio de Janeiro - RJ, 22780-190, Brasil",Sudeste,Rio de Janeiro,Rio de Janeiro,CURICICA,,FAVELA PARQUE DOIS IRMAOS (CURICICA),-22.95105015,-43.39378358,"17/09/2025, 06:00:00",true,true,"18BPM ",Ação policial,,,false
73659,"Favela Parque Dois Irmãos (Curicica) ,Curicica, Rio de Janeiro - RJ, 22780-190, Brasil",Sudeste,Rio de Janeiro,Rio de Janeiro,CURICICA,,FAVELA PARQUE DOIS IRMAOS (CURICICA),-22.95105015,-43.39378358,"17/09/2025, 06:00:00",true,true,"18BPM ",Ação policial,,,false
73667,"R. Pref. Olímpio de Melo - Benfica, Rio de Janeiro - RJ, 20930-005, Brasil",Sudeste,Rio de Janeiro,Rio de Janeiro,BENFICA,,,-22.890701454929367,-43.23474039685898,"17/09/2025, 12:00:00",false,false,,Tentativa/Roubo,,,false
73668,"Morro do Campinho (Complexo do Fubá) - Campinho, Rio de Janeiro - RJ, 21310-420, Brasil",Sudeste,Rio de Janeiro,Rio de Janeiro,CAMPINHO,,MORRO DO CAMPINHO (COMPLEXO DO FUBA),-22.885095187469716,-43.337456205560386,"17/09/2025, 19:15:00",false,false,,Disputa,,Outros,false
73671,"Morro do Barbante (Vila Joaniza) - Galeão, Rio de Janeiro - RJ, 21941-660, Brasil",Sudeste,Rio de Janeiro,Rio de Janeiro,GALEAO,,MORRO DO BARBANTE (OU VILA JOANIZA),-22.81324966,	-43.22954715,"18/09/2025, 05:32:00",true,true,"Draco-IE, Core",Operação policial,,,false
73679,"Rua Cândido Benício - Praça Seca, Rio de Janeiro - RJ, Brasil",Sudeste,Rio de Janeiro,Rio de Janeiro,PRACA SECA,,,-22.9003701,-43.3540593,"18/09/2025, 09:00:00",false,false,,Homicidio/Tentativa,,,false
73679,"Rua Cândido Benício - Praça Seca, Rio de Janeiro - RJ, Brasil",Sudeste,Rio de Janeiro,Rio de Janeiro,PRACA SECA,,,-22.9003701,-43.3540593,"18/09/2025, 09:00:00",false,false,,Homicidio/Tentativa,,,false
73684,"Faz Quem Quer - Rocha Miranda, Rio de Janeiro - RJ, 21360-160, Brasil",Sudeste,Rio de Janeiro,Rio de Janeiro,ROCHA MIRANDA,,FAVELA FAZ QUEM QUER,-22.8533192,-43.338232,"18/09/2025, 15:00:00",true,true,"9BPM ",Ação policial,,,false
73685,"Morro do Campinho, Campinho, Rio de Janeiro - RJ, 21311-010, Brasil",Sudeste,Rio de Janeiro,Rio de Janeiro,CAMPINHO,,MORRO DO CAMPINHO (COMPLEXO DO FUBA),-22.8850951874,-43.337456205,"18/09/2025, 18:00:00",false,false,,Não identificado,,,false
73687,"Favela da Terra Nostra - Barros Filho, Rio de Janeiro - RJ, 21650-100, Brasil",Sudeste,Rio de Janeiro,Rio de Janeiro,BARROS FILHO,,FAVELA DA TERRA NOSTRA (COMPLEXO DA PEDREIRA),-22.830962755327786	,-43.36949804841683,"19/09/2025, 02:09:00",false,false,,Não identificado,,,false
73691,"Morro do Campinho (Complexo do Fubá) - Cascadura, Rio de Janeiro - RJ, 21320-300, Brasil",Sudeste,Rio de Janeiro,Rio de Janeiro,CASCADURA,,MORRO DO CAMPINHO (COMPLEXO DO FUBA),-22.8850951874697	,-43.337939003183074,"19/09/2025, 05:57:00",false,false,,Não identificado,,,false
73702,"Cidade de Deus, Cidade de Deus, Rio de Janeiro - RJ, 22775-740, Brasil",Sudeste,Rio de Janeiro,Rio de Janeiro,CIDADE DE DEUS,,CIDADE DE DEUS,-22.9465337,-43.3697151,"19/09/2025, 12:45:00",true,true,"PC, CORE",Operação policial,,,false
73709,"Estrada do Lameirão - Santíssimo, Rio de Janeiro - RJ, Brasil",Sudeste,Rio de Janeiro,Rio de Janeiro,SANTISSIMO,,,-22.8727427,-43.5275105,"19/09/2025, 16:00:00",true,true,40BPM,Ação policial,,,false
73716,"Estrada de Paciência - Cosmos, Rio de Janeiro - RJ, Brasil",Sudeste,Rio de Janeiro,Rio de Janeiro,COSMOS,,,-22.9056157,-43.6183324,"19/09/2025, 19:00:00",false,false,,Homicidio/Tentativa,,,false
73710,"Av. Ernani Cardoso - Cascadura, Rio de Janeiro - RJ, 21310-310, Brasil",Sudeste,Rio de Janeiro,Rio de Janeiro,CASCADURA,,,-22.882247062919102,-43.33331912485351,"19/09/2025, 20:00:00",false,false,,Não identificado,,,false
73715,"Rua Divisória - Bento Ribeiro, Rio de Janeiro - RJ, Brasil",Sudeste,Rio de Janeiro,Rio de Janeiro,BENTO RIBEIRO,,,-22.867787,-43.3649768,"20/09/2025, 00:00:00",false,true,,Tentativa/Roubo,,,false
73720,"Morro da Formiga - Tijuca, Rio de Janeiro - RJ, 20530-120, Brasil",Sudeste,Rio de Janeiro,Rio de Janeiro,TIJUCA,,MORRO DA FORMIGA,-22.94350697	,-43.24130464,"20/09/2025, 18:21:00",false,false,,Não identificado,,,false
73726,"Rua André Rocha - Taquara, Rio de Janeiro - RJ, Brasil",Sudeste,Rio de Janeiro,Rio de Janeiro,TAQUARA,,,-22.9297337,-43.3742609,"20/09/2025, 19:00:00",false,false,,Tentativa/Roubo,,,false
73728,"Complexo do Chapadão - Costa Barros, Rio de Janeiro - RJ, 21650-020, Brasil",Sudeste,Rio de Janeiro,Rio de Janeiro,COSTA BARROS,,COMPLEXO DO CHAPADAO,-22.82326393	,-43.37707903,"21/09/2025, 08:14:00",true,true,NI,Ação policial,,,true
73728,"Complexo do Chapadão - Costa Barros, Rio de Janeiro - RJ, 21650-020, Brasil",Sudeste,Rio de Janeiro,Rio de Janeiro,COSTA BARROS,,COMPLEXO DO CHAPADAO,-22.82326393	,-43.37707903,"21/09/2025, 08:14:00",true,true,NI,Ação policial,,,true
73728,"Complexo do Chapadão - Costa Barros, Rio de Janeiro - RJ, 21650-020, Brasil",Sudeste,Rio de Janeiro,Rio de Janeiro,COSTA BARROS,,COMPLEXO DO CHAPADAO,-22.82326393	,-43.37707903,"21/09/2025, 08:14:00",true,true,NI,Ação policial,,,true
73729,"Morro do Campinho (Complexo do Fubá) - Cascadura, Rio de Janeiro - RJ, 21320-300, Brasil",Sudeste,Rio de Janeiro,Rio de Janeiro,CASCADURA,,MORRO DO CAMPINHO (COMPLEXO DO FUBA),-22.8850951874697	,-43.337939003183074,"21/09/2025, 16:34:00",false,false,,Não identificado,,,false
73731,"Morro do Fubá (Complexo do Fubá) - Cascadura, Rio de Janeiro - RJ, 21311-130, Brasil",Sudeste,Rio de Janeiro,Rio de Janeiro,CASCADURA,,MORRO DO FUBA (COMPLEXO DO FUBA),-22.892324971301786	,-43.33377861518315,"21/09/2025, 19:55:00",false,false,,Não identificado,,,false
73745,"Favela Parque Dois Irmãos, R. Marcelo Gordilho, Curicica, Rio de Janeiro - RJ, 22711-050, Brasil",Sudeste,Rio de Janeiro,Rio de Janeiro,CURICICA,,FAVELA PARQUE DOIS IRMAOS (CURICICA),-22.9511338,-43.3928096,"22/09/2025, 12:40:00",false,false,,Disputa,,,false
73746,"Av. Ayrton Senna, 6000 - Gardênia Azul, Rio de Janeiro - RJ, 22775-005, Brasil",Sudeste,Rio de Janeiro,Rio de Janeiro,GARDENIA AZUL,,,-22.9591463,-43.3561969,"22/09/2025, 15:40:00",false,true,,Homicidio/Tentativa,,,false
73756,"Morro dos Macacos - Vila Isabel, Rio de Janeiro - RJ, 20551-232, Brasil",Sudeste,Rio de Janeiro,Rio de Janeiro,VILA ISABEL,,MORRO DOS MACACOS,-22.91189634,	-43.25524243,"23/09/2025, 08:57:00",false,false,,Não identificado,,,false
73758,"Complexo da Pedreira - Costa Barros, Rio de Janeiro - RJ, 21515-580, Brasil",Sudeste,Rio de Janeiro,Rio de Janeiro,COSTA BARROS,,COMPLEXO DA PEDREIRA,-22.82425288	,-43.36809439,"23/09/2025, 09:00:00",true,true,PM (41 BPM),Disputa,,,false
73767,"Morro do Juramento - Vicente de Carvalho, Rio de Janeiro - RJ, Brasil",Sudeste,Rio de Janeiro,Rio de Janeiro,VICENTE DE CARVALHO,,MORRO DO JURAMENTO (COMPLEXO DO JURAMENTO),-22.8627778,-43.3152778,"24/09/2025, 07:00:00",true,true,NI,Operação policial,,,false
73764,"Vila Kennedy, Rio de Janeiro - RJ, Brasil",Sudeste,Rio de Janeiro,Rio de Janeiro,VILA KENNEDY,,VILA KENNEDY,-22.8572405,-43.4892386,"24/09/2025, 07:00:00",true,true,PM (14 BPM); PM (BOPE); PM (SSI),Operação policial,,,false
73770,"Morro dos Macacos - R. Torres Homem, 710 - Vila Isabel, Rio de Janeiro - RJ, 20551-075, Brasil",Sudeste,Rio de Janeiro,Rio de Janeiro,VILA ISABEL,,MORRO DOS MACACOS,-22.91541115440019,-43.25422631670227,"24/09/2025, 16:05:00",true,true,NI,Ação policial,,,false
73783,"Rua Uranos - Olaria, Rio de Janeiro - RJ, Brasil",Sudeste,Rio de Janeiro,Rio de Janeiro,OLARIA,,,-22.8486662,-43.2667479,"24/09/2025, 22:00:00",true,true,PC (DRFA-CAP); PC (Draco-IE); PC (22 DP); PC (DPA); PC (DGPE); CIVITAS,Operação policial,,Perseguição,false
73777,"Favela da Chacrinha - Praça Seca, Rio de Janeiro - RJ, 22733-040, Brasil",Sudeste,Rio de Janeiro,Rio de Janeiro,PRACA SECA,,FAVELA DA CHACRINHA,-22.9018158988203	,-43.36141036190782,"25/09/2025, 04:00:00",false,false,,Não identificado,,,false
73801,"Favela Para Pedro - Colégio, Rio de Janeiro - RJ, 21235-290, Brasil",Sudeste,Rio de Janeiro,Rio de Janeiro,COLEGIO,,FAVELA PARA PEDRO,-22.83883724	,-43.33365244,"25/09/2025, 07:00:00",false,false,,Não identificado,,,false
73788,"Rua Sargento Silva Nunes - Nova Holanda, Maré, Rio de Janeiro - RJ, Brasil",Sudeste,Rio de Janeiro,Rio de Janeiro,MARE,,NOVA HOLANDA (COMPLEXO DA MARE),-22.8541537,-43.2408831,"25/09/2025, 16:49:00",false,false,,Não identificado,,,false
73794,"Avenida Ernani Cardoso - Cascadura, Rio de Janeiro - RJ, Brasil",Sudeste,Rio de Janeiro,Rio de Janeiro,CASCADURA,,,-22.8824151,-43.3352074,"25/09/2025, 19:01:00",false,false,,Não identificado,,,false
73792,"Conjunto Amarelinho - Acari, Rio de Janeiro - RJ, Brasil",Sudeste,Rio de Janeiro,Rio de Janeiro,ACARI,,CONJUNTO AMARELINHO,-22.82631,-43.33902,"25/09/2025, 19:55:00",false,false,,Não identificado,,,false
73791,"Rua General Severiano - Botafogo, Rio de Janeiro - RJ, Brasil",Sudeste,Rio de Janeiro,Rio de Janeiro,BOTAFOGO,,,-22.9534323,-43.1784013,"25/09/2025, 20:10:00",false,false,,Não identificado,,,false
73790,"Morro dos Macacos - Vila Isabel, Rio de Janeiro - RJ, 20551-230, Brasil",Sudeste,Rio de Janeiro,Rio de Janeiro,VILA ISABEL,,MORRO DOS MACACOS,-22.91272754763894,-43.25756437301635,"25/09/2025, 20:35:00",false,false,,Não identificado,,,false
73799,"Morro dos Macacos - Vila Isabel, Rio de Janeiro - RJ, 20551-232, Brasil",Sudeste,Rio de Janeiro,Rio de Janeiro,VILA ISABEL,,MORRO DOS MACACOS,-22.91189634	,-43.25524243,"25/09/2025, 20:52:00",false,false,,Não identificado,,,false
73793,"Favela da Tirol - Freguesia (Jacarepaguá), Rio de Janeiro - RJ, 22750-002, Brasil",Sudeste,Rio de Janeiro,Rio de Janeiro,FREGUESIA (JACAREPAGUA),,FAVELA DA TIROL,-22.9382593,-43.3286685,"25/09/2025, 21:10:00",false,false,,Não identificado,,,false
73796,"Vila do João - Maré, Rio de Janeiro - RJ, 21046-630, Brasil",Sudeste,Rio de Janeiro,Rio de Janeiro,MARE,,VILA DO JOAO (COMPLEXO DA MARE),-22.87117627	,-43.2410853,"26/09/2025, 05:29:00",true,true,PC (DRE); PC (CORE); PC (SSINT); PC (DGPE),Operação policial,,Tiros de Helicóptero,false
73800,"Vila do João (Complexo da Maré) - Maré, Rio de Janeiro - RJ, 21046-630, Brasil",Sudeste,Rio de Janeiro,Rio de Janeiro,MARE,,VILA DO JOAO (COMPLEXO DA MARE),-22.87117627,	-43.2410853,"26/09/2025, 06:24:00",true,true,PC (DRE); PC (CORE); PC (SSINT); PC (DGPE),Operação policial,,Tiros de Helicóptero,false
73810,"R. Um, Rocinha, Rio de Janeiro - RJ, 22451-262, Brasil",Sudeste,Rio de Janeiro,Rio de Janeiro,ROCINHA,,ROCINHA,-22.99053616033091,-43.24547171957398,"26/09/2025, 07:00:00",false,false,,Não identificado,,,false
73811,"Cidade de Deus - Cidade de Deus, Rio de Janeiro - RJ, 22775-590, Brasil",Sudeste,Rio de Janeiro,Rio de Janeiro,CIDADE DE DEUS,,CIDADE DE DEUS,-22.94629658331384,-43.36980093068848,"26/09/2025, 08:00:00",true,true,41ª DP,Ação policial,,,false
73814,"Rua Torres de Oliveira - Morro do 18, Água Santa, Rio de Janeiro - RJ, Brasil",Sudeste,Rio de Janeiro,Rio de Janeiro,AGUA SANTA,,MORRO DO 18 (COMPLEXO DO 18),-22.9044622,-43.3153115,"26/09/2025, 11:00:00",true,true,3° BPM,Ação policial,,,false
73817,"Conjunto Fazenda Botafogo (Complexo da Pedreira) - Rua Sargento Silvio Hollenbach - Barros Filho, Rio de Janeiro - RJ, Brasil",Sudeste,Rio de Janeiro,Rio de Janeiro,COSTA BARROS,,CONJUNTO FAZENDA BOTAFOGO (COMPLEXO DA PEDREIRA),-22.8276915,-43.3619118,"26/09/2025, 13:25:00",true,true,41BPM,Tentativa/Roubo,,,false
73829,"Rua da Floresta - Sepetiba, Rio de Janeiro - RJ, Brasil",Sudeste,Rio de Janeiro,Rio de Janeiro,SEPETIBA,,,-22.9747896,-43.7050157,"27/09/2025, 06:40:00",false,false,,Homicidio/Tentativa,,,false
73828,"Morro do Campinho - Campinho, Rio de Janeiro - RJ, 21341-370, Brasil",Sudeste,Rio de Janeiro,Rio de Janeiro,CAMPINHO,,MORRO DO CAMPINHO (COMPLEXO DO FUBA),-22.887595900656407,-43.340492466165244,"27/09/2025, 09:20:00",false,false,,Não identificado,,,false
73827,"R. Leopoldo- Morro do Andaraí, Andaraí, Rio de Janeiro - RJ, 20541-170, Brasil",Sudeste,Rio de Janeiro,Rio de Janeiro,ANDARAI,,MORRO DO ANDARAI,-22.928672260929236,-43.25252329671174,"27/09/2025, 11:55:00",true,true,UPP BOREL,Disputa,,,false
73827,"R. Leopoldo- Morro do Andaraí, Andaraí, Rio de Janeiro - RJ, 20541-170, Brasil",Sudeste,Rio de Janeiro,Rio de Janeiro,ANDARAI,,MORRO DO ANDARAI,-22.928672260929236,-43.25252329671174,"27/09/2025, 11:55:00",true,true,UPP BOREL,Disputa,,,false
73833,"Dois Irmãos  - Curicica, Rio de Janeiro - RJ, 22780-190, Brasil",Sudeste,Rio de Janeiro,Rio de Janeiro,CURICICA,,FAVELA PARQUE DOIS IRMAOS (CURICICA),-22.95105015,-43.39378358,"28/09/2025, 03:20:00",false,false,,Disputa,,,false
73860,"Av Presidente Vargas, 1314 - Centro, Rio de Janeiro - RJ, 28680-000, Brasil",Sudeste,Rio de Janeiro,Rio de Janeiro,CENTRO,,,-22.9035341,-43.1888008,"28/09/2025, 20:00:00",true,true,Segurança Presente,Disparo Acidental,,,false
73839,"Morro da Covanca - Tanque, Rio de Janeiro - RJ, 22735-020, Brasil",Sudeste,Rio de Janeiro,Rio de Janeiro,TANQUE,,MORRO DA COVANCA,-22.91525671	,-43.3460376,"29/09/2025, 03:13:00",true,true,PM (BOPE); PC (CORE); PC (DRE-Cap); PC (32 DP); PC (41 DP); MPRJ (Gaeco); PC (PCEPA - Pará),Operação policial,,,false
73848,"Praça Dolomitas - Vila Kennedy, Rio de Janeiro - RJ, Brasil",Sudeste,Rio de Janeiro,Rio de Janeiro,VILA KENNEDY,,VILA KENNEDY,-22.8550286,-43.4921358,"29/09/2025, 08:00:00",true,true,"14 BPM ",Ação policial,,,false
73852,"R. Aristides Caire - Méier, Rio de Janeiro - RJ, 20775-090, Brasil",Sudeste,Rio de Janeiro,Rio de Janeiro,MEIER,,,-22.8989686,-43.2784972,"29/09/2025, 16:50:00",false,false,,Não identificado,,,false
73855,"Lins de Vasconcelos, Rio de Janeiro - RJ, Brasil",Sudeste,Rio de Janeiro,Rio de Janeiro,LINS DE VASCONCELOS,,,-22.9128722,-43.2845323,"29/09/2025, 20:20:00",false,false,,Não identificado,,,false
73897,"Favela Dois Irmãos - Curicica, Rio de Janeiro - RJ, 22711-150, Brasil",Sudeste,Rio de Janeiro,Rio de Janeiro,CURICICA,,FAVELA PARQUE DOIS IRMAOS (CURICICA),-22.96017852174333,-43.39098335378844,"29/09/2025, 23:00:00",false,false,,Disputa,,,true
73897,"Favela Dois Irmãos - Curicica, Rio de Janeiro - RJ, 22711-150, Brasil",Sudeste,Rio de Janeiro,Rio de Janeiro,CURICICA,,FAVELA PARQUE DOIS IRMAOS (CURICICA),-22.96017852174333,-43.39098335378844,"29/09/2025, 23:00:00",false,false,,Disputa,,,true
73897,"Favela Dois Irmãos - Curicica, Rio de Janeiro - RJ, 22711-150, Brasil",Sudeste,Rio de Janeiro,Rio de Janeiro,CURICICA,,FAVELA PARQUE DOIS IRMAOS (CURICICA),-22.96017852174333,-43.39098335378844,"29/09/2025, 23:00:00",false,false,,Disputa,,,true
73897,"Favela Dois Irmãos - Curicica, Rio de Janeiro - RJ, 22711-150, Brasil",Sudeste,Rio de Janeiro,Rio de Janeiro,CURICICA,,FAVELA PARQUE DOIS IRMAOS (CURICICA),-22.96017852174333,-43.39098335378844,"29/09/2025, 23:00:00",false,false,,Disputa,,,true
73897,"Favela Dois Irmãos - Curicica, Rio de Janeiro - RJ, 22711-150, Brasil",Sudeste,Rio de Janeiro,Rio de Janeiro,CURICICA,,FAVELA PARQUE DOIS IRMAOS (CURICICA),-22.96017852174333,-43.39098335378844,"29/09/2025, 23:00:00",false,false,,Disputa,,,true
73897,"Favela Dois Irmãos - Curicica, Rio de Janeiro - RJ, 22711-150, Brasil",Sudeste,Rio de Janeiro,Rio de Janeiro,CURICICA,,FAVELA PARQUE DOIS IRMAOS (CURICICA),-22.96017852174333,-43.39098335378844,"29/09/2025, 23:00:00",false,false,,Disputa,,,true
73856,"Morro da Quitanda, Costa Barros, Rio de Janeiro - RJ, 21532-050, Brasil",Sudeste,Rio de Janeiro,Rio de Janeiro,COSTA BARROS,,MORRO DA QUITANDA (COMPLEXO DA PEDREIRA),-22.81949929,-43.36693375,"30/09/2025, 02:00:00",false,false,,Disputa,,,false
73861,"R. Iguaçu, Morro da Patolinha, Complexo da Serrinha, Engenheiro Leal, Rio de Janeiro - RJ, 21370-130, Brasil",Sudeste,Rio de Janeiro,Rio de Janeiro,ENGENHEIRO LEAL,,MORRO DA PATOLINHA (COMPLEXO DA SERRINHA),-22.8748057," -43.3263319","30/09/2025, 06:00:00",true,true,"PM (9 BPM) ",Ação policial,,,false
73861,"R. Iguaçu, Morro da Patolinha, Complexo da Serrinha, Engenheiro Leal, Rio de Janeiro - RJ, 21370-130, Brasil",Sudeste,Rio de Janeiro,Rio de Janeiro,ENGENHEIRO LEAL,,MORRO DA PATOLINHA (COMPLEXO DA SERRINHA),-22.8748057," -43.3263319","30/09/2025, 06:00:00",true,true,"PM (9 BPM) ",Ação policial,,,false
73879,"R. Manuel Lisboa Moura, Bangu, Rio de Janeiro - RJ, 21862-730, Brasil",Sudeste,Rio de Janeiro,Rio de Janeiro,BANGU,,,-22.8604912,-43.4663248,"30/09/2025, 11:00:00",false,true,,Homicidio/Tentativa,,,false
73868,"Av. Antenor Navarro - Villa Guanabara, Brás de Pina, Rio de Janeiro - RJ, Brasil",Sudeste,Rio de Janeiro,Rio de Janeiro,BRAS DE PINA,,VILLA GUANABARA,-22.8281505,-43.2902897,"30/09/2025, 11:53:00",true,true,16BPM,Ação policial,,,false
73884,"Morro da Primavera - Cavalcanti, Rio de Janeiro - RJ, 21370-280, Brasil",Sudeste,Rio de Janeiro,Rio de Janeiro,CAVALCANTI,,MORRO DA PRIMAVERA,-22.86902669	,-43.31696145,"30/09/2025, 18:30:00",false,false,,Não identificado,,,false
73871,"Rua Abaíra, Jardim Monteiro - Brás de Pina, Rio de Janeiro - RJ, Brasil",Sudeste,Rio de Janeiro,Rio de Janeiro,BRAS DE PINA,,JARDIM MONTEIRO,-22.827637,-43.2916866,"30/09/2025, 19:27:00",false,false,,Não identificado,,,false
73874,"Morro do Campinho (Complexo do Fuba), Campinho, Rio de Janeiro - RJ, 21311-010, Brasil",Sudeste,Rio de Janeiro,Rio de Janeiro,CAMPINHO,,MORRO DO CAMPINHO (COMPLEXO DO FUBA),-22.88509518,-43.337456205,"30/09/2025, 21:15:00",false,false,,Disputa,,,false
73886,"R. Aquidabã, Méier, Rio de Janeiro - RJ, 20720-292, Brasil",Sudeste,Rio de Janeiro,Rio de Janeiro,MEIER,,BOCA DO MATO (COMPLEXO DO LINS),-22.910524022239965,-43.29088042268447,"01/10/2025, 05:40:00",false,false,,Homicidio/Tentativa,,,false
73889,"Nova Holanda - Maré, Rio de Janeiro - RJ, Brasil",Sudeste,Rio de Janeiro,Rio de Janeiro,MARE,,NOVA HOLANDA (COMPLEXO DA MARE),-22.8553403,-43.24159530000001,"02/10/2025, 02:00:00",true,true,"106 DP (Itaipava), CORE, Gaeco/MPRJ",Operação policial,,Tiros de Helicóptero,false
73899,"Praça Funchal,  Pedra Branca - Senador Camará, Rio de Janeiro - RJ, 21830-260, Brasil",Sudeste,Rio de Janeiro,Rio de Janeiro,SENADOR CAMARA,,,-22.881665380365558,-43.48315049014571,"02/10/2025, 12:00:00",true,true,"14 BPM ",Tentativa/Roubo,,,false
73898,"Rua Caçapava, Vila América - Grajaú, Rio de Janeiro - RJ, Brasil",Sudeste,Rio de Janeiro,Rio de Janeiro,GRAJAU,VILA AMERICA,,-22.927888,-43.2585707,"02/10/2025, 14:45:00",false,false,,Não identificado,,,false
73902,"Favela Rio das Pedras, R. Nova, Jacarepaguá, Rio de Janeiro - RJ, 22723-730, Brasil",Sudeste,Rio de Janeiro,Rio de Janeiro,JACAREPAGUA,,RIO DAS PEDRAS,-22.9723249,-43.3321895,"02/10/2025, 18:34:00",false,false,,Homicidio/Tentativa,,Ataques armados sobre rodas,false
73902,"Favela Rio das Pedras, R. Nova, Jacarepaguá, Rio de Janeiro - RJ, 22723-730, Brasil",Sudeste,Rio de Janeiro,Rio de Janeiro,JACAREPAGUA,,RIO DAS PEDRAS,-22.9723249,-43.3321895,"02/10/2025, 18:34:00",false,false,,Homicidio/Tentativa,,Ataques armados sobre rodas,false
73902,"Favela Rio das Pedras, R. Nova, Jacarepaguá, Rio de Janeiro - RJ, 22723-730, Brasil",Sudeste,Rio de Janeiro,Rio de Janeiro,JACAREPAGUA,,RIO DAS PEDRAS,-22.9723249,-43.3321895,"02/10/2025, 18:34:00",false,false,,Homicidio/Tentativa,,Ataques armados sobre rodas,false
73923,"Complexo do Fuba, Campinho, Rio de Janeiro - RJ, 21341-460, Brasil",Sudeste,Rio de Janeiro,Rio de Janeiro,CAMPINHO,,COMPLEXO DO FUBA,-22.8856237,-43.3481044,"04/10/2025, 00:00:00",false,false,,Não identificado,,,false
73919,"Avenida Raul Barros Vieira - Parque Residencial Seis de Novembro, Bangu, Rio de Janeiro - RJ, Brasil",Sudeste,Rio de Janeiro,Rio de Janeiro,BANGU,,PARQUE RESIDENCIAL SEIS DE NOVEMBRO (CONJUNTO DA MARINHA),-22.8559488,-43.4590516,"04/10/2025, 04:00:00",false,false,,Homicidio/Tentativa,,,false
73924,"R. São Miguel, Tijuca, Rio de Janeiro - RJ, 20530-420, Brasil",Sudeste,Rio de Janeiro,Rio de Janeiro,TIJUCA,,,-22.9368904,-43.2473486,"04/10/2025, 14:00:00",false,false,,Homicidio/Tentativa,,,false
73924,"R. São Miguel, Tijuca, Rio de Janeiro - RJ, 20530-420, Brasil",Sudeste,Rio de Janeiro,Rio de Janeiro,TIJUCA,,,-22.9368904,-43.2473486,"04/10/2025, 14:00:00",false,false,,Homicidio/Tentativa,,,false
73924,"R. São Miguel, Tijuca, Rio de Janeiro - RJ, 20530-420, Brasil",Sudeste,Rio de Janeiro,Rio de Janeiro,TIJUCA,,,-22.9368904,-43.2473486,"04/10/2025, 14:00:00",false,false,,Homicidio/Tentativa,,,false
73935,"Avenida Pastor Martin Luther King Junior, Pavuna, Rio de Janeiro - Rio de Janeiro, Brazil",Sudeste,Rio de Janeiro,Rio de Janeiro,PAVUNA,,,-22.821132808117778,-43.35169639438391,"05/10/2025, 19:20:00",false,false,,Não identificado,,,false
73960,"Morro do Chaves (Complexo da Pedreira)- Barros Filho, Rio de Janeiro - RJ, 21515-000, Brasil",Sudeste,Rio de Janeiro,Rio de Janeiro,BARROS FILHO,,MORRO DO CHAVES (COMPLEXO DA PEDREIRA),-22.836230878175762,-43.36355781899964,"06/10/2025, 12:00:00",true,true,41 BPM,Ação policial,,,false
73961,"Rua do Livramento - Gamboa, Rio de Janeiro - RJ, Brasil",Sudeste,Rio de Janeiro,Rio de Janeiro,GAMBOA,,,-22.8972895,-43.1927831,"06/10/2025, 19:40:00",true,true,"5º BPM ",Tentativa/Roubo,,Perseguição,false
73973,"Padre Miguel, Rio de Janeiro - RJ, Brasil",Sudeste,Rio de Janeiro,Rio de Janeiro,PADRE MIGUEL,,,-22.8780905,-43.4482789,"07/10/2025, 17:00:00",true,true,14 BPM,Ação policial,,,false
73974," Jardim do Éden -  Vila Kennedy, Rio de Janeiro - RJ, 21852-700, Brasil",Sudeste,Rio de Janeiro,Rio de Janeiro,VILA KENNEDY,,VILA KENNEDY,-22.857945421361862,-43.48115716109923,"07/10/2025, 20:15:00",false,false,,Disputa,,,false
73975,"Cascadura, Rio de Janeiro - RJ, Brasil",Sudeste,Rio de Janeiro,Rio de Janeiro,CASCADURA,,,-22.8821983,-43.3247002,"07/10/2025, 20:40:00",false,false,,Não identificado,,,false
73984,"Barrão, Vila Kennedy, Rio de Janeiro - RJ, 21853-460, Brasil",Sudeste,Rio de Janeiro,Rio de Janeiro,VILA KENNEDY,,BARRAO (VILA KENNEDY),-22.8537147,-43.4941864,"07/10/2025, 22:00:00",false,false,,Disputa,,,false
73987,"Favela da Ficap - Pavuna, Rio de Janeiro - RJ, 21535-502, Brasil",Sudeste,Rio de Janeiro,Rio de Janeiro,PAVUNA,,FAVELA DA FICAP,-22.80633619	,-43.33249295,"08/10/2025, 07:00:00",true,true,"41BPM ",Ação policial,,,false
74005,"R. Caiuá, Colégio, Rio de Janeiro - RJ, 21545-240, Brasil",Sudeste,Rio de Janeiro,Rio de Janeiro,COLEGIO,,,-22.84205564986274,-43.34078332698363,"08/10/2025, 13:00:00",false,false,,Tentativa/Roubo,,,false
73990,"Morro do Campinho (Complexo do Fubá) - Campinho, Rio de Janeiro - RJ, 21310-420, Brasil",Sudeste,Rio de Janeiro,Rio de Janeiro,CAMPINHO,,MORRO DO CAMPINHO (COMPLEXO DO FUBA),-22.885184146436647,-43.33928010769051,"08/10/2025, 19:51:00",false,false,,Não identificado,,,false
73994,"Av. Ernani Cardoso, Cascadura, Rio de Janeiro - RJ, 21310-310, Brasil",Sudeste,Rio de Janeiro,Rio de Janeiro,CASCADURA,,,-22.8821851," -43.333683","08/10/2025, 20:00:00",false,false,,Não identificado,,,false
73992,"Favela da Malvina - Irajá, Rio de Janeiro - RJ, 21361-132, Brasil",Sudeste,Rio de Janeiro,Rio de Janeiro,IRAJA,,FAVELA DA MALVINA,-22.848814000567113,-43.32485577116394,"09/10/2025, 01:00:00",true,true,"41BPM ",Ação policial,,,false
73995,"Av. Ernani Cardoso, Cascadura, Rio de Janeiro - RJ, 21310-310, Brasil",Sudeste,Rio de Janeiro,Rio de Janeiro,CASCADURA,,,-22.882244407255836,-43.33368300000001,"09/10/2025, 06:00:00",false,false,,Não identificado,,,false
74007,"Favela da Chacrinha, Praça Seca, Rio de Janeiro - RJ, 22733-040, Brasil",Sudeste,Rio de Janeiro,Rio de Janeiro,PRACA SECA,,FAVELA DA CHACRINHA,-22.9018158988203,-43.36141036190782,"09/10/2025, 07:00:00",true,true,"SSINTE, DRE, CORE",Operação policial,,,true
74007,"Favela da Chacrinha, Praça Seca, Rio de Janeiro - RJ, 22733-040, Brasil",Sudeste,Rio de Janeiro,Rio de Janeiro,PRACA SECA,,FAVELA DA CHACRINHA,-22.9018158988203,-43.36141036190782,"09/10/2025, 07:00:00",true,true,"SSINTE, DRE, CORE",Operação policial,,,true
74007,"Favela da Chacrinha, Praça Seca, Rio de Janeiro - RJ, 22733-040, Brasil",Sudeste,Rio de Janeiro,Rio de Janeiro,PRACA SECA,,FAVELA DA CHACRINHA,-22.9018158988203,-43.36141036190782,"09/10/2025, 07:00:00",true,true,"SSINTE, DRE, CORE",Operação policial,,,true
74011,"Favela da Carobinha - Campo Grande, Rio de Janeiro - RJ, 23097-640, Brasil",Sudeste,Rio de Janeiro,Rio de Janeiro,CAMPO GRANDE,,FAVELA DA CAROBINHA,-22.855164	,-43.53284498,"09/10/2025, 11:50:00",false,false,,Disputa,,,false
74017,"Morro do Juramento, Vicente de Carvalho, Rio de Janeiro - RJ, 21235-000, Brasil",Sudeste,Rio de Janeiro,Rio de Janeiro,VICENTE DE CARVALHO,,MORRO DO JURAMENTO (COMPLEXO DO JURAMENTO),-22.8590752,-43.3122391,"10/10/2025, 02:00:00",true,true,PM (41 BPM),Operação policial,,,true
74017,"Morro do Juramento, Vicente de Carvalho, Rio de Janeiro - RJ, 21235-000, Brasil",Sudeste,Rio de Janeiro,Rio de Janeiro,VICENTE DE CARVALHO,,MORRO DO JURAMENTO (COMPLEXO DO JURAMENTO),-22.8590752,-43.3122391,"10/10/2025, 02:00:00",true,true,PM (41 BPM),Operação policial,,,true
74017,"Morro do Juramento, Vicente de Carvalho, Rio de Janeiro - RJ, 21235-000, Brasil",Sudeste,Rio de Janeiro,Rio de Janeiro,VICENTE DE CARVALHO,,MORRO DO JURAMENTO (COMPLEXO DO JURAMENTO),-22.8590752,-43.3122391,"10/10/2025, 02:00:00",true,true,PM (41 BPM),Operação policial,,,true
74017,"Morro do Juramento, Vicente de Carvalho, Rio de Janeiro - RJ, 21235-000, Brasil",Sudeste,Rio de Janeiro,Rio de Janeiro,VICENTE DE CARVALHO,,MORRO DO JURAMENTO (COMPLEXO DO JURAMENTO),-22.8590752,-43.3122391,"10/10/2025, 02:00:00",true,true,PM (41 BPM),Operação policial,,,true
74017,"Morro do Juramento, Vicente de Carvalho, Rio de Janeiro - RJ, 21235-000, Brasil",Sudeste,Rio de Janeiro,Rio de Janeiro,VICENTE DE CARVALHO,,MORRO DO JURAMENTO (COMPLEXO DO JURAMENTO),-22.8590752,-43.3122391,"10/10/2025, 02:00:00",true,true,PM (41 BPM),Operação policial,,,true
74017,"Morro do Juramento, Vicente de Carvalho, Rio de Janeiro - RJ, 21235-000, Brasil",Sudeste,Rio de Janeiro,Rio de Janeiro,VICENTE DE CARVALHO,,MORRO DO JURAMENTO (COMPLEXO DO JURAMENTO),-22.8590752,-43.3122391,"10/10/2025, 02:00:00",true,true,PM (41 BPM),Operação policial,,,true
74019,"Favela da Chacrinha, Praça Seca, Rio de Janeiro - RJ, 22733-040, Brasil",Sudeste,Rio de Janeiro,Rio de Janeiro,PRACA SECA,,FAVELA DA CHACRINHA,-22.9018158988203,-43.36141036190782,"10/10/2025, 04:00:00",false,false,,Não identificado,,,false
74018,"Morro do Campinho (Complexo do Fuba), Cascadura, Rio de Janeiro - RJ, 21310-320, Brasil",Sudeste,Rio de Janeiro,Rio de Janeiro,CASCADURA,,MORRO DO CAMPINHO (COMPLEXO DO FUBA),-22.8859807,-43.3371162,"10/10/2025, 04:00:00",false,false,,Não identificado,,,false
74021,"Quitungo-Guapore, Brás de Pina, Rio de Janeiro - RJ, 21215-510, Brasil",Sudeste,Rio de Janeiro,Rio de Janeiro,BRAS DE PINA,,QUITUNGO-GUAPORE,-22.835000,-43.300278,"10/10/2025, 05:30:00",true,true,"16 BPM ",Ação policial,,,false
74021,"Quitungo-Guapore, Brás de Pina, Rio de Janeiro - RJ, 21215-510, Brasil",Sudeste,Rio de Janeiro,Rio de Janeiro,BRAS DE PINA,,QUITUNGO-GUAPORE,-22.835000,-43.300278,"10/10/2025, 05:30:00",true,true,"16 BPM ",Ação policial,,,false
74033,"Av. Brasil, Favela da Carombinha - Campo Grande, Rio de Janeiro - RJ, 21852-001, Brasil",Sudeste,Rio de Janeiro,Rio de Janeiro,CAMPO GRANDE,,FAVELA DA CAROBINHA,-22.86092771378772,-43.533756931065064,"10/10/2025, 11:35:00",false,false,,Disputa,,,false
74045,"Rua Aroeiras, Parque Esperança, Complexo do Chapadão - Ricardo de Albuquerque, Rio de Janeiro - RJ, Brasil",Sudeste,Rio de Janeiro,Rio de Janeiro,RICARDO DE ALBUQUERQUE,,PARQUE ESPERANCA (COMPLEXO DO CHAPADAO),-22.837786,-43.3998814,"11/10/2025, 08:00:00",true,true,41 BPM,Ação policial,,,false
74042,"Manguariba - Paciência, Rio de Janeiro - RJ, 23065-280, Brasil",Sudeste,Rio de Janeiro,Rio de Janeiro,PACIENCIA,,CONJUNTO MANGUARIBA,-22.8733079,	-43.63162569,"11/10/2025, 09:00:00",false,false,,Não identificado,,,false
74040,"Morro do campinho, Campinho, Rio de Janeiro - RJ, Brasil",Sudeste,Rio de Janeiro,Rio de Janeiro,CAMPINHO,,MORRO DO CAMPINHO (COMPLEXO DO FUBA),-22.8834352,-43.3538259,"11/10/2025, 09:50:00",false,false,,Não identificado,,,false
74043,"Linha Vermelha -  São Cristóvão, Rio de Janeiro - RJ, 20930-450, Brasil",Sudeste,Rio de Janeiro,Rio de Janeiro,SAO CRISTOVAO,,,-22.89180078513658,-43.22214782385578,"11/10/2025, 14:00:00",true,true," UPP Pavão-Pavãozinho",Tentativa/Roubo,,,false
74044,"Morro do Urubu (Complexo do Urubu) - Piedade, Rio de Janeiro - RJ, 20750, Brasil",Sudeste,Rio de Janeiro,Rio de Janeiro,PIEDADE,,MORRO DO URUBU (COMPLEXO DO URUBU),-22.87657404	,-43.30422326,"11/10/2025, 15:00:00",true,true,3BPM,Ação policial,,,false
74044,"Morro do Urubu (Complexo do Urubu) - Piedade, Rio de Janeiro - RJ, 20750, Brasil",Sudeste,Rio de Janeiro,Rio de Janeiro,PIEDADE,,MORRO DO URUBU (COMPLEXO DO URUBU),-22.87657404	,-43.30422326,"11/10/2025, 15:00:00",true,true,3BPM,Ação policial,,,false
74050,"Morro do Campinho, Cascadura, Rio de Janeiro - RJ, 21310-320, Brasil",Sudeste,Rio de Janeiro,Rio de Janeiro,CASCADURA,,MORRO DO CAMPINHO (COMPLEXO DO FUBA),-22.886834818,-43.338797310,"13/10/2025, 03:00:00",false,false,,Não identificado,,,false
74072,"Favela Terra Nostra (Complexo da Pedreira) - Barros Filho, Rio de Janeiro - RJ, 21650-100, Brasil",Sudeste,Rio de Janeiro,Rio de Janeiro,BARROS FILHO,,FAVELA DA TERRA NOSTRA (COMPLEXO DA PEDREIRA),-22.830962755327786	,-43.36949804841683,"13/10/2025, 20:25:00",false,false,,Não identificado,,,false
74084,"Morro do Juramento  - Vicente de Carvalho, Rio de Janeiro - RJ, 21371-010, Brasil",Sudeste,Rio de Janeiro,Rio de Janeiro,VICENTE DE CARVALHO,,MORRO DO JURAMENTO (COMPLEXO DO JURAMENTO),-22.859736728942934,-43.31724133704833,"14/10/2025, 13:25:00",false,false,,Disputa,,,false
74093,"Morro da Serrinha - Madureira, Rio de Janeiro - RJ, 21360-840, Brasil",Sudeste,Rio de Janeiro,Rio de Janeiro,MADUREIRA,,MORRO DA SERRINHA (COMPLEXO DA SERRINHA),-22.86758089984042,-43.32866269239258,"15/10/2025, 06:30:00",true,true,"COE, 9 BPM",Operação policial,,,false
74101,"Favela do Ficap - Pavuna, Rio de Janeiro - RJ, 21535-502, Brasil",Sudeste,Rio de Janeiro,Rio de Janeiro,PAVUNA,,FAVELA DA FICAP,-22.80633619	,-43.33249295,"15/10/2025, 15:00:00",true,true,"21BPM, 41BPM",Ação policial,,,false
74102,"Morro da Serrinha (Complexo da Serrinha) - Madureira, Rio de Janeiro - RJ, 21360-320, Brasil",Sudeste,Rio de Janeiro,Rio de Janeiro,MADUREIRA,,MORRO DA SERRINHA (COMPLEXO DA SERRINHA),-22.86607827914103,-43.326216517770995,"15/10/2025, 19:44:00",false,false,,Disputa,,,false
74110,"Complexo de Israel - Cordovil, Rio de Janeiro - RJ, 21241-367, Brasil",Sudeste,Rio de Janeiro,Rio de Janeiro,CORDOVIL,,COMPLEXO DE ISRAEL,-22.819980	,-43.298630,"16/10/2025, 05:00:00",false,false,,Não identificado,,,false
74113,"Favela da Tirol - Freguesia (Jacarepaguá), Rio de Janeiro - RJ, 22750-012, Brasil",Sudeste,Rio de Janeiro,Rio de Janeiro,FREGUESIA (JACAREPAGUA),,FAVELA DA TIROL,-22.938819975840623,-43.32862854655762,"16/10/2025, 14:20:00",true,true,"BOPE, 18 BPM",Operação policial,,,false
74115,"Av. Salvador Allende - Jacarepaguá, Rio de Janeiro - RJ, 22780-170, Brasil",Sudeste,Rio de Janeiro,Rio de Janeiro,JACAREPAGUA,,,-22.962923761784925,-43.393751179762276,"16/10/2025, 16:00:00",false,true,,Homicidio/Tentativa,,,false
74119,"Favela do Terreirão - Recreio dos Bandeirantes, Rio de Janeiro - RJ, 22795-565, Brasil",Sudeste,Rio de Janeiro,Rio de Janeiro,RECREIO DOS BANDEIRANTES,,FAVELA DO TERREIRAO,-23.0247375,-43.4805612,"16/10/2025, 23:00:00",false,true,,Briga,,"Feminicídio/tentativa,Feminicídio praticado por agente",false
74126,"Metrô Irajá - Avenida Pastor Martin Luther King Junior - Irajá, Rio de Janeiro - RJ, Brasil",Sudeste,Rio de Janeiro,Rio de Janeiro,IRAJA,,,-22.8479556,-43.323438,"17/10/2025, 01:00:00",false,false,,Ataque a civis,,,false
74126,"Metrô Irajá - Avenida Pastor Martin Luther King Junior - Irajá, Rio de Janeiro - RJ, Brasil",Sudeste,Rio de Janeiro,Rio de Janeiro,IRAJA,,,-22.8479556,-43.323438,"17/10/2025, 01:00:00",false,false,,Ataque a civis,,,false
74126,"Metrô Irajá - Avenida Pastor Martin Luther King Junior - Irajá, Rio de Janeiro - RJ, Brasil",Sudeste,Rio de Janeiro,Rio de Janeiro,IRAJA,,,-22.8479556,-43.323438,"17/10/2025, 01:00:00",false,false,,Ataque a civis,,,false
74118,"Avenida Pastor Martin Luther King Júnior - Irajá, Rio de Janeiro - RJ, 21220-301, Brasil",Sudeste,Rio de Janeiro,Rio de Janeiro,IRAJA,,,-22.8477183,-43.323438,"17/10/2025, 01:00:00",false,false,,Homicidio/Tentativa,,,false
74118,"Avenida Pastor Martin Luther King Júnior - Irajá, Rio de Janeiro - RJ, 21220-301, Brasil",Sudeste,Rio de Janeiro,Rio de Janeiro,IRAJA,,,-22.8477183,-43.323438,"17/10/2025, 01:00:00",false,false,,Homicidio/Tentativa,,,false
74118,"Avenida Pastor Martin Luther King Júnior - Irajá, Rio de Janeiro - RJ, 21220-301, Brasil",Sudeste,Rio de Janeiro,Rio de Janeiro,IRAJA,,,-22.8477183,-43.323438,"17/10/2025, 01:00:00",false,false,,Homicidio/Tentativa,,,false
74117,"Tijuca, Rio de Janeiro - RJ, 20530-420, Brasil",Sudeste,Rio de Janeiro,Rio de Janeiro,TIJUCA,,,-22.9368904,-43.2473486,"17/10/2025, 03:00:00",false,false,,Não identificado,,,false
74156,"R. Figueira de Melo, São Cristóvão, Rio de Janeiro - RJ, 20941-000, Brasil",Sudeste,Rio de Janeiro,Rio de Janeiro,SAO CRISTOVAO,,,-22.9051981,-43.214188,"17/10/2025, 05:00:00",false,false,,Não identificado,,,false
74123,"Morro do Borel, Tijuca, Rio de Janeiro - RJ, 20241-210, Brasil",Sudeste,Rio de Janeiro,Rio de Janeiro,TIJUCA,,MORRO DO BOREL,-22.936801821,-43.25862900,"17/10/2025, 09:00:00",true,true,"DGPC, CORE",Operação policial,,,false
74132,"Avenida Augusto Severo - Glória, Rio de Janeiro - RJ, Brasil",Sudeste,Rio de Janeiro,Rio de Janeiro,GLORIA,,,-22.9173533,-43.1764586,"17/10/2025, 14:40:00",false,false,,Não identificado,,,false
74133,"Morro do Campinho - Cascadura, Rio de Janeiro - RJ, 21320-300, Brasil",Sudeste,Rio de Janeiro,Rio de Janeiro,CASCADURA,,MORRO DO CAMPINHO (COMPLEXO DO FUBA),-22.8850951874697	,-43.337939003183074,"18/10/2025, 02:23:00",false,false,,Não identificado,,,false
74139,"Morro do Campinho - Cascadura, Rio de Janeiro - RJ, 21320-300, Brasil",Sudeste,Rio de Janeiro,Rio de Janeiro,CASCADURA,,MORRO DO CAMPINHO (COMPLEXO DO FUBA),-22.8850951874697	,-43.337939003183074,"18/10/2025, 06:30:00",false,false,,Não identificado,,,false
74144,"Complexo do lins, Lins de Vasconcelos, Rio de Janeiro - RJ, 20725-090, Brasil",Sudeste,Rio de Janeiro,Rio de Janeiro,LINS DE VASCONCELOS,,COMPLEXO DO LINS,-22.9139074,-43.2833747,"18/10/2025, 12:30:00",false,false,,Não identificado,,,false
74146,"Complexo da Pedreira, Costa Barros, Rio de Janeiro - RJ, 21515-580, Brasil",Sudeste,Rio de Janeiro,Rio de Janeiro,COSTA BARROS,,COMPLEXO DA PEDREIRA,-22.82425288,-43.36809439,"18/10/2025, 13:30:00",true,true,41º BPM,Ação policial,,,false
74149,"Morro do Pavão-Pavãozinho, Copacabana, Rio de Janeiro - RJ, 22071-060, Brasil",Sudeste,Rio de Janeiro,Rio de Janeiro,COPACABANA,,MORRO DO PAVAO-PAVAOZINHO,-22.9805328000,-43.1936650000,"18/10/2025, 17:00:00",false,false,,Não identificado,,,false
74177,"Estrada da Ilha - Ilha de Guaratiba, Guaratiba, Rio de Janeiro - RJ, Brasil",Sudeste,Rio de Janeiro,Rio de Janeiro,BARRA DE GUARATIBA,ILHA DE GUARATIBA,,-22.988661,-43.5532949,"18/10/2025, 17:00:00",false,false,,Tentativa/Roubo,,,false
74152,"Av. Jambeiro, 537 - Condomínio Nova Valqueire, Vila Valqueire, Rio de Janeiro - RJ, 21330-300, Brasil",Sudeste,Rio de Janeiro,Rio de Janeiro,VILA VALQUEIRE,,CONDOMINIO NOVA VALQUEIRE,-22.88221199430389,-43.37137049940567,"18/10/2025, 21:00:00",false,true,,Briga,,,false
74152,"Av. Jambeiro, 537 - Condomínio Nova Valqueire, Vila Valqueire, Rio de Janeiro - RJ, 21330-300, Brasil",Sudeste,Rio de Janeiro,Rio de Janeiro,VILA VALQUEIRE,,CONDOMINIO NOVA VALQUEIRE,-22.88221199430389,-43.37137049940567,"18/10/2025, 21:00:00",false,true,,Briga,,,false
74155,"Pedra de Guaratiba, Rio de Janeiro - RJ, 23026-320, Brasil",Sudeste,Rio de Janeiro,Rio de Janeiro,PEDRA DE GUARATIBA,,,-22.994482,-43.6391682,"19/10/2025, 12:00:00",true,true,PC,Operação policial,,,false
74155,"Pedra de Guaratiba, Rio de Janeiro - RJ, 23026-320, Brasil",Sudeste,Rio de Janeiro,Rio de Janeiro,PEDRA DE GUARATIBA,,,-22.994482,-43.6391682,"19/10/2025, 12:00:00",true,true,PC,Operação policial,,,false
74159,"Morro do Campinho, Campinho, Rio de Janeiro - RJ, 21311-010, Brasil",Sudeste,Rio de Janeiro,Rio de Janeiro,CAMPINHO,,MORRO DO CAMPINHO (COMPLEXO DO FUBA),-22.88509518,-43.337456205,"20/10/2025, 00:00:00",false,false,,Não identificado,,,false
74160,"Complexo do Chapadão - Costa Barros, Rio de Janeiro - RJ, 21650-020, Brasil",Sudeste,Rio de Janeiro,Rio de Janeiro,COSTA BARROS,,COMPLEXO DO CHAPADAO,-22.82326393,-43.37707903,"20/10/2025, 03:00:00",true,true,41 BPM,Operação policial,,,false
74182,"Complexo do Chapadão, Costa Barros, Rio de Janeiro - RJ, 21650-230, Brasil",Sudeste,Rio de Janeiro,Rio de Janeiro,COSTA BARROS,,COMPLEXO DO CHAPADAO,-22.8230231,-43.3771133,"21/10/2025, 03:00:00",true,true," 41º BPM",Operação policial,,,false
74181,"Morro do Campinho, Campinho, Rio de Janeiro - RJ, 21310-420, Brasil",Sudeste,Rio de Janeiro,Rio de Janeiro,CAMPINHO,,MORRO DO CAMPINHO (COMPLEXO DO FUBA),-22.8850318,-43.3407211,"21/10/2025, 03:00:00",false,false,,Não identificado,,,false
74183,"Mandela l, Manguinhos, Rio de Janeiro - RJ, 20911-300, Brasil",Sudeste,Rio de Janeiro,Rio de Janeiro,MANGUINHOS,,MANDELA (COMPLEXO DE MANGUINHOS),-22.8826561,-43.2471833,"21/10/2025, 05:00:00",true,true,PM,Operação policial,,,false
74196,"Batanzinho - Realengo, Rio de Janeiro - RJ, 21730-230, Brasil",Sudeste,Rio de Janeiro,Rio de Janeiro,REALENGO,,FAVELA DO BATANZINHO (VILA UNIAO MIRIM),-22.865338092499947	,-43.42948731965314,"21/10/2025, 10:00:00",true,true,14 BPM,Ação policial,,,false
74194,"Av. Padre Guilherme Decaminada - Santa Cruz, Rio de Janeiro - RJ, 23575-000, Brasil",Sudeste,Rio de Janeiro,Rio de Janeiro,SANTA CRUZ,,,-22.90871914273941,-43.68612978213118,"21/10/2025, 15:00:00",false,false,,Disputa,,,false
74197,"Morro do Campinho - Campinho, Rio de Janeiro - RJ, 21341-370, Brasil",Sudeste,Rio de Janeiro,Rio de Janeiro,CAMPINHO,,MORRO DO CAMPINHO (COMPLEXO DO FUBA),-22.887987191656773,-43.34095712330932,"22/10/2025, 03:25:00",false,false,,Não identificado,,,false
74201,"R. Amalfi - Boca do Mato, Complexo do Lins, Lins de Vasconcelos, Rio de Janeiro - RJ, Brasil",Sudeste,Rio de Janeiro,Rio de Janeiro,LINS DE VASCONCELOS,,BOCA DO MATO (COMPLEXO DO LINS),-22.9119642,-43.2885628,"22/10/2025, 07:50:00",true,true,3 BPM,Ação policial,,,false
74202,"Marechal Hermes, Rio de Janeiro - RJ, Brasil",Sudeste,Rio de Janeiro,Rio de Janeiro,MARECHAL HERMES,,,-22.8599085,-43.3697557,"22/10/2025, 12:00:00",true,true,"9BPM ",Ação policial,,,false
74228,"Avenida Ataulfo de Paiva - Leblon, Rio de Janeiro - RJ, Brasil",Sudeste,Rio de Janeiro,Rio de Janeiro,LEBLON,,,-22.9843111,-43.2228142,"22/10/2025, 21:00:00",false,true,,Tentativa/Roubo,,,false
74206,"Morro do Barbante, Galeão, Rio de Janeiro - RJ, 21941-670, Brasil",Sudeste,Rio de Janeiro,Rio de Janeiro,GALEAO,,MORRO DO BARBANTE (OU VILA JOANIZA),-22.816191771406487,-43.23040009246673,"23/10/2025, 03:00:00",true,true,"17BPM ",Operação policial,,,false
74206,"Morro do Barbante, Galeão, Rio de Janeiro - RJ, 21941-670, Brasil",Sudeste,Rio de Janeiro,Rio de Janeiro,GALEAO,,MORRO DO BARBANTE (OU VILA JOANIZA),-22.816191771406487,-43.23040009246673,"23/10/2025, 03:00:00",true,true,"17BPM ",Operação policial,,,false
74213,"Estr. de Jacarepaguá, Itanhangá, Rio de Janeiro - RJ, 22753-032, Brasil",Sudeste,Rio de Janeiro,Rio de Janeiro,ITANHANGA,,,-22.98024150351273,-43.326716379762274,"23/10/2025, 04:00:00",false,false,,Homicidio/Tentativa,,,false
74223,"Av. Dom Hélder Câmara, Engenho de Dentro, Rio de Janeiro - RJ, 20771-034, Brasil",Sudeste,Rio de Janeiro,Rio de Janeiro,ENGENHO DE DENTRO,,,-22.8859441,-43.2891276,"23/10/2025, 11:00:00",true,true," 3º BPM ",Tentativa/Roubo,,Perseguição,false
74227,"R. Arnaldo Guinle, Conjunto Fazenda Botafogo, Coelho Neto, Rio de Janeiro - RJ, 21530-020, Brasil",Sudeste,Rio de Janeiro,Rio de Janeiro,COELHO NETO,,CONJUNTO FAZENDA BOTAFOGO (COMPLEXO DA PEDREIRA),-22.826602765767866,-43.35609133123861,"23/10/2025, 13:00:00",true,true,41ºBPM,Ação policial,,,false
74217,"Colônia Juliano Moreira - Jacarepaguá, Rio de Janeiro - RJ, 22713-550, Brasil",Sudeste,Rio de Janeiro,Rio de Janeiro,JACAREPAGUA,,COLONIA JULIANO MOREIRA,-22.933862835742715,-43.394443463229365,"23/10/2025, 18:20:00",false,false,,Não identificado,,,false
74219,"Morro do Campinho, Campinho, Rio de Janeiro - RJ, 21311-010, Brasil",Sudeste,Rio de Janeiro,Rio de Janeiro,CAMPINHO,,MORRO DO CAMPINHO (COMPLEXO DO FUBA),-22.885095187,-43.33745620,"24/10/2025, 01:25:00",false,false,,Não identificado,,,false
74221,"Covanca, Tanque, Rio de Janeiro - RJ, 22735-020, Brasil",Sudeste,Rio de Janeiro,Rio de Janeiro,TANQUE,,MORRO DA COVANCA,-22.9153838,-43.3443385,"24/10/2025, 05:20:00",true,true,18BPM / GAT,Ação policial,,,false
74221,"Covanca, Tanque, Rio de Janeiro - RJ, 22735-020, Brasil",Sudeste,Rio de Janeiro,Rio de Janeiro,TANQUE,,MORRO DA COVANCA,-22.9153838,-43.3443385,"24/10/2025, 05:20:00",true,true,18BPM / GAT,Ação policial,,,false
74253,"Linha Amarela - Bonsucesso, Rio de Janeiro - RJ, Brasil",Sudeste,Rio de Janeiro,Rio de Janeiro,BONSUCESSO,,,-22.8721497,-43.2529577,"24/10/2025, 07:00:00",true,true,3BPM,Tentativa/Roubo,,Perseguição,false
74237,"Rua João Bruno Lobo - Curicica, Rio de Janeiro - RJ, Brasil",Sudeste,Rio de Janeiro,Rio de Janeiro,CURICICA,,,-22.9537359,-43.3829807,"24/10/2025, 14:00:00",false,false,,Disputa,,,false
74239,"Casa Branca - Tijuca, Rio de Janeiro - RJ, 20530-640, Brasil",Sudeste,Rio de Janeiro,Rio de Janeiro,TIJUCA,,CASA BRANCA,-22.93532812,-43.24956973,"24/10/2025, 19:30:00",false,false,,Disputa,,,false
74247,"Rua Carlos Xavier - Osvaldo Cruz, Rio de Janeiro - RJ, Brasil",Sudeste,Rio de Janeiro,Rio de Janeiro,OSVALDO CRUZ,,,-22.8777826,-43.3480704,"24/10/2025, 23:00:00",false,false,,Tentativa/Roubo,,,false
74246,"Casa Branca - Tijuca, Rio de Janeiro - RJ, 20530-640, Brasil",Sudeste,Rio de Janeiro,Rio de Janeiro,TIJUCA,,CASA BRANCA,-22.93532812,-43.24956973,"24/10/2025, 23:00:00",false,false,,Disputa,,,false
74254,"Morro do Campinho - Campinho, Rio de Janeiro - RJ, 21341-370, Brasil",Sudeste,Rio de Janeiro,Rio de Janeiro,CAMPINHO,,MORRO DO CAMPINHO (COMPLEXO DO FUBA),-22.88580685757275,-43.341007450296104,"26/10/2025, 03:34:00",false,false,,Não identificado,,,false
74256,"Vila Kennedy, Rio de Janeiro - RJ, Brasil",Sudeste,Rio de Janeiro,Rio de Janeiro,VILA KENNEDY,,VILA KENNEDY,-22.8572405,-43.4892386,"26/10/2025, 05:00:00",false,false,,Ataque a civis,,Ataques armados sobre rodas,false
74261,"Linha Amarela - Pilares, Rio de Janeiro - RJ, Brasil",Sudeste,Rio de Janeiro,Rio de Janeiro,PILARES,,,-22.8879694,-43.293636,"26/10/2025, 18:00:00",false,false,,Não identificado,,,false
74264,"Complexo da Pedreira, Costa Barros, Rio de Janeiro - RJ, 21515-580, Brasil",Sudeste,Rio de Janeiro,Rio de Janeiro,COSTA BARROS,,COMPLEXO DA PEDREIRA,-22.82425288,-43.36809439,"26/10/2025, 20:00:00",true,true,"41º BPM ",Disputa,,,true
74264,"Complexo da Pedreira, Costa Barros, Rio de Janeiro - RJ, 21515-580, Brasil",Sudeste,Rio de Janeiro,Rio de Janeiro,COSTA BARROS,,COMPLEXO DA PEDREIRA,-22.82425288,-43.36809439,"26/10/2025, 20:00:00",true,true,"41º BPM ",Disputa,,,true
74264,"Complexo da Pedreira, Costa Barros, Rio de Janeiro - RJ, 21515-580, Brasil",Sudeste,Rio de Janeiro,Rio de Janeiro,COSTA BARROS,,COMPLEXO DA PEDREIRA,-22.82425288,-43.36809439,"26/10/2025, 20:00:00",true,true,"41º BPM ",Disputa,,,true
74264,"Complexo da Pedreira, Costa Barros, Rio de Janeiro - RJ, 21515-580, Brasil",Sudeste,Rio de Janeiro,Rio de Janeiro,COSTA BARROS,,COMPLEXO DA PEDREIRA,-22.82425288,-43.36809439,"26/10/2025, 20:00:00",true,true,"41º BPM ",Disputa,,,true
74262,"Vila Isabel, Rio de Janeiro - RJ, 20551-125, Brasil",Sudeste,Rio de Janeiro,Rio de Janeiro,VILA ISABEL,,,-22.9131587," -43.2464234","27/10/2025, 03:10:00",false,false,,Não identificado,,,false
74265,"Morro do Campinho, Cascadura, Rio de Janeiro - RJ, 21311-010, Brasil",Sudeste,Rio de Janeiro,Rio de Janeiro,CASCADURA,,MORRO DO CAMPINHO (COMPLEXO DO FUBA),-22.88509518,-43.337456205,"27/10/2025, 03:45:00",false,false,,Não identificado,,,false
74284,"Complexo da Penha, Penha, Rio de Janeiro - RJ, 21072-570, Brasil",Sudeste,Rio de Janeiro,Rio de Janeiro,PENHA,,COMPLEXO DA PENHA,-22.84802717,-43.28613964,"28/10/2025, 02:00:00",true,true,"PC, BOPE, COE, CORE, PM",Operação policial,,,true
74284,"Complexo da Penha, Penha, Rio de Janeiro - RJ, 21072-570, Brasil",Sudeste,Rio de Janeiro,Rio de Janeiro,PENHA,,COMPLEXO DA PENHA,-22.84802717,-43.28613964,"28/10/2025, 02:00:00",true,true,"PC, BOPE, COE, CORE, PM",Operação policial,,,true
74284,"Complexo da Penha, Penha, Rio de Janeiro - RJ, 21072-570, Brasil",Sudeste,Rio de Janeiro,Rio de Janeiro,PENHA,,COMPLEXO DA PENHA,-22.84802717,-43.28613964,"28/10/2025, 02:00:00",true,true,"PC, BOPE, COE, CORE, PM",Operação policial,,,true
74284,"Complexo da Penha, Penha, Rio de Janeiro - RJ, 21072-570, Brasil",Sudeste,Rio de Janeiro,Rio de Janeiro,PENHA,,COMPLEXO DA PENHA,-22.84802717,-43.28613964,"28/10/2025, 02:00:00",true,true,"PC, BOPE, COE, CORE, PM",Operação policial,,,true
74284,"Complexo da Penha, Penha, Rio de Janeiro - RJ, 21072-570, Brasil",Sudeste,Rio de Janeiro,Rio de Janeiro,PENHA,,COMPLEXO DA PENHA,-22.84802717,-43.28613964,"28/10/2025, 02:00:00",true,true,"PC, BOPE, COE, CORE, PM",Operação policial,,,true
74284,"Complexo da Penha, Penha, Rio de Janeiro - RJ, 21072-570, Brasil",Sudeste,Rio de Janeiro,Rio de Janeiro,PENHA,,COMPLEXO DA PENHA,-22.84802717,-43.28613964,"28/10/2025, 02:00:00",true,true,"PC, BOPE, COE, CORE, PM",Operação policial,,,true
74284,"Complexo da Penha, Penha, Rio de Janeiro - RJ, 21072-570, Brasil",Sudeste,Rio de Janeiro,Rio de Janeiro,PENHA,,COMPLEXO DA PENHA,-22.84802717,-43.28613964,"28/10/2025, 02:00:00",true,true,"PC, BOPE, COE, CORE, PM",Operação policial,,,true
74284,"Complexo da Penha, Penha, Rio de Janeiro - RJ, 21072-570, Brasil",Sudeste,Rio de Janeiro,Rio de Janeiro,PENHA,,COMPLEXO DA PENHA,-22.84802717,-43.28613964,"28/10/2025, 02:00:00",true,true,"PC, BOPE, COE, CORE, PM",Operação policial,,,true
74284,"Complexo da Penha, Penha, Rio de Janeiro - RJ, 21072-570, Brasil",Sudeste,Rio de Janeiro,Rio de Janeiro,PENHA,,COMPLEXO DA PENHA,-22.84802717,-43.28613964,"28/10/2025, 02:00:00",true,true,"PC, BOPE, COE, CORE, PM",Operação policial,,,true
74284,"Complexo da Penha, Penha, Rio de Janeiro - RJ, 21072-570, Brasil",Sudeste,Rio de Janeiro,Rio de Janeiro,PENHA,,COMPLEXO DA PENHA,-22.84802717,-43.28613964,"28/10/2025, 02:00:00",true,true,"PC, BOPE, COE, CORE, PM",Operação policial,,,true
74284,"Complexo da Penha, Penha, Rio de Janeiro - RJ, 21072-570, Brasil",Sudeste,Rio de Janeiro,Rio de Janeiro,PENHA,,COMPLEXO DA PENHA,-22.84802717,-43.28613964,"28/10/2025, 02:00:00",true,true,"PC, BOPE, COE, CORE, PM",Operação policial,,,true
74284,"Complexo da Penha, Penha, Rio de Janeiro - RJ, 21072-570, Brasil",Sudeste,Rio de Janeiro,Rio de Janeiro,PENHA,,COMPLEXO DA PENHA,-22.84802717,-43.28613964,"28/10/2025, 02:00:00",true,true,"PC, BOPE, COE, CORE, PM",Operação policial,,,true
74284,"Complexo da Penha, Penha, Rio de Janeiro - RJ, 21072-570, Brasil",Sudeste,Rio de Janeiro,Rio de Janeiro,PENHA,,COMPLEXO DA PENHA,-22.84802717,-43.28613964,"28/10/2025, 02:00:00",true,true,"PC, BOPE, COE, CORE, PM",Operação policial,,,true
74284,"Complexo da Penha, Penha, Rio de Janeiro - RJ, 21072-570, Brasil",Sudeste,Rio de Janeiro,Rio de Janeiro,PENHA,,COMPLEXO DA PENHA,-22.84802717,-43.28613964,"28/10/2025, 02:00:00",true,true,"PC, BOPE, COE, CORE, PM",Operação policial,,,true
74284,"Complexo da Penha, Penha, Rio de Janeiro - RJ, 21072-570, Brasil",Sudeste,Rio de Janeiro,Rio de Janeiro,PENHA,,COMPLEXO DA PENHA,-22.84802717,-43.28613964,"28/10/2025, 02:00:00",true,true,"PC, BOPE, COE, CORE, PM",Operação policial,,,true
74284,"Complexo da Penha, Penha, Rio de Janeiro - RJ, 21072-570, Brasil",Sudeste,Rio de Janeiro,Rio de Janeiro,PENHA,,COMPLEXO DA PENHA,-22.84802717,-43.28613964,"28/10/2025, 02:00:00",true,true,"PC, BOPE, COE, CORE, PM",Operação policial,,,true
74284,"Complexo da Penha, Penha, Rio de Janeiro - RJ, 21072-570, Brasil",Sudeste,Rio de Janeiro,Rio de Janeiro,PENHA,,COMPLEXO DA PENHA,-22.84802717,-43.28613964,"28/10/2025, 02:00:00",true,true,"PC, BOPE, COE, CORE, PM",Operação policial,,,true
74284,"Complexo da Penha, Penha, Rio de Janeiro - RJ, 21072-570, Brasil",Sudeste,Rio de Janeiro,Rio de Janeiro,PENHA,,COMPLEXO DA PENHA,-22.84802717,-43.28613964,"28/10/2025, 02:00:00",true,true,"PC, BOPE, COE, CORE, PM",Operação policial,,,true
74284,"Complexo da Penha, Penha, Rio de Janeiro - RJ, 21072-570, Brasil",Sudeste,Rio de Janeiro,Rio de Janeiro,PENHA,,COMPLEXO DA PENHA,-22.84802717,-43.28613964,"28/10/2025, 02:00:00",true,true,"PC, BOPE, COE, CORE, PM",Operação policial,,,true
74284,"Complexo da Penha, Penha, Rio de Janeiro - RJ, 21072-570, Brasil",Sudeste,Rio de Janeiro,Rio de Janeiro,PENHA,,COMPLEXO DA PENHA,-22.84802717,-43.28613964,"28/10/2025, 02:00:00",true,true,"PC, BOPE, COE, CORE, PM",Operação policial,,,true
74284,"Complexo da Penha, Penha, Rio de Janeiro - RJ, 21072-570, Brasil",Sudeste,Rio de Janeiro,Rio de Janeiro,PENHA,,COMPLEXO DA PENHA,-22.84802717,-43.28613964,"28/10/2025, 02:00:00",true,true,"PC, BOPE, COE, CORE, PM",Operação policial,,,true
74284,"Complexo da Penha, Penha, Rio de Janeiro - RJ, 21072-570, Brasil",Sudeste,Rio de Janeiro,Rio de Janeiro,PENHA,,COMPLEXO DA PENHA,-22.84802717,-43.28613964,"28/10/2025, 02:00:00",true,true,"PC, BOPE, COE, CORE, PM",Operação policial,,,true
74284,"Complexo da Penha, Penha, Rio de Janeiro - RJ, 21072-570, Brasil",Sudeste,Rio de Janeiro,Rio de Janeiro,PENHA,,COMPLEXO DA PENHA,-22.84802717,-43.28613964,"28/10/2025, 02:00:00",true,true,"PC, BOPE, COE, CORE, PM",Operação policial,,,true
74284,"Complexo da Penha, Penha, Rio de Janeiro - RJ, 21072-570, Brasil",Sudeste,Rio de Janeiro,Rio de Janeiro,PENHA,,COMPLEXO DA PENHA,-22.84802717,-43.28613964,"28/10/2025, 02:00:00",true,true,"PC, BOPE, COE, CORE, PM",Operação policial,,,true
74284,"Complexo da Penha, Penha, Rio de Janeiro - RJ, 21072-570, Brasil",Sudeste,Rio de Janeiro,Rio de Janeiro,PENHA,,COMPLEXO DA PENHA,-22.84802717,-43.28613964,"28/10/2025, 02:00:00",true,true,"PC, BOPE, COE, CORE, PM",Operação policial,,,true
74284,"Complexo da Penha, Penha, Rio de Janeiro - RJ, 21072-570, Brasil",Sudeste,Rio de Janeiro,Rio de Janeiro,PENHA,,COMPLEXO DA PENHA,-22.84802717,-43.28613964,"28/10/2025, 02:00:00",true,true,"PC, BOPE, COE, CORE, PM",Operação policial,,,true
74284,"Complexo da Penha, Penha, Rio de Janeiro - RJ, 21072-570, Brasil",Sudeste,Rio de Janeiro,Rio de Janeiro,PENHA,,COMPLEXO DA PENHA,-22.84802717,-43.28613964,"28/10/2025, 02:00:00",true,true,"PC, BOPE, COE, CORE, PM",Operação policial,,,true
74284,"Complexo da Penha, Penha, Rio de Janeiro - RJ, 21072-570, Brasil",Sudeste,Rio de Janeiro,Rio de Janeiro,PENHA,,COMPLEXO DA PENHA,-22.84802717,-43.28613964,"28/10/2025, 02:00:00",true,true,"PC, BOPE, COE, CORE, PM",Operação policial,,,true
74284,"Complexo da Penha, Penha, Rio de Janeiro - RJ, 21072-570, Brasil",Sudeste,Rio de Janeiro,Rio de Janeiro,PENHA,,COMPLEXO DA PENHA,-22.84802717,-43.28613964,"28/10/2025, 02:00:00",true,true,"PC, BOPE, COE, CORE, PM",Operação policial,,,true
74284,"Complexo da Penha, Penha, Rio de Janeiro - RJ, 21072-570, Brasil",Sudeste,Rio de Janeiro,Rio de Janeiro,PENHA,,COMPLEXO DA PENHA,-22.84802717,-43.28613964,"28/10/2025, 02:00:00",true,true,"PC, BOPE, COE, CORE, PM",Operação policial,,,true
74284,"Complexo da Penha, Penha, Rio de Janeiro - RJ, 21072-570, Brasil",Sudeste,Rio de Janeiro,Rio de Janeiro,PENHA,,COMPLEXO DA PENHA,-22.84802717,-43.28613964,"28/10/2025, 02:00:00",true,true,"PC, BOPE, COE, CORE, PM",Operação policial,,,true
74284,"Complexo da Penha, Penha, Rio de Janeiro - RJ, 21072-570, Brasil",Sudeste,Rio de Janeiro,Rio de Janeiro,PENHA,,COMPLEXO DA PENHA,-22.84802717,-43.28613964,"28/10/2025, 02:00:00",true,true,"PC, BOPE, COE, CORE, PM",Operação policial,,,true
74284,"Complexo da Penha, Penha, Rio de Janeiro - RJ, 21072-570, Brasil",Sudeste,Rio de Janeiro,Rio de Janeiro,PENHA,,COMPLEXO DA PENHA,-22.84802717,-43.28613964,"28/10/2025, 02:00:00",true,true,"PC, BOPE, COE, CORE, PM",Operação policial,,,true
74284,"Complexo da Penha, Penha, Rio de Janeiro - RJ, 21072-570, Brasil",Sudeste,Rio de Janeiro,Rio de Janeiro,PENHA,,COMPLEXO DA PENHA,-22.84802717,-43.28613964,"28/10/2025, 02:00:00",true,true,"PC, BOPE, COE, CORE, PM",Operação policial,,,true
74284,"Complexo da Penha, Penha, Rio de Janeiro - RJ, 21072-570, Brasil",Sudeste,Rio de Janeiro,Rio de Janeiro,PENHA,,COMPLEXO DA PENHA,-22.84802717,-43.28613964,"28/10/2025, 02:00:00",true,true,"PC, BOPE, COE, CORE, PM",Operação policial,,,true
74284,"Complexo da Penha, Penha, Rio de Janeiro - RJ, 21072-570, Brasil",Sudeste,Rio de Janeiro,Rio de Janeiro,PENHA,,COMPLEXO DA PENHA,-22.84802717,-43.28613964,"28/10/2025, 02:00:00",true,true,"PC, BOPE, COE, CORE, PM",Operação policial,,,true
74284,"Complexo da Penha, Penha, Rio de Janeiro - RJ, 21072-570, Brasil",Sudeste,Rio de Janeiro,Rio de Janeiro,PENHA,,COMPLEXO DA PENHA,-22.84802717,-43.28613964,"28/10/2025, 02:00:00",true,true,"PC, BOPE, COE, CORE, PM",Operação policial,,,true
74284,"Complexo da Penha, Penha, Rio de Janeiro - RJ, 21072-570, Brasil",Sudeste,Rio de Janeiro,Rio de Janeiro,PENHA,,COMPLEXO DA PENHA,-22.84802717,-43.28613964,"28/10/2025, 02:00:00",true,true,"PC, BOPE, COE, CORE, PM",Operação policial,,,true
74284,"Complexo da Penha, Penha, Rio de Janeiro - RJ, 21072-570, Brasil",Sudeste,Rio de Janeiro,Rio de Janeiro,PENHA,,COMPLEXO DA PENHA,-22.84802717,-43.28613964,"28/10/2025, 02:00:00",true,true,"PC, BOPE, COE, CORE, PM",Operação policial,,,true
74284,"Complexo da Penha, Penha, Rio de Janeiro - RJ, 21072-570, Brasil",Sudeste,Rio de Janeiro,Rio de Janeiro,PENHA,,COMPLEXO DA PENHA,-22.84802717,-43.28613964,"28/10/2025, 02:00:00",true,true,"PC, BOPE, COE, CORE, PM",Operação policial,,,true
74284,"Complexo da Penha, Penha, Rio de Janeiro - RJ, 21072-570, Brasil",Sudeste,Rio de Janeiro,Rio de Janeiro,PENHA,,COMPLEXO DA PENHA,-22.84802717,-43.28613964,"28/10/2025, 02:00:00",true,true,"PC, BOPE, COE, CORE, PM",Operação policial,,,true
74284,"Complexo da Penha, Penha, Rio de Janeiro - RJ, 21072-570, Brasil",Sudeste,Rio de Janeiro,Rio de Janeiro,PENHA,,COMPLEXO DA PENHA,-22.84802717,-43.28613964,"28/10/2025, 02:00:00",true,true,"PC, BOPE, COE, CORE, PM",Operação policial,,,true
74284,"Complexo da Penha, Penha, Rio de Janeiro - RJ, 21072-570, Brasil",Sudeste,Rio de Janeiro,Rio de Janeiro,PENHA,,COMPLEXO DA PENHA,-22.84802717,-43.28613964,"28/10/2025, 02:00:00",true,true,"PC, BOPE, COE, CORE, PM",Operação policial,,,true
74284,"Complexo da Penha, Penha, Rio de Janeiro - RJ, 21072-570, Brasil",Sudeste,Rio de Janeiro,Rio de Janeiro,PENHA,,COMPLEXO DA PENHA,-22.84802717,-43.28613964,"28/10/2025, 02:00:00",true,true,"PC, BOPE, COE, CORE, PM",Operação policial,,,true
74284,"Complexo da Penha, Penha, Rio de Janeiro - RJ, 21072-570, Brasil",Sudeste,Rio de Janeiro,Rio de Janeiro,PENHA,,COMPLEXO DA PENHA,-22.84802717,-43.28613964,"28/10/2025, 02:00:00",true,true,"PC, BOPE, COE, CORE, PM",Operação policial,,,true
74284,"Complexo da Penha, Penha, Rio de Janeiro - RJ, 21072-570, Brasil",Sudeste,Rio de Janeiro,Rio de Janeiro,PENHA,,COMPLEXO DA PENHA,-22.84802717,-43.28613964,"28/10/2025, 02:00:00",true,true,"PC, BOPE, COE, CORE, PM",Operação policial,,,true
74284,"Complexo da Penha, Penha, Rio de Janeiro - RJ, 21072-570, Brasil",Sudeste,Rio de Janeiro,Rio de Janeiro,PENHA,,COMPLEXO DA PENHA,-22.84802717,-43.28613964,"28/10/2025, 02:00:00",true,true,"PC, BOPE, COE, CORE, PM",Operação policial,,,true
74284,"Complexo da Penha, Penha, Rio de Janeiro - RJ, 21072-570, Brasil",Sudeste,Rio de Janeiro,Rio de Janeiro,PENHA,,COMPLEXO DA PENHA,-22.84802717,-43.28613964,"28/10/2025, 02:00:00",true,true,"PC, BOPE, COE, CORE, PM",Operação policial,,,true
74284,"Complexo da Penha, Penha, Rio de Janeiro - RJ, 21072-570, Brasil",Sudeste,Rio de Janeiro,Rio de Janeiro,PENHA,,COMPLEXO DA PENHA,-22.84802717,-43.28613964,"28/10/2025, 02:00:00",true,true,"PC, BOPE, COE, CORE, PM",Operação policial,,,true
74284,"Complexo da Penha, Penha, Rio de Janeiro - RJ, 21072-570, Brasil",Sudeste,Rio de Janeiro,Rio de Janeiro,PENHA,,COMPLEXO DA PENHA,-22.84802717,-43.28613964,"28/10/2025, 02:00:00",true,true,"PC, BOPE, COE, CORE, PM",Operação policial,,,true
74284,"Complexo da Penha, Penha, Rio de Janeiro - RJ, 21072-570, Brasil",Sudeste,Rio de Janeiro,Rio de Janeiro,PENHA,,COMPLEXO DA PENHA,-22.84802717,-43.28613964,"28/10/2025, 02:00:00",true,true,"PC, BOPE, COE, CORE, PM",Operação policial,,,true
74284,"Complexo da Penha, Penha, Rio de Janeiro - RJ, 21072-570, Brasil",Sudeste,Rio de Janeiro,Rio de Janeiro,PENHA,,COMPLEXO DA PENHA,-22.84802717,-43.28613964,"28/10/2025, 02:00:00",true,true,"PC, BOPE, COE, CORE, PM",Operação policial,,,true
74284,"Complexo da Penha, Penha, Rio de Janeiro - RJ, 21072-570, Brasil",Sudeste,Rio de Janeiro,Rio de Janeiro,PENHA,,COMPLEXO DA PENHA,-22.84802717,-43.28613964,"28/10/2025, 02:00:00",true,true,"PC, BOPE, COE, CORE, PM",Operação policial,,,true
74284,"Complexo da Penha, Penha, Rio de Janeiro - RJ, 21072-570, Brasil",Sudeste,Rio de Janeiro,Rio de Janeiro,PENHA,,COMPLEXO DA PENHA,-22.84802717,-43.28613964,"28/10/2025, 02:00:00",true,true,"PC, BOPE, COE, CORE, PM",Operação policial,,,true
74284,"Complexo da Penha, Penha, Rio de Janeiro - RJ, 21072-570, Brasil",Sudeste,Rio de Janeiro,Rio de Janeiro,PENHA,,COMPLEXO DA PENHA,-22.84802717,-43.28613964,"28/10/2025, 02:00:00",true,true,"PC, BOPE, COE, CORE, PM",Operação policial,,,true
74284,"Complexo da Penha, Penha, Rio de Janeiro - RJ, 21072-570, Brasil",Sudeste,Rio de Janeiro,Rio de Janeiro,PENHA,,COMPLEXO DA PENHA,-22.84802717,-43.28613964,"28/10/2025, 02:00:00",true,true,"PC, BOPE, COE, CORE, PM",Operação policial,,,true
74284,"Complexo da Penha, Penha, Rio de Janeiro - RJ, 21072-570, Brasil",Sudeste,Rio de Janeiro,Rio de Janeiro,PENHA,,COMPLEXO DA PENHA,-22.84802717,-43.28613964,"28/10/2025, 02:00:00",true,true,"PC, BOPE, COE, CORE, PM",Operação policial,,,true
74284,"Complexo da Penha, Penha, Rio de Janeiro - RJ, 21072-570, Brasil",Sudeste,Rio de Janeiro,Rio de Janeiro,PENHA,,COMPLEXO DA PENHA,-22.84802717,-43.28613964,"28/10/2025, 02:00:00",true,true,"PC, BOPE, COE, CORE, PM",Operação policial,,,true
74284,"Complexo da Penha, Penha, Rio de Janeiro - RJ, 21072-570, Brasil",Sudeste,Rio de Janeiro,Rio de Janeiro,PENHA,,COMPLEXO DA PENHA,-22.84802717,-43.28613964,"28/10/2025, 02:00:00",true,true,"PC, BOPE, COE, CORE, PM",Operação policial,,,true
74284,"Complexo da Penha, Penha, Rio de Janeiro - RJ, 21072-570, Brasil",Sudeste,Rio de Janeiro,Rio de Janeiro,PENHA,,COMPLEXO DA PENHA,-22.84802717,-43.28613964,"28/10/2025, 02:00:00",true,true,"PC, BOPE, COE, CORE, PM",Operação policial,,,true
74284,"Complexo da Penha, Penha, Rio de Janeiro - RJ, 21072-570, Brasil",Sudeste,Rio de Janeiro,Rio de Janeiro,PENHA,,COMPLEXO DA PENHA,-22.84802717,-43.28613964,"28/10/2025, 02:00:00",true,true,"PC, BOPE, COE, CORE, PM",Operação policial,,,true
74284,"Complexo da Penha, Penha, Rio de Janeiro - RJ, 21072-570, Brasil",Sudeste,Rio de Janeiro,Rio de Janeiro,PENHA,,COMPLEXO DA PENHA,-22.84802717,-43.28613964,"28/10/2025, 02:00:00",true,true,"PC, BOPE, COE, CORE, PM",Operação policial,,,true
74284,"Complexo da Penha, Penha, Rio de Janeiro - RJ, 21072-570, Brasil",Sudeste,Rio de Janeiro,Rio de Janeiro,PENHA,,COMPLEXO DA PENHA,-22.84802717,-43.28613964,"28/10/2025, 02:00:00",true,true,"PC, BOPE, COE, CORE, PM",Operação policial,,,true
74284,"Complexo da Penha, Penha, Rio de Janeiro - RJ, 21072-570, Brasil",Sudeste,Rio de Janeiro,Rio de Janeiro,PENHA,,COMPLEXO DA PENHA,-22.84802717,-43.28613964,"28/10/2025, 02:00:00",true,true,"PC, BOPE, COE, CORE, PM",Operação policial,,,true
74284,"Complexo da Penha, Penha, Rio de Janeiro - RJ, 21072-570, Brasil",Sudeste,Rio de Janeiro,Rio de Janeiro,PENHA,,COMPLEXO DA PENHA,-22.84802717,-43.28613964,"28/10/2025, 02:00:00",true,true,"PC, BOPE, COE, CORE, PM",Operação policial,,,true
74284,"Complexo da Penha, Penha, Rio de Janeiro - RJ, 21072-570, Brasil",Sudeste,Rio de Janeiro,Rio de Janeiro,PENHA,,COMPLEXO DA PENHA,-22.84802717,-43.28613964,"28/10/2025, 02:00:00",true,true,"PC, BOPE, COE, CORE, PM",Operação policial,,,true
74284,"Complexo da Penha, Penha, Rio de Janeiro - RJ, 21072-570, Brasil",Sudeste,Rio de Janeiro,Rio de Janeiro,PENHA,,COMPLEXO DA PENHA,-22.84802717,-43.28613964,"28/10/2025, 02:00:00",true,true,"PC, BOPE, COE, CORE, PM",Operação policial,,,true
74284,"Complexo da Penha, Penha, Rio de Janeiro - RJ, 21072-570, Brasil",Sudeste,Rio de Janeiro,Rio de Janeiro,PENHA,,COMPLEXO DA PENHA,-22.84802717,-43.28613964,"28/10/2025, 02:00:00",true,true,"PC, BOPE, COE, CORE, PM",Operação policial,,,true
74284,"Complexo da Penha, Penha, Rio de Janeiro - RJ, 21072-570, Brasil",Sudeste,Rio de Janeiro,Rio de Janeiro,PENHA,,COMPLEXO DA PENHA,-22.84802717,-43.28613964,"28/10/2025, 02:00:00",true,true,"PC, BOPE, COE, CORE, PM",Operação policial,,,true
74284,"Complexo da Penha, Penha, Rio de Janeiro - RJ, 21072-570, Brasil",Sudeste,Rio de Janeiro,Rio de Janeiro,PENHA,,COMPLEXO DA PENHA,-22.84802717,-43.28613964,"28/10/2025, 02:00:00",true,true,"PC, BOPE, COE, CORE, PM",Operação policial,,,true
74284,"Complexo da Penha, Penha, Rio de Janeiro - RJ, 21072-570, Brasil",Sudeste,Rio de Janeiro,Rio de Janeiro,PENHA,,COMPLEXO DA PENHA,-22.84802717,-43.28613964,"28/10/2025, 02:00:00",true,true,"PC, BOPE, COE, CORE, PM",Operação policial,,,true
74284,"Complexo da Penha, Penha, Rio de Janeiro - RJ, 21072-570, Brasil",Sudeste,Rio de Janeiro,Rio de Janeiro,PENHA,,COMPLEXO DA PENHA,-22.84802717,-43.28613964,"28/10/2025, 02:00:00",true,true,"PC, BOPE, COE, CORE, PM",Operação policial,,,true
74284,"Complexo da Penha, Penha, Rio de Janeiro - RJ, 21072-570, Brasil",Sudeste,Rio de Janeiro,Rio de Janeiro,PENHA,,COMPLEXO DA PENHA,-22.84802717,-43.28613964,"28/10/2025, 02:00:00",true,true,"PC, BOPE, COE, CORE, PM",Operação policial,,,true
74284,"Complexo da Penha, Penha, Rio de Janeiro - RJ, 21072-570, Brasil",Sudeste,Rio de Janeiro,Rio de Janeiro,PENHA,,COMPLEXO DA PENHA,-22.84802717,-43.28613964,"28/10/2025, 02:00:00",true,true,"PC, BOPE, COE, CORE, PM",Operação policial,,,true
74284,"Complexo da Penha, Penha, Rio de Janeiro - RJ, 21072-570, Brasil",Sudeste,Rio de Janeiro,Rio de Janeiro,PENHA,,COMPLEXO DA PENHA,-22.84802717,-43.28613964,"28/10/2025, 02:00:00",true,true,"PC, BOPE, COE, CORE, PM",Operação policial,,,true
74284,"Complexo da Penha, Penha, Rio de Janeiro - RJ, 21072-570, Brasil",Sudeste,Rio de Janeiro,Rio de Janeiro,PENHA,,COMPLEXO DA PENHA,-22.84802717,-43.28613964,"28/10/2025, 02:00:00",true,true,"PC, BOPE, COE, CORE, PM",Operação policial,,,true
74284,"Complexo da Penha, Penha, Rio de Janeiro - RJ, 21072-570, Brasil",Sudeste,Rio de Janeiro,Rio de Janeiro,PENHA,,COMPLEXO DA PENHA,-22.84802717,-43.28613964,"28/10/2025, 02:00:00",true,true,"PC, BOPE, COE, CORE, PM",Operação policial,,,true
74284,"Complexo da Penha, Penha, Rio de Janeiro - RJ, 21072-570, Brasil",Sudeste,Rio de Janeiro,Rio de Janeiro,PENHA,,COMPLEXO DA PENHA,-22.84802717,-43.28613964,"28/10/2025, 02:00:00",true,true,"PC, BOPE, COE, CORE, PM",Operação policial,,,true
74284,"Complexo da Penha, Penha, Rio de Janeiro - RJ, 21072-570, Brasil",Sudeste,Rio de Janeiro,Rio de Janeiro,PENHA,,COMPLEXO DA PENHA,-22.84802717,-43.28613964,"28/10/2025, 02:00:00",true,true,"PC, BOPE, COE, CORE, PM",Operação policial,,,true
74284,"Complexo da Penha, Penha, Rio de Janeiro - RJ, 21072-570, Brasil",Sudeste,Rio de Janeiro,Rio de Janeiro,PENHA,,COMPLEXO DA PENHA,-22.84802717,-43.28613964,"28/10/2025, 02:00:00",true,true,"PC, BOPE, COE, CORE, PM",Operação policial,,,true
74284,"Complexo da Penha, Penha, Rio de Janeiro - RJ, 21072-570, Brasil",Sudeste,Rio de Janeiro,Rio de Janeiro,PENHA,,COMPLEXO DA PENHA,-22.84802717,-43.28613964,"28/10/2025, 02:00:00",true,true,"PC, BOPE, COE, CORE, PM",Operação policial,,,true
74284,"Complexo da Penha, Penha, Rio de Janeiro - RJ, 21072-570, Brasil",Sudeste,Rio de Janeiro,Rio de Janeiro,PENHA,,COMPLEXO DA PENHA,-22.84802717,-43.28613964,"28/10/2025, 02:00:00",true,true,"PC, BOPE, COE, CORE, PM",Operação policial,,,true
74284,"Complexo da Penha, Penha, Rio de Janeiro - RJ, 21072-570, Brasil",Sudeste,Rio de Janeiro,Rio de Janeiro,PENHA,,COMPLEXO DA PENHA,-22.84802717,-43.28613964,"28/10/2025, 02:00:00",true,true,"PC, BOPE, COE, CORE, PM",Operação policial,,,true
74284,"Complexo da Penha, Penha, Rio de Janeiro - RJ, 21072-570, Brasil",Sudeste,Rio de Janeiro,Rio de Janeiro,PENHA,,COMPLEXO DA PENHA,-22.84802717,-43.28613964,"28/10/2025, 02:00:00",true,true,"PC, BOPE, COE, CORE, PM",Operação policial,,,true
74284,"Complexo da Penha, Penha, Rio de Janeiro - RJ, 21072-570, Brasil",Sudeste,Rio de Janeiro,Rio de Janeiro,PENHA,,COMPLEXO DA PENHA,-22.84802717,-43.28613964,"28/10/2025, 02:00:00",true,true,"PC, BOPE, COE, CORE, PM",Operação policial,,,true
74284,"Complexo da Penha, Penha, Rio de Janeiro - RJ, 21072-570, Brasil",Sudeste,Rio de Janeiro,Rio de Janeiro,PENHA,,COMPLEXO DA PENHA,-22.84802717,-43.28613964,"28/10/2025, 02:00:00",true,true,"PC, BOPE, COE, CORE, PM",Operação policial,,,true
74284,"Complexo da Penha, Penha, Rio de Janeiro - RJ, 21072-570, Brasil",Sudeste,Rio de Janeiro,Rio de Janeiro,PENHA,,COMPLEXO DA PENHA,-22.84802717,-43.28613964,"28/10/2025, 02:00:00",true,true,"PC, BOPE, COE, CORE, PM",Operação policial,,,true
74284,"Complexo da Penha, Penha, Rio de Janeiro - RJ, 21072-570, Brasil",Sudeste,Rio de Janeiro,Rio de Janeiro,PENHA,,COMPLEXO DA PENHA,-22.84802717,-43.28613964,"28/10/2025, 02:00:00",true,true,"PC, BOPE, COE, CORE, PM",Operação policial,,,true
74284,"Complexo da Penha, Penha, Rio de Janeiro - RJ, 21072-570, Brasil",Sudeste,Rio de Janeiro,Rio de Janeiro,PENHA,,COMPLEXO DA PENHA,-22.84802717,-43.28613964,"28/10/2025, 02:00:00",true,true,"PC, BOPE, COE, CORE, PM",Operação policial,,,true
74284,"Complexo da Penha, Penha, Rio de Janeiro - RJ, 21072-570, Brasil",Sudeste,Rio de Janeiro,Rio de Janeiro,PENHA,,COMPLEXO DA PENHA,-22.84802717,-43.28613964,"28/10/2025, 02:00:00",true,true,"PC, BOPE, COE, CORE, PM",Operação policial,,,true
74284,"Complexo da Penha, Penha, Rio de Janeiro - RJ, 21072-570, Brasil",Sudeste,Rio de Janeiro,Rio de Janeiro,PENHA,,COMPLEXO DA PENHA,-22.84802717,-43.28613964,"28/10/2025, 02:00:00",true,true,"PC, BOPE, COE, CORE, PM",Operação policial,,,true
74284,"Complexo da Penha, Penha, Rio de Janeiro - RJ, 21072-570, Brasil",Sudeste,Rio de Janeiro,Rio de Janeiro,PENHA,,COMPLEXO DA PENHA,-22.84802717,-43.28613964,"28/10/2025, 02:00:00",true,true,"PC, BOPE, COE, CORE, PM",Operação policial,,,true
74284,"Complexo da Penha, Penha, Rio de Janeiro - RJ, 21072-570, Brasil",Sudeste,Rio de Janeiro,Rio de Janeiro,PENHA,,COMPLEXO DA PENHA,-22.84802717,-43.28613964,"28/10/2025, 02:00:00",true,true,"PC, BOPE, COE, CORE, PM",Operação policial,,,true
74284,"Complexo da Penha, Penha, Rio de Janeiro - RJ, 21072-570, Brasil",Sudeste,Rio de Janeiro,Rio de Janeiro,PENHA,,COMPLEXO DA PENHA,-22.84802717,-43.28613964,"28/10/2025, 02:00:00",true,true,"PC, BOPE, COE, CORE, PM",Operação policial,,,true
74284,"Complexo da Penha, Penha, Rio de Janeiro - RJ, 21072-570, Brasil",Sudeste,Rio de Janeiro,Rio de Janeiro,PENHA,,COMPLEXO DA PENHA,-22.84802717,-43.28613964,"28/10/2025, 02:00:00",true,true,"PC, BOPE, COE, CORE, PM",Operação policial,,,true
74284,"Complexo da Penha, Penha, Rio de Janeiro - RJ, 21072-570, Brasil",Sudeste,Rio de Janeiro,Rio de Janeiro,PENHA,,COMPLEXO DA PENHA,-22.84802717,-43.28613964,"28/10/2025, 02:00:00",true,true,"PC, BOPE, COE, CORE, PM",Operação policial,,,true
74284,"Complexo da Penha, Penha, Rio de Janeiro - RJ, 21072-570, Brasil",Sudeste,Rio de Janeiro,Rio de Janeiro,PENHA,,COMPLEXO DA PENHA,-22.84802717,-43.28613964,"28/10/2025, 02:00:00",true,true,"PC, BOPE, COE, CORE, PM",Operação policial,,,true
74284,"Complexo da Penha, Penha, Rio de Janeiro - RJ, 21072-570, Brasil",Sudeste,Rio de Janeiro,Rio de Janeiro,PENHA,,COMPLEXO DA PENHA,-22.84802717,-43.28613964,"28/10/2025, 02:00:00",true,true,"PC, BOPE, COE, CORE, PM",Operação policial,,,true
74284,"Complexo da Penha, Penha, Rio de Janeiro - RJ, 21072-570, Brasil",Sudeste,Rio de Janeiro,Rio de Janeiro,PENHA,,COMPLEXO DA PENHA,-22.84802717,-43.28613964,"28/10/2025, 02:00:00",true,true,"PC, BOPE, COE, CORE, PM",Operação policial,,,true
74284,"Complexo da Penha, Penha, Rio de Janeiro - RJ, 21072-570, Brasil",Sudeste,Rio de Janeiro,Rio de Janeiro,PENHA,,COMPLEXO DA PENHA,-22.84802717,-43.28613964,"28/10/2025, 02:00:00",true,true,"PC, BOPE, COE, CORE, PM",Operação policial,,,true
74284,"Complexo da Penha, Penha, Rio de Janeiro - RJ, 21072-570, Brasil",Sudeste,Rio de Janeiro,Rio de Janeiro,PENHA,,COMPLEXO DA PENHA,-22.84802717,-43.28613964,"28/10/2025, 02:00:00",true,true,"PC, BOPE, COE, CORE, PM",Operação policial,,,true
74284,"Complexo da Penha, Penha, Rio de Janeiro - RJ, 21072-570, Brasil",Sudeste,Rio de Janeiro,Rio de Janeiro,PENHA,,COMPLEXO DA PENHA,-22.84802717,-43.28613964,"28/10/2025, 02:00:00",true,true,"PC, BOPE, COE, CORE, PM",Operação policial,,,true
74284,"Complexo da Penha, Penha, Rio de Janeiro - RJ, 21072-570, Brasil",Sudeste,Rio de Janeiro,Rio de Janeiro,PENHA,,COMPLEXO DA PENHA,-22.84802717,-43.28613964,"28/10/2025, 02:00:00",true,true,"PC, BOPE, COE, CORE, PM",Operação policial,,,true
74284,"Complexo da Penha, Penha, Rio de Janeiro - RJ, 21072-570, Brasil",Sudeste,Rio de Janeiro,Rio de Janeiro,PENHA,,COMPLEXO DA PENHA,-22.84802717,-43.28613964,"28/10/2025, 02:00:00",true,true,"PC, BOPE, COE, CORE, PM",Operação policial,,,true
74284,"Complexo da Penha, Penha, Rio de Janeiro - RJ, 21072-570, Brasil",Sudeste,Rio de Janeiro,Rio de Janeiro,PENHA,,COMPLEXO DA PENHA,-22.84802717,-43.28613964,"28/10/2025, 02:00:00",true,true,"PC, BOPE, COE, CORE, PM",Operação policial,,,true
74284,"Complexo da Penha, Penha, Rio de Janeiro - RJ, 21072-570, Brasil",Sudeste,Rio de Janeiro,Rio de Janeiro,PENHA,,COMPLEXO DA PENHA,-22.84802717,-43.28613964,"28/10/2025, 02:00:00",true,true,"PC, BOPE, COE, CORE, PM",Operação policial,,,true
74284,"Complexo da Penha, Penha, Rio de Janeiro - RJ, 21072-570, Brasil",Sudeste,Rio de Janeiro,Rio de Janeiro,PENHA,,COMPLEXO DA PENHA,-22.84802717,-43.28613964,"28/10/2025, 02:00:00",true,true,"PC, BOPE, COE, CORE, PM",Operação policial,,,true
74284,"Complexo da Penha, Penha, Rio de Janeiro - RJ, 21072-570, Brasil",Sudeste,Rio de Janeiro,Rio de Janeiro,PENHA,,COMPLEXO DA PENHA,-22.84802717,-43.28613964,"28/10/2025, 02:00:00",true,true,"PC, BOPE, COE, CORE, PM",Operação policial,,,true
74284,"Complexo da Penha, Penha, Rio de Janeiro - RJ, 21072-570, Brasil",Sudeste,Rio de Janeiro,Rio de Janeiro,PENHA,,COMPLEXO DA PENHA,-22.84802717,-43.28613964,"28/10/2025, 02:00:00",true,true,"PC, BOPE, COE, CORE, PM",Operação policial,,,true
74284,"Complexo da Penha, Penha, Rio de Janeiro - RJ, 21072-570, Brasil",Sudeste,Rio de Janeiro,Rio de Janeiro,PENHA,,COMPLEXO DA PENHA,-22.84802717,-43.28613964,"28/10/2025, 02:00:00",true,true,"PC, BOPE, COE, CORE, PM",Operação policial,,,true
74284,"Complexo da Penha, Penha, Rio de Janeiro - RJ, 21072-570, Brasil",Sudeste,Rio de Janeiro,Rio de Janeiro,PENHA,,COMPLEXO DA PENHA,-22.84802717,-43.28613964,"28/10/2025, 02:00:00",true,true,"PC, BOPE, COE, CORE, PM",Operação policial,,,true
74284,"Complexo da Penha, Penha, Rio de Janeiro - RJ, 21072-570, Brasil",Sudeste,Rio de Janeiro,Rio de Janeiro,PENHA,,COMPLEXO DA PENHA,-22.84802717,-43.28613964,"28/10/2025, 02:00:00",true,true,"PC, BOPE, COE, CORE, PM",Operação policial,,,true
74284,"Complexo da Penha, Penha, Rio de Janeiro - RJ, 21072-570, Brasil",Sudeste,Rio de Janeiro,Rio de Janeiro,PENHA,,COMPLEXO DA PENHA,-22.84802717,-43.28613964,"28/10/2025, 02:00:00",true,true,"PC, BOPE, COE, CORE, PM",Operação policial,,,true
74284,"Complexo da Penha, Penha, Rio de Janeiro - RJ, 21072-570, Brasil",Sudeste,Rio de Janeiro,Rio de Janeiro,PENHA,,COMPLEXO DA PENHA,-22.84802717,-43.28613964,"28/10/2025, 02:00:00",true,true,"PC, BOPE, COE, CORE, PM",Operação policial,,,true
74284,"Complexo da Penha, Penha, Rio de Janeiro - RJ, 21072-570, Brasil",Sudeste,Rio de Janeiro,Rio de Janeiro,PENHA,,COMPLEXO DA PENHA,-22.84802717,-43.28613964,"28/10/2025, 02:00:00",true,true,"PC, BOPE, COE, CORE, PM",Operação policial,,,true
74284,"Complexo da Penha, Penha, Rio de Janeiro - RJ, 21072-570, Brasil",Sudeste,Rio de Janeiro,Rio de Janeiro,PENHA,,COMPLEXO DA PENHA,-22.84802717,-43.28613964,"28/10/2025, 02:00:00",true,true,"PC, BOPE, COE, CORE, PM",Operação policial,,,true
74284,"Complexo da Penha, Penha, Rio de Janeiro - RJ, 21072-570, Brasil",Sudeste,Rio de Janeiro,Rio de Janeiro,PENHA,,COMPLEXO DA PENHA,-22.84802717,-43.28613964,"28/10/2025, 02:00:00",true,true,"PC, BOPE, COE, CORE, PM",Operação policial,,,true
74284,"Complexo da Penha, Penha, Rio de Janeiro - RJ, 21072-570, Brasil",Sudeste,Rio de Janeiro,Rio de Janeiro,PENHA,,COMPLEXO DA PENHA,-22.84802717,-43.28613964,"28/10/2025, 02:00:00",true,true,"PC, BOPE, COE, CORE, PM",Operação policial,,,true
74284,"Complexo da Penha, Penha, Rio de Janeiro - RJ, 21072-570, Brasil",Sudeste,Rio de Janeiro,Rio de Janeiro,PENHA,,COMPLEXO DA PENHA,-22.84802717,-43.28613964,"28/10/2025, 02:00:00",true,true,"PC, BOPE, COE, CORE, PM",Operação policial,,,true
74284,"Complexo da Penha, Penha, Rio de Janeiro - RJ, 21072-570, Brasil",Sudeste,Rio de Janeiro,Rio de Janeiro,PENHA,,COMPLEXO DA PENHA,-22.84802717,-43.28613964,"28/10/2025, 02:00:00",true,true,"PC, BOPE, COE, CORE, PM",Operação policial,,,true
74284,"Complexo da Penha, Penha, Rio de Janeiro - RJ, 21072-570, Brasil",Sudeste,Rio de Janeiro,Rio de Janeiro,PENHA,,COMPLEXO DA PENHA,-22.84802717,-43.28613964,"28/10/2025, 02:00:00",true,true,"PC, BOPE, COE, CORE, PM",Operação policial,,,true
74284,"Complexo da Penha, Penha, Rio de Janeiro - RJ, 21072-570, Brasil",Sudeste,Rio de Janeiro,Rio de Janeiro,PENHA,,COMPLEXO DA PENHA,-22.84802717,-43.28613964,"28/10/2025, 02:00:00",true,true,"PC, BOPE, COE, CORE, PM",Operação policial,,,true
74284,"Complexo da Penha, Penha, Rio de Janeiro - RJ, 21072-570, Brasil",Sudeste,Rio de Janeiro,Rio de Janeiro,PENHA,,COMPLEXO DA PENHA,-22.84802717,-43.28613964,"28/10/2025, 02:00:00",true,true,"PC, BOPE, COE, CORE, PM",Operação policial,,,true
74284,"Complexo da Penha, Penha, Rio de Janeiro - RJ, 21072-570, Brasil",Sudeste,Rio de Janeiro,Rio de Janeiro,PENHA,,COMPLEXO DA PENHA,-22.84802717,-43.28613964,"28/10/2025, 02:00:00",true,true,"PC, BOPE, COE, CORE, PM",Operação policial,,,true
74284,"Complexo da Penha, Penha, Rio de Janeiro - RJ, 21072-570, Brasil",Sudeste,Rio de Janeiro,Rio de Janeiro,PENHA,,COMPLEXO DA PENHA,-22.84802717,-43.28613964,"28/10/2025, 02:00:00",true,true,"PC, BOPE, COE, CORE, PM",Operação policial,,,true
74284,"Complexo da Penha, Penha, Rio de Janeiro - RJ, 21072-570, Brasil",Sudeste,Rio de Janeiro,Rio de Janeiro,PENHA,,COMPLEXO DA PENHA,-22.84802717,-43.28613964,"28/10/2025, 02:00:00",true,true,"PC, BOPE, COE, CORE, PM",Operação policial,,,true
74284,"Complexo da Penha, Penha, Rio de Janeiro - RJ, 21072-570, Brasil",Sudeste,Rio de Janeiro,Rio de Janeiro,PENHA,,COMPLEXO DA PENHA,-22.84802717,-43.28613964,"28/10/2025, 02:00:00",true,true,"PC, BOPE, COE, CORE, PM",Operação policial,,,true
74284,"Complexo da Penha, Penha, Rio de Janeiro - RJ, 21072-570, Brasil",Sudeste,Rio de Janeiro,Rio de Janeiro,PENHA,,COMPLEXO DA PENHA,-22.84802717,-43.28613964,"28/10/2025, 02:00:00",true,true,"PC, BOPE, COE, CORE, PM",Operação policial,,,true
74284,"Complexo da Penha, Penha, Rio de Janeiro - RJ, 21072-570, Brasil",Sudeste,Rio de Janeiro,Rio de Janeiro,PENHA,,COMPLEXO DA PENHA,-22.84802717,-43.28613964,"28/10/2025, 02:00:00",true,true,"PC, BOPE, COE, CORE, PM",Operação policial,,,true
74284,"Complexo da Penha, Penha, Rio de Janeiro - RJ, 21072-570, Brasil",Sudeste,Rio de Janeiro,Rio de Janeiro,PENHA,,COMPLEXO DA PENHA,-22.84802717,-43.28613964,"28/10/2025, 02:00:00",true,true,"PC, BOPE, COE, CORE, PM",Operação policial,,,true
74284,"Complexo da Penha, Penha, Rio de Janeiro - RJ, 21072-570, Brasil",Sudeste,Rio de Janeiro,Rio de Janeiro,PENHA,,COMPLEXO DA PENHA,-22.84802717,-43.28613964,"28/10/2025, 02:00:00",true,true,"PC, BOPE, COE, CORE, PM",Operação policial,,,true
74284,"Complexo da Penha, Penha, Rio de Janeiro - RJ, 21072-570, Brasil",Sudeste,Rio de Janeiro,Rio de Janeiro,PENHA,,COMPLEXO DA PENHA,-22.84802717,-43.28613964,"28/10/2025, 02:00:00",true,true,"PC, BOPE, COE, CORE, PM",Operação policial,,,true
74284,"Complexo da Penha, Penha, Rio de Janeiro - RJ, 21072-570, Brasil",Sudeste,Rio de Janeiro,Rio de Janeiro,PENHA,,COMPLEXO DA PENHA,-22.84802717,-43.28613964,"28/10/2025, 02:00:00",true,true,"PC, BOPE, COE, CORE, PM",Operação policial,,,true
74284,"Complexo da Penha, Penha, Rio de Janeiro - RJ, 21072-570, Brasil",Sudeste,Rio de Janeiro,Rio de Janeiro,PENHA,,COMPLEXO DA PENHA,-22.84802717,-43.28613964,"28/10/2025, 02:00:00",true,true,"PC, BOPE, COE, CORE, PM",Operação policial,,,true
74284,"Complexo da Penha, Penha, Rio de Janeiro - RJ, 21072-570, Brasil",Sudeste,Rio de Janeiro,Rio de Janeiro,PENHA,,COMPLEXO DA PENHA,-22.84802717,-43.28613964,"28/10/2025, 02:00:00",true,true,"PC, BOPE, COE, CORE, PM",Operação policial,,,true
74284,"Complexo da Penha, Penha, Rio de Janeiro - RJ, 21072-570, Brasil",Sudeste,Rio de Janeiro,Rio de Janeiro,PENHA,,COMPLEXO DA PENHA,-22.84802717,-43.28613964,"28/10/2025, 02:00:00",true,true,"PC, BOPE, COE, CORE, PM",Operação policial,,,true
74284,"Complexo da Penha, Penha, Rio de Janeiro - RJ, 21072-570, Brasil",Sudeste,Rio de Janeiro,Rio de Janeiro,PENHA,,COMPLEXO DA PENHA,-22.84802717,-43.28613964,"28/10/2025, 02:00:00",true,true,"PC, BOPE, COE, CORE, PM",Operação policial,,,true
74284,"Complexo da Penha, Penha, Rio de Janeiro - RJ, 21072-570, Brasil",Sudeste,Rio de Janeiro,Rio de Janeiro,PENHA,,COMPLEXO DA PENHA,-22.84802717,-43.28613964,"28/10/2025, 02:00:00",true,true,"PC, BOPE, COE, CORE, PM",Operação policial,,,true
74284,"Complexo da Penha, Penha, Rio de Janeiro - RJ, 21072-570, Brasil",Sudeste,Rio de Janeiro,Rio de Janeiro,PENHA,,COMPLEXO DA PENHA,-22.84802717,-43.28613964,"28/10/2025, 02:00:00",true,true,"PC, BOPE, COE, CORE, PM",Operação policial,,,true
74284,"Complexo da Penha, Penha, Rio de Janeiro - RJ, 21072-570, Brasil",Sudeste,Rio de Janeiro,Rio de Janeiro,PENHA,,COMPLEXO DA PENHA,-22.84802717,-43.28613964,"28/10/2025, 02:00:00",true,true,"PC, BOPE, COE, CORE, PM",Operação policial,,,true
74284,"Complexo da Penha, Penha, Rio de Janeiro - RJ, 21072-570, Brasil",Sudeste,Rio de Janeiro,Rio de Janeiro,PENHA,,COMPLEXO DA PENHA,-22.84802717,-43.28613964,"28/10/2025, 02:00:00",true,true,"PC, BOPE, COE, CORE, PM",Operação policial,,,true
74284,"Complexo da Penha, Penha, Rio de Janeiro - RJ, 21072-570, Brasil",Sudeste,Rio de Janeiro,Rio de Janeiro,PENHA,,COMPLEXO DA PENHA,-22.84802717,-43.28613964,"28/10/2025, 02:00:00",true,true,"PC, BOPE, COE, CORE, PM",Operação policial,,,true
74284,"Complexo da Penha, Penha, Rio de Janeiro - RJ, 21072-570, Brasil",Sudeste,Rio de Janeiro,Rio de Janeiro,PENHA,,COMPLEXO DA PENHA,-22.84802717,-43.28613964,"28/10/2025, 02:00:00",true,true,"PC, BOPE, COE, CORE, PM",Operação policial,,,true
74284,"Complexo da Penha, Penha, Rio de Janeiro - RJ, 21072-570, Brasil",Sudeste,Rio de Janeiro,Rio de Janeiro,PENHA,,COMPLEXO DA PENHA,-22.84802717,-43.28613964,"28/10/2025, 02:00:00",true,true,"PC, BOPE, COE, CORE, PM",Operação policial,,,true
74284,"Complexo da Penha, Penha, Rio de Janeiro - RJ, 21072-570, Brasil",Sudeste,Rio de Janeiro,Rio de Janeiro,PENHA,,COMPLEXO DA PENHA,-22.84802717,-43.28613964,"28/10/2025, 02:00:00",true,true,"PC, BOPE, COE, CORE, PM",Operação policial,,,true
74286,"Complexo de Israel, Cordovil, Rio de Janeiro - RJ, 21241-367, Brasil",Sudeste,Rio de Janeiro,Rio de Janeiro,CORDOVIL,,COMPLEXO DE ISRAEL,-22.819980,-43.298630,"28/10/2025, 03:00:00",false,false,,Não identificado,,,false
74287,"Complexo do Alemão, Rio de Janeiro - RJ, 21043-100, Brasil",Sudeste,Rio de Janeiro,Rio de Janeiro,COMPLEXO DO ALEMAO,,COMPLEXO DO ALEMAO,-22.86027516,-43.2743799,"28/10/2025, 05:29:00",true,true,"BOPE, COE, CORE, PC, PM",Operação policial,,,false
74330,"R. Bororó - Engenho da Rainha, Rio de Janeiro - RJ, 20766-570, Brasil",Sudeste,Rio de Janeiro,Rio de Janeiro,INHAUMA,,,-22.865217792118028,-43.292420571189375,"28/10/2025, 07:00:00",true,true,PM(BTM),Ação policial,,Perseguição,false
74302,"Morro do Dezoito - Piedade, Rio de Janeiro - RJ, 20740-600, Brasil",Sudeste,Rio de Janeiro,Rio de Janeiro,PIEDADE,,MORRO DO 18 (COMPLEXO DO 18),-22.905011856611303,-43.31769304011568,"28/10/2025, 10:00:00",false,false,,Tiros a esmo,,,false
74299,"Morro do Turano - Rio Comprido, Rio de Janeiro - RJ, Brasil",Sudeste,Rio de Janeiro,Rio de Janeiro,RIO COMPRIDO,,MORRO DO TURANO,-22.9285001,-43.2177545,"28/10/2025, 11:00:00",false,false,,Não identificado,,,false
74298,"R. Teixeira Ribeiro - Nova Holanda, Complexo da Maré, Maré, Rio de Janeiro - RJ, 21044-252, Brasil",Sudeste,Rio de Janeiro,Rio de Janeiro,MARE,,NOVA HOLANDA (COMPLEXO DA MARE),-22.854602009493938,-43.244865338128655,"28/10/2025, 12:50:00",false,false,,Não identificado,,,false
74305,"Complexo do Alemão, Rio de Janeiro - RJ, Brasil",Sudeste,Rio de Janeiro,Rio de Janeiro,COMPLEXO DO ALEMAO,,COMPLEXO DO ALEMAO,-22.8613084,-43.2721368,"28/10/2025, 14:00:00",true,true,"PC, BOPE, COE, CORE, PM",Operação policial,,,false
74306,"Morro do 18 - Piedade, Rio de Janeiro - RJ, 20740-600, Brasil",Sudeste,Rio de Janeiro,Rio de Janeiro,PIEDADE,,MORRO DO 18 (COMPLEXO DO 18),-22.905011856611303,-43.31769304011568,"28/10/2025, 14:15:00",false,false,,Não identificado,,,false
74309,"Canitar - Complexo do Alemão, Rio de Janeiro - RJ, 21060-610, Brasil",Sudeste,Rio de Janeiro,Rio de Janeiro,COMPLEXO DO ALEMAO,,CANITAR (COMPLEXO DO ALEMAO),-22.859817190048005	,-43.27959190799025,"28/10/2025, 15:35:00",true,true," PC, BOPE, COE, CORE, PM",Operação policial,,,false
74311,"Complexo do Alemão, Rio de Janeiro - RJ, 21061-020, Brasil",Sudeste,Rio de Janeiro,Rio de Janeiro,COMPLEXO DO ALEMAO,,COMPLEXO DO ALEMAO,-22.863522860337163,-43.273209683605955,"28/10/2025, 16:37:00",true,true,"BOPE, CORE. 41BPM, 3BPM, BPChoque",Operação policial,,,false
74315,"Morro do Campinho (Complexo do Fubá) - Campinho, Rio de Janeiro - RJ, Brasil",Sudeste,Rio de Janeiro,Rio de Janeiro,CAMPINHO,,MORRO DO CAMPINHO (COMPLEXO DO FUBA),-22.8834352,-43.3538259,"28/10/2025, 20:26:00",false,false,,Não identificado,,,false
74317,"Rua Pistóia - Santa Cruz, Rio de Janeiro - RJ, Brasil",Sudeste,Rio de Janeiro,Rio de Janeiro,SANTA CRUZ,,FAVELA DE ANTARES,-22.9233739,-43.6514177,"29/10/2025, 02:00:00",false,false,,Disputa,,,true
74317,"Rua Pistóia - Santa Cruz, Rio de Janeiro - RJ, Brasil",Sudeste,Rio de Janeiro,Rio de Janeiro,SANTA CRUZ,,FAVELA DE ANTARES,-22.9233739,-43.6514177,"29/10/2025, 02:00:00",false,false,,Disputa,,,true
74317,"Rua Pistóia - Santa Cruz, Rio de Janeiro - RJ, Brasil",Sudeste,Rio de Janeiro,Rio de Janeiro,SANTA CRUZ,,FAVELA DE ANTARES,-22.9233739,-43.6514177,"29/10/2025, 02:00:00",false,false,,Disputa,,,true
74317,"Rua Pistóia - Santa Cruz, Rio de Janeiro - RJ, Brasil",Sudeste,Rio de Janeiro,Rio de Janeiro,SANTA CRUZ,,FAVELA DE ANTARES,-22.9233739,-43.6514177,"29/10/2025, 02:00:00",false,false,,Disputa,,,true
74326,"Morro do Campinnho (Complexo do Fubá) - Campinho, Rio de Janeiro - RJ, 21341-460, Brasil",Sudeste,Rio de Janeiro,Rio de Janeiro,CAMPINHO,,MORRO DO CAMPINHO (COMPLEXO DO FUBA),-22.883672426683322,-43.34713110629882,"29/10/2025, 14:35:00",false,false,,Não identificado,,,false
74328,"Favela do Sertão - Jacarepaguá, Rio de Janeiro - RJ, 22753-630, Brasil",Sudeste,Rio de Janeiro,Rio de Janeiro,JACAREPAGUA,,FAVELA DO SERTAO,-22.966705959397473,-43.32200948545837,"29/10/2025, 19:12:00",false,false,,Não identificado,,,false
74341,"Complexo da Coreia - Senador Camará, Rio de Janeiro - RJ, 21843-810, Brasil",Sudeste,Rio de Janeiro,Rio de Janeiro,SENADOR CAMARA,,COMPLEXO DA COREIA DE SENADOR CAMARA,-22.87165217	,-43.4945605,"30/10/2025, 00:00:00",false,false,,Disparo Acidental,,,false
74349,"Av. Brasil, 23800 - Guadalupe, Rio de Janeiro - RJ, 21660-001, Brasil",Sudeste,Rio de Janeiro,Rio de Janeiro,GUADALUPE,,,-22.845351,-43.3809398,"30/10/2025, 15:00:00",false,false,,Tentativa/Roubo,,,false
74348,"Colônia Juliano Moreira - Jacarepaguá, Rio de Janeiro - RJ, 22713-550, Brasil",Sudeste,Rio de Janeiro,Rio de Janeiro,JACAREPAGUA,,COLONIA JULIANO MOREIRA,-22.934933305557202,-43.393618027669625,"30/10/2025, 16:00:00",false,false,,Disputa,,,false
74348,"Colônia Juliano Moreira - Jacarepaguá, Rio de Janeiro - RJ, 22713-550, Brasil",Sudeste,Rio de Janeiro,Rio de Janeiro,JACAREPAGUA,,COLONIA JULIANO MOREIRA,-22.934933305557202,-43.393618027669625,"30/10/2025, 16:00:00",false,false,,Disputa,,,false
74348,"Colônia Juliano Moreira - Jacarepaguá, Rio de Janeiro - RJ, 22713-550, Brasil",Sudeste,Rio de Janeiro,Rio de Janeiro,JACAREPAGUA,,COLONIA JULIANO MOREIRA,-22.934933305557202,-43.393618027669625,"30/10/2025, 16:00:00",false,false,,Disputa,,,false
74354,"Morro do Campinho (Complexo do Fubá) - Campinho, Rio de Janeiro - RJ, 21341-370, Brasil",Sudeste,Rio de Janeiro,Rio de Janeiro,CAMPINHO,,MORRO DO CAMPINHO (COMPLEXO DO FUBA),-22.883672426683322,-43.34713110629882,"31/10/2025, 06:01:00",false,false,,Não identificado,,,false
74357,"Linha Amarela -Vila do Jõao, Complexo da Maré, Maré, Rio de Janeiro - RJ, 21046-500, Brasil",Sudeste,Rio de Janeiro,Rio de Janeiro,MARE,,VILA DO JOAO (COMPLEXO DA MARE),-22.869890551077155,-43.24434753671437,"31/10/2025, 11:40:00",false,false,,Disputa,,,false
74357,"Linha Amarela -Vila do Jõao, Complexo da Maré, Maré, Rio de Janeiro - RJ, 21046-500, Brasil",Sudeste,Rio de Janeiro,Rio de Janeiro,MARE,,VILA DO JOAO (COMPLEXO DA MARE),-22.869890551077155,-43.24434753671437,"31/10/2025, 11:40:00",false,false,,Disputa,,,false
74359,"Rua Padre Artola, Vidigal, Rio de Janeiro - Rio de Janeiro, Brasil",Sudeste,Rio de Janeiro,Rio de Janeiro,VIDIGAL,,VIDIGAL,-22.998851594142913,-43.2421875,"31/10/2025, 16:36:00",false,false,,Não identificado,,,false
74364,"Rua São Benigno, Iapi da Penha, Penha, Rio de Janeiro, RJ, Brasil",Sudeste,Rio de Janeiro,Rio de Janeiro,PENHA,,IAPI DA PENHA,-22.84007948422217,-43.26967563976818,"31/10/2025, 18:50:00",false,false,,Não identificado,,,false
74363,"R. Limites - Realengo, Rio de Janeiro - RJ, Brasil",Sudeste,Rio de Janeiro,Rio de Janeiro,REALENGO,,,-22.8837344,-43.438369,"31/10/2025, 19:00:00",false,false,,Não identificado,,,false
74366,"Morro do Turano - Rio Comprido, Rio de Janeiro - RJ, 23575-350, Brasil",Sudeste,Rio de Janeiro,Rio de Janeiro,RIO COMPRIDO,,,-22.926003661543994,-43.211920428063955,"31/10/2025, 21:15:00",false,false,,Não identificado,,,false
74365,"Rua Daniel Machado Neto, Complexo da Pedreira, Pavuna, Rio de Janeiro - Rio de Janeiro, Brasil",Sudeste,Rio de Janeiro,Rio de Janeiro,PAVUNA,,COMPLEXO DA PEDREIRA,-22.81679703746,-43.36632616817951,"31/10/2025, 21:23:00",false,false,,Não identificado,,,false
74368,"Est. de Urucânia, Vila Geni, Paciência, Rio de Janeiro - RJ, 23570-295, Brasil",Sudeste,Rio de Janeiro,Rio de Janeiro,PACIENCIA,VILA GENI,,-22.916288,-43.6328155,"01/11/2025, 01:51:00",false,false,,Não identificado,,,false
74371,"R. Quatorze, Vila do João, Maré, Rio de Janeiro - RJ, 21046-575, Brasil",Sudeste,Rio de Janeiro,Rio de Janeiro,MARE,,VILA DO JOAO (COMPLEXO DA MARE),-22.87165619685841,-43.23934378650817,"01/11/2025, 05:25:00",false,false,,Tiros a esmo,,,false
74385,"Morro do Campinho - Campinho, Rio de Janeiro - RJ, 21341-370, Brasil",Sudeste,Rio de Janeiro,Rio de Janeiro,CAMPINHO,,MORRO DO CAMPINHO (COMPLEXO DO FUBA),-22.8874081016615,-43.34027788944405,"01/11/2025, 07:56:00",false,false,,Não identificado,,,false
74375,"Vila Do Pinheiro - Maré, Rio de Janeiro - RJ, Brasil",Sudeste,Rio de Janeiro,Rio de Janeiro,MARE,,VILA DO PINHEIRO (COMPLEXO DA MARE),-22.868292,-43.2376563,"01/11/2025, 11:05:00",false,false,,Tiros a esmo,,,false
74387,"Favela da Carobinha - Campo Grande, Rio de Janeiro - RJ, Brasil",Sudeste,Rio de Janeiro,Rio de Janeiro,CAMPO GRANDE,,FAVELA DA CAROBINHA,-22.8552526,-43.5333182,"02/11/2025, 15:32:00",false,false,,Disputa,,,false
74404,"Av. Brasil, Cancela Preta, Bangu, Rio de Janeiro - RJ, 20930-040, Brasil",Sudeste,Rio de Janeiro,Rio de Janeiro,BANGU,,CANCELA PRETA,-22.86006382142514,-43.456330589996334,"03/11/2025, 13:00:00",false,true,,Homicidio/Tentativa,,,false
74401,"Morro da Fé (Complexo da Penha) - Penha, Rio de Janeiro - RJ, 21210-154, Brasil",Sudeste,Rio de Janeiro,Rio de Janeiro,PENHA,,MORRO DA FE (COMPLEXO DA PENHA),-22.845054013151593,-43.294981697885135,"03/11/2025, 13:20:00",false,false,,Não identificado,,,false
74407,"Morro do Campinho - Cascadura, Rio de Janeiro - RJ, Brasil",Sudeste,Rio de Janeiro,Rio de Janeiro,CASCADURA,,MORRO DO CAMPINHO (COMPLEXO DO FUBA),-22.8863009,-43.3389215,"04/11/2025, 02:56:00",false,false,,Não identificado,,,false
74417,"Estr. do Guandú do Sena - Bangu, Rio de Janeiro - RJ, Brasil",Sudeste,Rio de Janeiro,Rio de Janeiro,BANGU,,GUANDU DO SENA,-22.841383,-43.4981513,"04/11/2025, 04:30:00",false,true,,Homicidio/Tentativa,,,false
74424,"Tv. Santa Vitória - Sepetiba, Rio de Janeiro - RJ, Brasil",Sudeste,Rio de Janeiro,Rio de Janeiro,SEPETIBA,,,-22.9727768,-43.7049325,"04/11/2025, 07:00:00",false,false,,Homicidio/Tentativa,,,false
74418,"Av. Ernani Cardoso, Morro do Campinho (Complexo do Fubá) - Cascadura, Rio de Janeiro - RJ, 21310-310, Brasil",Sudeste,Rio de Janeiro,Rio de Janeiro,CASCADURA,,MORRO DO CAMPINHO (COMPLEXO DO FUBA),-22.882604312725476,-43.33787463016671,"04/11/2025, 08:20:00",true,true,9 BPM,Ação policial,,,false
74418,"Av. Ernani Cardoso, Morro do Campinho (Complexo do Fubá) - Cascadura, Rio de Janeiro - RJ, 21310-310, Brasil",Sudeste,Rio de Janeiro,Rio de Janeiro,CASCADURA,,MORRO DO CAMPINHO (COMPLEXO DO FUBA),-22.882604312725476,-43.33787463016671,"04/11/2025, 08:20:00",true,true,9 BPM,Ação policial,,,false
74419,"Av. das Américas - Barra da Tijuca, Rio de Janeiro - RJ, 22640-101, Brasil",Sudeste,Rio de Janeiro,Rio de Janeiro,BARRA DA TIJUCA,,,-23.00313616886518,-43.324066618524164,"04/11/2025, 09:00:00",false,true,,Tentativa/Roubo,,,false
74419,"Av. das Américas - Barra da Tijuca, Rio de Janeiro - RJ, 22640-101, Brasil",Sudeste,Rio de Janeiro,Rio de Janeiro,BARRA DA TIJUCA,,,-23.00313616886518,-43.324066618524164,"04/11/2025, 09:00:00",false,true,,Tentativa/Roubo,,,false
74419,"Av. das Américas - Barra da Tijuca, Rio de Janeiro - RJ, 22640-101, Brasil",Sudeste,Rio de Janeiro,Rio de Janeiro,BARRA DA TIJUCA,,,-23.00313616886518,-43.324066618524164,"04/11/2025, 09:00:00",false,true,,Tentativa/Roubo,,,false
74433,"Morro do Campinho (Complexo do Fubá) - Cascadura, Rio de Janeiro - RJ, Brasil",Sudeste,Rio de Janeiro,Rio de Janeiro,CASCADURA,,MORRO DO CAMPINHO (COMPLEXO DO FUBA),-22.8863009,-43.3389215,"05/11/2025, 06:40:00",true,true,PM (9 BPM),Ação policial,,,false
74440,"Estr. do Itanhangá, 3035 - Morro da Muzema, Itanhangá, Rio de Janeiro - RJ, 22753-005, Brasil",Sudeste,Rio de Janeiro,Rio de Janeiro,ITANHANGA,,MORRO DA MUZEMA,-22.9889649,-43.3189005,"05/11/2025, 12:04:00",false,false,,Não identificado,,,false
74441,"Favela Az de Ouro (Beira Rio) - Anchieta, Rio de Janeiro - RJ, 21630-130, Brasil",Sudeste,Rio de Janeiro,Rio de Janeiro,ANCHIETA,,FAVELA AZ DE OURO (OU BEIRA-RIO),-22.82124054474107	,-43.4128314484172,"05/11/2025, 15:57:00",false,false,,Não identificado,,,false
74454,"Praça Monte Castelo - Centro, Rio de Janeiro - RJ, Brasil",Sudeste,Rio de Janeiro,Rio de Janeiro,CENTRO,,,-22.90405,-43.1807409,"06/11/2025, 12:00:00",false,false,,Briga,,,false
74450,"Morro do Borel - Tijuca, Rio de Janeiro - RJ, 20530-420, Brasil",Sudeste,Rio de Janeiro,Rio de Janeiro,TIJUCA,,MORRO DO BOREL,-22.93888816	,-43.25350828,"06/11/2025, 12:12:00",false,false,,Não identificado,,,false
74463,"Rua Doutor Crespo - Recreio dos Bandeirantes, Rio de Janeiro - RJ, Brasil",Sudeste,Rio de Janeiro,Rio de Janeiro,RECREIO DOS BANDEIRANTES,,,-23.0125575,-43.4749145,"06/11/2025, 18:00:00",false,false,,Homicidio/Tentativa,,,false
74463,"Rua Doutor Crespo - Recreio dos Bandeirantes, Rio de Janeiro - RJ, Brasil",Sudeste,Rio de Janeiro,Rio de Janeiro,RECREIO DOS BANDEIRANTES,,,-23.0125575,-43.4749145,"06/11/2025, 18:00:00",false,false,,Homicidio/Tentativa,,,false
74456,"Carobinha - Campo Grande, Rio de Janeiro - RJ, 23097-220, Brasil",Sudeste,Rio de Janeiro,Rio de Janeiro,CAMPO GRANDE,,FAVELA DA CAROBINHA,-22.8510519,-43.5277433,"06/11/2025, 18:50:00",false,false,,Disputa,,,false
74462,"Comunidade do Rio da Prata - Rua Tibagi - Bangu, Rio de Janeiro - RJ, Brasil",Sudeste,Rio de Janeiro,Rio de Janeiro,BANGU,,COMUNIDADE DO RIO DA PRATA,-22.8892787,-43.4778739,"06/11/2025, 19:00:00",false,false,,Disputa,,,false
74465,"Morro dos Macacos - Vila Isabel, Rio de Janeiro - RJ, 20551-232, Brasil",Sudeste,Rio de Janeiro,Rio de Janeiro,VILA ISABEL,,MORRO DOS MACACOS,-22.91189634	,-43.25524243,"06/11/2025, 20:50:00",false,false,,Não identificado,,,false
74481,"Avenida Chrisóstomo Pimentel de Oliveira, 1840 Complexo do Chapadão - Pavuna, Rio de Janeiro - RJ, Brasil",Sudeste,Rio de Janeiro,Rio de Janeiro,PAVUNA,,COMPLEXO DO CHAPADAO,-22.8155388,-43.3825221,"06/11/2025, 22:00:00",true,true,PM,Ação policial,,,false
74469,"Rio das Pedras - Itanhangá, Rio de Janeiro - RJ, 22753-211, Brasil",Sudeste,Rio de Janeiro,Rio de Janeiro,ITANHANGA,,RIO DAS PEDRAS,-22.972055057923797,-43.33176136997526,"07/11/2025, 14:00:00",false,false,,Disputa,,,false
74484,"Gardênia Azul, Rio de Janeiro - RJ, Brasil",Sudeste,Rio de Janeiro,Rio de Janeiro,GARDENIA AZUL,,,-22.9582037,-43.3529536,"07/11/2025, 19:00:00",false,false,,Disputa,,"Ataques armados sobre rodas,Bar",false
74472,"Fallet/Fogueteiro - Santa Teresa, Rio de Janeiro - RJ, 20251-250, Brasil",Sudeste,Rio de Janeiro,Rio de Janeiro,SANTA TERESA,,FALLET/FOGUETEIRO,-22.92641055	,-43.19702099,"07/11/2025, 20:05:00",false,false,,Não identificado,,,false
74483,"Complexo do Alemão - Complexo do Alemão, Rio de Janeiro - RJ, 21043-100, Brasil",Sudeste,Rio de Janeiro,Rio de Janeiro,COMPLEXO DO ALEMAO,,COMPLEXO DO ALEMAO,-22.86027516,	-43.2743799,"08/11/2025, 12:00:00",false,false,,Outro,,,false
74490,"Morro do Campinho (Complexo do Fubá) - Campinho, Rio de Janeiro - RJ, 21310-320, Brasil",Sudeste,Rio de Janeiro,Rio de Janeiro,CAMPINHO,,MORRO DO CAMPINHO (COMPLEXO DO FUBA),-22.88561905610242,-43.34034226246041,"08/11/2025, 21:00:00",false,false,,Não identificado,,,false
74489,"Irajá, Rio de Janeiro - RJ, Brasil",Sudeste,Rio de Janeiro,Rio de Janeiro,IRAJA,,,-22.844329,-43.3231669,"09/11/2025, 12:00:00",false,false,,Não identificado,,,false
74488,"Rua do Senado - Centro, Rio de Janeiro - RJ, Brasil",Sudeste,Rio de Janeiro,Rio de Janeiro,CENTRO,,,-22.9100105,-43.1872641,"09/11/2025, 12:00:00",false,false,,Outro,,,false
74493,"Travessa do Mosqueira, Lapa, Rio de Janeiro - RJ, Brasil",Sudeste,Rio de Janeiro,Rio de Janeiro,LAPA,,,-22.9138701,-43.1788231,"10/11/2025, 04:19:00",false,false,,Não identificado,,,false
74501,"Complexo da Pedreira - Costa Barros, Rio de Janeiro - RJ, 21515-580, Brasil",Sudeste,Rio de Janeiro,Rio de Janeiro,COSTA BARROS,,COMPLEXO DA PEDREIRA,-22.82425288	,-43.36809439,"10/11/2025, 05:34:00",true,true,41º BPM,Operação policial,,,false
74502,"Morro do Fubá (Complexo do Fubá) - Cascadura, Rio de Janeiro - RJ, 21311-130, Brasil",Sudeste,Rio de Janeiro,Rio de Janeiro,CASCADURA,,MORRO DO FUBA (COMPLEXO DO FUBA),-22.892324971301786,	-43.33377861518315,"10/11/2025, 12:00:00",true,true,PM (9BPM),Ação policial,,,false
74503,"Favela Az de Ouro - Anchieta, Rio de Janeiro - RJ, 21630-130, Brasil",Sudeste,Rio de Janeiro,Rio de Janeiro,ANCHIETA,,FAVELA AZ DE OURO (OU BEIRA-RIO),-22.82124054474107,-43.4128314484172,"10/11/2025, 16:45:00",false,false,,Não identificado,,,false
74512,"Morro do Juramento (Complexo do Juramento) - Vicente de Carvalho, Rio de Janeiro, RJ, Brasil",Sudeste,Rio de Janeiro,Rio de Janeiro,VICENTE DE CARVALHO,,MORRO DO JURAMENTO (COMPLEXO DO JURAMENTO),-22.86204124	,-43.31545844,"10/11/2025, 20:00:00",false,false,,Não identificado,,,false
74510,"Av. Gilka Machado - Recreio dos Bandeirantes, Rio de Janeiro - RJ, 22795-570, Brasil",Sudeste,Rio de Janeiro,Rio de Janeiro,RECREIO DOS BANDEIRANTES,,,-23.032272301130842,-43.47119078462523,"11/11/2025, 01:06:00",false,false,,Homicidio/Tentativa,,,false
74510,"Av. Gilka Machado - Recreio dos Bandeirantes, Rio de Janeiro - RJ, 22795-570, Brasil",Sudeste,Rio de Janeiro,Rio de Janeiro,RECREIO DOS BANDEIRANTES,,,-23.032272301130842,-43.47119078462523,"11/11/2025, 01:06:00",false,false,,Homicidio/Tentativa,,,false
74510,"Av. Gilka Machado - Recreio dos Bandeirantes, Rio de Janeiro - RJ, 22795-570, Brasil",Sudeste,Rio de Janeiro,Rio de Janeiro,RECREIO DOS BANDEIRANTES,,,-23.032272301130842,-43.47119078462523,"11/11/2025, 01:06:00",false,false,,Homicidio/Tentativa,,,false
74509,"Morro do Barbante (Vila Joanisa) - Ilha do Governador, Rio de Janeiro - RJ, 21941-660, Brasil",Sudeste,Rio de Janeiro,Rio de Janeiro,GALEAO,,MORRO DO BARBANTE (OU VILA JOANIZA),-22.81324966	,-43.22954715,"11/11/2025, 05:00:00",true,true,"PM (17 BPM, COE, NAOE)",Operação policial,,,false
74523,"Estr. do Portela - Madureira, Rio de Janeiro - RJ, 21351-050, Brasil",Sudeste,Rio de Janeiro,Rio de Janeiro,MADUREIRA,,,-22.87101326011604,-43.34151615344237,"11/11/2025, 15:00:00",false,false,,Não identificado,,,false
74521,"Morro do Campinho (Complexo do Fubá) - Campinho, Rio de Janeiro - RJ, 21341-300, Brasil",Sudeste,Rio de Janeiro,Rio de Janeiro,CAMPINHO,,MORRO DO CAMPINHO (COMPLEXO DO FUBA),-22.883751502152297,-43.35210928623046,"11/11/2025, 15:02:00",false,false,,Não identificado,,,false
74566,"Honório Gurgel, Rio de Janeiro - RJ, 21555-010, Brasil",Sudeste,Rio de Janeiro,Rio de Janeiro,HONORIO GURGEL,,,-22.851427315646948,-43.3574227624878,"11/11/2025, 22:30:00",false,false,,Disputa,,,true
74566,"Honório Gurgel, Rio de Janeiro - RJ, 21555-010, Brasil",Sudeste,Rio de Janeiro,Rio de Janeiro,HONORIO GURGEL,,,-22.851427315646948,-43.3574227624878,"11/11/2025, 22:30:00",false,false,,Disputa,,,true
74566,"Honório Gurgel, Rio de Janeiro - RJ, 21555-010, Brasil",Sudeste,Rio de Janeiro,Rio de Janeiro,HONORIO GURGEL,,,-22.851427315646948,-43.3574227624878,"11/11/2025, 22:30:00",false,false,,Disputa,,,true
74566,"Honório Gurgel, Rio de Janeiro - RJ, 21555-010, Brasil",Sudeste,Rio de Janeiro,Rio de Janeiro,HONORIO GURGEL,,,-22.851427315646948,-43.3574227624878,"11/11/2025, 22:30:00",false,false,,Disputa,,,true
74566,"Honório Gurgel, Rio de Janeiro - RJ, 21555-010, Brasil",Sudeste,Rio de Janeiro,Rio de Janeiro,HONORIO GURGEL,,,-22.851427315646948,-43.3574227624878,"11/11/2025, 22:30:00",false,false,,Disputa,,,true
74566,"Honório Gurgel, Rio de Janeiro - RJ, 21555-010, Brasil",Sudeste,Rio de Janeiro,Rio de Janeiro,HONORIO GURGEL,,,-22.851427315646948,-43.3574227624878,"11/11/2025, 22:30:00",false,false,,Disputa,,,true
74566,"Honório Gurgel, Rio de Janeiro - RJ, 21555-010, Brasil",Sudeste,Rio de Janeiro,Rio de Janeiro,HONORIO GURGEL,,,-22.851427315646948,-43.3574227624878,"11/11/2025, 22:30:00",false,false,,Disputa,,,true
74526,"R. Ipadu - Jacarepaguá, Rio de Janeiro - RJ, 22713-460, Brasil",Sudeste,Rio de Janeiro,Rio de Janeiro,JACAREPAGUA,,,-22.9254834,-43.395037,"12/11/2025, 00:00:00",false,false,,Não identificado,,,false
74539,"Morro dos Macacos - Vila Isabel, Rio de Janeiro - RJ, 20560-130, Brasil",Sudeste,Rio de Janeiro,Rio de Janeiro,VILA ISABEL,,MORRO DOS MACACOS,-22.911274838879287,-43.26155550003051,"12/11/2025, 07:00:00",false,false,,Não identificado,,,false
74536,"Metral - Vila Kennedy, Rio de Janeiro - RJ, Brasil",Sudeste,Rio de Janeiro,Rio de Janeiro,VILA KENNEDY,,METRAL (VILA KENNEDY),-22.8532916,-43.4974759,"12/11/2025, 08:00:00",false,false,,Não identificado,,,false
75442,"Rua Henrique Chaves - Imperial de São Cristóvão, Rio de Janeiro - RJ, Brasil",Sudeste,Rio de Janeiro,Rio de Janeiro,SAO CRISTOVAO,,,-22.8924185,-43.2296048,"12/11/2025, 08:40:00",true,true,PM (4 BPM),Tentativa/Roubo de cargas,,,false
74558,"Rua Paranhos - Olaria, Rio de Janeiro - RJ, Brasil",Sudeste,Rio de Janeiro,Rio de Janeiro,OLARIA,,,-22.8543579,-43.2705064,"12/11/2025, 18:00:00",true,true,PM (16 BPM),Ação policial,,,false
74558,"Rua Paranhos - Olaria, Rio de Janeiro - RJ, Brasil",Sudeste,Rio de Janeiro,Rio de Janeiro,OLARIA,,,-22.8543579,-43.2705064,"12/11/2025, 18:00:00",true,true,PM (16 BPM),Ação policial,,,false
74558,"Rua Paranhos - Olaria, Rio de Janeiro - RJ, Brasil",Sudeste,Rio de Janeiro,Rio de Janeiro,OLARIA,,,-22.8543579,-43.2705064,"12/11/2025, 18:00:00",true,true,PM (16 BPM),Ação policial,,,false
74549,"Morro do Campinho (Complexo do Fubá) - Cascadura, Rio de Janeiro - RJ, 21320-300, Brasil",Sudeste,Rio de Janeiro,Rio de Janeiro,CASCADURA,,MORRO DO CAMPINHO (COMPLEXO DO FUBA),-22.8850951874697	,-43.337939003183074,"13/11/2025, 03:47:00",false,false,,Não identificado,,,false
74569,"Barra Shopping - Av. das Américas - Barra da Tijuca, Rio de Janeiro - RJ, 22640-102, Brasil",Sudeste,Rio de Janeiro,Rio de Janeiro,BARRA DA TIJUCA,,,-22.999050825313077,-43.358158986508194,"13/11/2025, 14:00:00",true,true,SP,Ação policial,,Shopping,false
74573,"Pingo D'Água - Estrada da Pedra - Guaratiba, Rio de Janeiro - RJ, Brasil",Sudeste,Rio de Janeiro,Rio de Janeiro,GUARATIBA,,,-22.9670996,-43.6477305,"13/11/2025, 23:00:00",false,false,,Disputa,,,false
74574,"Pingo D'Água - Estrada da Pedra - Guaratiba, Rio de Janeiro - RJ, Brasil",Sudeste,Rio de Janeiro,Rio de Janeiro,GUARATIBA,,,-22.9670996,-43.6477305,"14/11/2025, 00:40:00",false,false,,Disputa,,,false
74572,"Complexo da Pedreira - Costa Barros, Rio de Janeiro - RJ, 21515-580, Brasil",Sudeste,Rio de Janeiro,Rio de Janeiro,COSTA BARROS,,COMPLEXO DA PEDREIRA,-22.82425288,-43.36809439,"14/11/2025, 08:46:00",true,true,PM (41 BPM),Ação policial,,,false
74576,"Rua Araticum, Favela Araticum - Anil, Rio de Janeiro - RJ, Brasil",Sudeste,Rio de Janeiro,Rio de Janeiro,ANIL,,FAVELA ARATICUM (BURACO QUENTE),-22.9562381,-43.3342773,"14/11/2025, 12:20:00",false,false,,Homicidio/Tentativa,,,false
74578,"Parque Residencial Seis de Novembro (Conjunto da Marinha) - Estr. da Cancela Preta - Bangu, Rio de Janeiro - RJ, 21725-010, Brasil",Sudeste,Rio de Janeiro,Rio de Janeiro,BANGU,,PARQUE RESIDENCIAL SEIS DE NOVEMBRO (CONJUNTO DA MARINHA),-22.855853756090358,-43.45542625898668,"14/11/2025, 15:05:00",false,false,,Homicidio/Tentativa,,Ataques armados sobre rodas,false
74596,"Irajá, Rio de Janeiro - RJ, Brasil",Sudeste,Rio de Janeiro,Rio de Janeiro,IRAJA,,,-22.844329,-43.3231669,"14/11/2025, 17:21:00",false,true,,Tentativa/Roubo,,,false
74588,"Morro do Dendê - Tauá, Ilha do Governador, Rio de Janeiro - RJ, 21921-200, Brasil",Sudeste,Rio de Janeiro,Rio de Janeiro,TAUA,,MORRO DO DENDE,-22.80114886373385,-43.18457713491821,"14/11/2025, 19:00:00",false,false,,Disputa,,,false
74588,"Morro do Dendê - Tauá, Ilha do Governador, Rio de Janeiro - RJ, 21921-200, Brasil",Sudeste,Rio de Janeiro,Rio de Janeiro,TAUA,,MORRO DO DENDE,-22.80114886373385,-43.18457713491821,"14/11/2025, 19:00:00",false,false,,Disputa,,,false
74590,"Comunidade Beira Rio, Recreio dos Bandeirantes, Rio de Janeiro, RJ, Brasil",Sudeste,Rio de Janeiro,Rio de Janeiro,RECREIO DOS BANDEIRANTES,,FAVELA BEIRA RIO (JACAREPAGUA),-22.991276494671368,-43.486107550327574,"14/11/2025, 23:00:00",true,true,PM (31 BPM),Ação policial,,,false
74594,"Favela da Carobinha - Campo Grande, Rio de Janeiro - RJ, 23097-640, Brasil",Sudeste,Rio de Janeiro,Rio de Janeiro,CAMPO GRANDE,,FAVELA DA CAROBINHA,-22.855164,	-43.53284498,"14/11/2025, 23:00:00",false,false,,Disputa,,,false
74595,"Favela da Carobinha - Campo Grande, Rio de Janeiro - RJ, 23097-640, Brasil",Sudeste,Rio de Janeiro,Rio de Janeiro,CAMPO GRANDE,,FAVELA DA CAROBINHA,-22.855164	,-43.53284498,"15/11/2025, 08:15:00",false,false,,Disputa,,,false
74606,"Conjunto Amarelinho - Acari, Rio de Janeiro - RJ, 21531-300, Brasil",Sudeste,Rio de Janeiro,Rio de Janeiro,ACARI,,CONJUNTO AMARELINHO,-22.82538495	,-43.3394958,"16/11/2025, 07:50:00",true,true,"PM (BPCHOQ, 41 BPM, BPVE), FN",Ação policial,,,false
74611,"Rod. Pres. Dutra - Irajá, Rio de Janeiro - RJ, 21211-490, Brasil",Sudeste,Rio de Janeiro,Rio de Janeiro,IRAJA,,,-22.81798373144172,-43.32121682408142,"16/11/2025, 14:00:00",false,false,,Tentativa/Roubo de cargas,,,false
74646,"Av Central, Morro do Boogie Woogie - Pitangueiras, Rio de Janeiro - RJ, 21932-230, Brasil",Sudeste,Rio de Janeiro,Rio de Janeiro,PITANGUEIRAS,,MORRO DO BOOGIE WOOGIE,-22.81717765	,-43.18355985,"16/11/2025, 22:30:00",false,false,,Disputa,,Ataques armados sobre rodas,false
74648,"Quilombo Cafundá Astrogilda (Sede) - Caminho do Cafundá - Vargem Grande, Rio de Janeiro - RJ, Brasil",Sudeste,Rio de Janeiro,Rio de Janeiro,VARGEM GRANDE,,VALE DO CAFUNDA,-22.9532469,-43.4901555,"17/11/2025, 09:20:00",false,false,,Não identificado,,Quilombo,false
74659,"Morro do Campinho (Complexo do Fubá) - Cascadura, Rio de Janeiro - RJ, 21320-300, Brasil",Sudeste,Rio de Janeiro,Rio de Janeiro,CASCADURA,,MORRO DO CAMPINHO (COMPLEXO DO FUBA),-22.8850951874697	,-43.337939003183074,"17/11/2025, 19:35:00",false,false,,Não identificado,,,false
74657,"Conjunto do IPASE - Vila Kosmos, Rio de Janeiro - RJ, 21210-840, Brasil",Sudeste,Rio de Janeiro,Rio de Janeiro,VILA KOSMOS,,CONJUNTO DO IPASE,-22.84845508	,-43.30446505,"18/11/2025, 00:15:00",true,true,PM (41 BPM),Operação policial,,,false
74655,"Conjunto do IPASE - Vila Kosmos, Rio de Janeiro - RJ, 21210-840, Brasil",Sudeste,Rio de Janeiro,Rio de Janeiro,VILA KOSMOS,,CONJUNTO DO IPASE,-22.84845508,	-43.30446505,"18/11/2025, 02:00:00",true,true,PM (41 BPM),Operação policial,,,false
74660,"Morro do Campinho (Complexo do Fubá) - Cascadura, Rio de Janeiro - RJ, 21320-300, Brasil",Sudeste,Rio de Janeiro,Rio de Janeiro,CASCADURA,,MORRO DO CAMPINHO (COMPLEXO DO FUBA),-22.8850951874697	,-43.337939003183074,"18/11/2025, 02:45:00",false,false,,Não identificado,,,false
74665,"Estrada do Pedregoso - Campo Grande, Rio de Janeiro - RJ, Brasil",Sudeste,Rio de Janeiro,Rio de Janeiro,CAMPO GRANDE,,,-22.8585055,-43.5662279,"18/11/2025, 07:30:00",false,true,,Tentativa/Roubo,,,false
74668,"Avenida Ernani Cardoso - Cascadura, Rio de Janeiro - RJ, Brasil",Sudeste,Rio de Janeiro,Rio de Janeiro,CASCADURA,,,-22.8824151,-43.3352074,"18/11/2025, 15:20:00",false,false,,Não identificado,,,false
74669,"Complexo da Pedreira - Costa Barros, Rio de Janeiro - RJ, 21515-580, Brasil",Sudeste,Rio de Janeiro,Rio de Janeiro,COSTA BARROS,,COMPLEXO DA PEDREIRA,-22.82425288	,-43.36809439,"18/11/2025, 16:00:00",false,false,,Não identificado,,,false
74673,"Morro do 18, Água Santa, Rio de Janeiro - RJ, Brasil",Sudeste,Rio de Janeiro,Rio de Janeiro,AGUA SANTA,,MORRO DO 18 (COMPLEXO DO 18),-22.9051657,-43.3071354,"19/11/2025, 03:25:00",true,true,NI,Operação policial,,,false
74672,"Vila Kennedy, Rio de Janeiro - RJ, Brasil",Sudeste,Rio de Janeiro,Rio de Janeiro,VILA KENNEDY,,VILA KENNEDY,-22.8572405,-43.4892386,"19/11/2025, 03:30:00",true,true,"PC (34 DP, DRE-CAP, DRFA-CAP, CORE), PM (COE, BPVE)",Operação policial,,,false
74672,"Vila Kennedy, Rio de Janeiro - RJ, Brasil",Sudeste,Rio de Janeiro,Rio de Janeiro,VILA KENNEDY,,VILA KENNEDY,-22.8572405,-43.4892386,"19/11/2025, 03:30:00",true,true,"PC (34 DP, DRE-CAP, DRFA-CAP, CORE), PM (COE, BPVE)",Operação policial,,,false
74672,"Vila Kennedy, Rio de Janeiro - RJ, Brasil",Sudeste,Rio de Janeiro,Rio de Janeiro,VILA KENNEDY,,VILA KENNEDY,-22.8572405,-43.4892386,"19/11/2025, 03:30:00",true,true,"PC (34 DP, DRE-CAP, DRFA-CAP, CORE), PM (COE, BPVE)",Operação policial,,,false
74672,"Vila Kennedy, Rio de Janeiro - RJ, Brasil",Sudeste,Rio de Janeiro,Rio de Janeiro,VILA KENNEDY,,VILA KENNEDY,-22.8572405,-43.4892386,"19/11/2025, 03:30:00",true,true,"PC (34 DP, DRE-CAP, DRFA-CAP, CORE), PM (COE, BPVE)",Operação policial,,,false
74680,"Complexo do Fubá - Cascadura, Rio de Janeiro - RJ, 21310-320, Brasil",Sudeste,Rio de Janeiro,Rio de Janeiro,CASCADURA,,COMPLEXO DO FUBA,-22.88787803	,-43.33699081,"19/11/2025, 10:00:00",true,true,PM (9 BPM),Ação policial,,,false
74680,"Complexo do Fubá - Cascadura, Rio de Janeiro - RJ, 21310-320, Brasil",Sudeste,Rio de Janeiro,Rio de Janeiro,CASCADURA,,COMPLEXO DO FUBA,-22.88787803	,-43.33699081,"19/11/2025, 10:00:00",true,true,PM (9 BPM),Ação policial,,,false
74685,"Av. Brasil - Manguinhos, Rio de Janeiro - RJ, Brasil",Sudeste,Rio de Janeiro,Rio de Janeiro,MANGUINHOS,,,-22.8781116,-43.2411685,"20/11/2025, 00:29:00",false,false,,Não identificado,,,false
74708,"Vilar Carioca - Inhoaíba, Rio de Janeiro - RJ, Brasil",Sudeste,Rio de Janeiro,Rio de Janeiro,INHOAIBA,,VILAR CARIOCA,-22.9219824,-43.6032156,"20/11/2025, 09:20:00",false,false,,Disputa,,,false
74696,"Avenida Amaro Cavalcanti, 1045 - Todos os Santos, Rio de Janeiro - RJ, Brasil",Sudeste,Rio de Janeiro,Rio de Janeiro,TODOS OS SANTOS,,,-22.8973124,-43.2863742,"20/11/2025, 18:00:00",false,true,,Tentativa/Roubo,,,false
74696,"Avenida Amaro Cavalcanti, 1045 - Todos os Santos, Rio de Janeiro - RJ, Brasil",Sudeste,Rio de Janeiro,Rio de Janeiro,TODOS OS SANTOS,,,-22.8973124,-43.2863742,"20/11/2025, 18:00:00",false,true,,Tentativa/Roubo,,,false
74694,"R. Nossa Sra. das Graças - Ramos, Rio de Janeiro - RJ, 21031-612, Brasil",Sudeste,Rio de Janeiro,Rio de Janeiro,RAMOS,,,-22.850278171716603,-43.256551511656745,"20/11/2025, 21:17:00",false,false,,Não identificado,,,false
74695,"Cidade de Deus, Rio de Janeiro - RJ, 22773-410, Brasil",Sudeste,Rio de Janeiro,Rio de Janeiro,CIDADE DE DEUS,,CIDADE DE DEUS,-22.95012991880426,-43.365573769281006,"21/11/2025, 04:00:00",true,true,PC (CORE),Operação policial,,,false
74703,"Morro do Campinho (Complexo do Fubá) - Cascadura, Rio de Janeiro - RJ, 21320-300, Brasil",Sudeste,Rio de Janeiro,Rio de Janeiro,CASCADURA,,MORRO DO CAMPINHO (COMPLEXO DO FUBA),-22.8850951874697	,-43.337939003183074,"21/11/2025, 10:00:00",false,false,,Não identificado,,,false
74789,"Rua Clarimundo de Melo, Quintino Bocaiúva, Rio de Janeiro - RJ, 20740-231, Brasil",Sudeste,Rio de Janeiro,Rio de Janeiro,QUINTINO BOCAIUVA,,,-22.8939993676295,-43.321246717196665,"21/11/2025, 12:25:00",false,false,,Não identificado,,,false
74721,"Av. Dom Hélder Câmara - Pilares, Rio de Janeiro - RJ, Brasil",Sudeste,Rio de Janeiro,Rio de Janeiro,PILARES,,,-22.8821786,-43.295088,"22/11/2025, 12:00:00",true,true,PM (3 BPM),Arrastão,,Perseguição,false
74716,"Favela de Acari - Acari, Rio de Janeiro - RJ, Brasil",Sudeste,Rio de Janeiro,Rio de Janeiro,ACARI,,FAVELA DE ACARI,-22.8255154,-43.3445447,"23/11/2025, 09:27:00",false,false,,Não identificado,,,false
74717,"Conjunto do Campinho - Rua vitoria, Cosmos, Rio de Janeiro, Rio de Janeiro, Brasil",Sudeste,Rio de Janeiro,Rio de Janeiro,COSMOS,,CONJUNTO DO CAMPINHO,-22.887658,-43.6160498,"23/11/2025, 13:29:00",false,false,,Não identificado,,,false
74720,"Rua Quintão - Cascadura, Rio de Janeiro - RJ, Brasil",Sudeste,Rio de Janeiro,Rio de Janeiro,CASCADURA,,,-22.8808304,-43.3172646,"23/11/2025, 15:39:00",false,false,,Não identificado,,,false
74724,"Rua Conde de Bonfim - Tijuca, Rio de Janeiro - RJ, Brasil",Sudeste,Rio de Janeiro,Rio de Janeiro,TIJUCA,,,-22.9320902,-43.2401161,"23/11/2025, 18:00:00",false,false,,Ataque a civis,,,false
74726,"Unidos da Vila Kennedy - Avenida Brasil - Vila Kennedy, Rio de Janeiro - RJ, Brasil",Sudeste,Rio de Janeiro,Rio de Janeiro,VILA KENNEDY,,VILA KENNEDY,-22.8553981,-43.49479669999999,"24/11/2025, 02:00:00",false,false,,Disputa,,Ataques armados sobre rodas,false
74726,"Unidos da Vila Kennedy - Avenida Brasil - Vila Kennedy, Rio de Janeiro - RJ, Brasil",Sudeste,Rio de Janeiro,Rio de Janeiro,VILA KENNEDY,,VILA KENNEDY,-22.8553981,-43.49479669999999,"24/11/2025, 02:00:00",false,false,,Disputa,,Ataques armados sobre rodas,false
74726,"Unidos da Vila Kennedy - Avenida Brasil - Vila Kennedy, Rio de Janeiro - RJ, Brasil",Sudeste,Rio de Janeiro,Rio de Janeiro,VILA KENNEDY,,VILA KENNEDY,-22.8553981,-43.49479669999999,"24/11/2025, 02:00:00",false,false,,Disputa,,Ataques armados sobre rodas,false
74726,"Unidos da Vila Kennedy - Avenida Brasil - Vila Kennedy, Rio de Janeiro - RJ, Brasil",Sudeste,Rio de Janeiro,Rio de Janeiro,VILA KENNEDY,,VILA KENNEDY,-22.8553981,-43.49479669999999,"24/11/2025, 02:00:00",false,false,,Disputa,,Ataques armados sobre rodas,false
74726,"Unidos da Vila Kennedy - Avenida Brasil - Vila Kennedy, Rio de Janeiro - RJ, Brasil",Sudeste,Rio de Janeiro,Rio de Janeiro,VILA KENNEDY,,VILA KENNEDY,-22.8553981,-43.49479669999999,"24/11/2025, 02:00:00",false,false,,Disputa,,Ataques armados sobre rodas,false
74726,"Unidos da Vila Kennedy - Avenida Brasil - Vila Kennedy, Rio de Janeiro - RJ, Brasil",Sudeste,Rio de Janeiro,Rio de Janeiro,VILA KENNEDY,,VILA KENNEDY,-22.8553981,-43.49479669999999,"24/11/2025, 02:00:00",false,false,,Disputa,,Ataques armados sobre rodas,false
74737,"Rua Visconde de Silva - Botafogo, Rio de Janeiro - RJ, Brasil",Sudeste,Rio de Janeiro,Rio de Janeiro,BOTAFOGO,,,-22.957094,-43.1929604,"24/11/2025, 10:00:00",false,true,,Tentativa/Roubo,,,false
74737,"Rua Visconde de Silva - Botafogo, Rio de Janeiro - RJ, Brasil",Sudeste,Rio de Janeiro,Rio de Janeiro,BOTAFOGO,,,-22.957094,-43.1929604,"24/11/2025, 10:00:00",false,true,,Tentativa/Roubo,,,false
74737,"Rua Visconde de Silva - Botafogo, Rio de Janeiro - RJ, Brasil",Sudeste,Rio de Janeiro,Rio de Janeiro,BOTAFOGO,,,-22.957094,-43.1929604,"24/11/2025, 10:00:00",false,true,,Tentativa/Roubo,,,false
74771,"Praça dos Lavradores - Campinho, Rio de Janeiro - RJ, Brasil",Sudeste,Rio de Janeiro,Rio de Janeiro,CAMPINHO,,,-22.8824109,-43.3447763,"25/11/2025, 19:30:00",false,true,,Tentativa/Roubo,,,false
74761,"Salsa e Merengue (Complexo da Maré) - Maré, Rio de Janeiro - RJ, 21046-205, Brasil",Sudeste,Rio de Janeiro,Rio de Janeiro,MARE,,SALSA E MERENGUE (COMPLEXO DA MARE),-22.86834004	,-43.23759692,"26/11/2025, 07:50:00",true,true,"PC (SSINTE, CORE)",Operação policial,,,true
74761,"Salsa e Merengue (Complexo da Maré) - Maré, Rio de Janeiro - RJ, 21046-205, Brasil",Sudeste,Rio de Janeiro,Rio de Janeiro,MARE,,SALSA E MERENGUE (COMPLEXO DA MARE),-22.86834004	,-43.23759692,"26/11/2025, 07:50:00",true,true,"PC (SSINTE, CORE)",Operação policial,,,true
74761,"Salsa e Merengue (Complexo da Maré) - Maré, Rio de Janeiro - RJ, 21046-205, Brasil",Sudeste,Rio de Janeiro,Rio de Janeiro,MARE,,SALSA E MERENGUE (COMPLEXO DA MARE),-22.86834004	,-43.23759692,"26/11/2025, 07:50:00",true,true,"PC (SSINTE, CORE)",Operação policial,,,true
74761,"Salsa e Merengue (Complexo da Maré) - Maré, Rio de Janeiro - RJ, 21046-205, Brasil",Sudeste,Rio de Janeiro,Rio de Janeiro,MARE,,SALSA E MERENGUE (COMPLEXO DA MARE),-22.86834004	,-43.23759692,"26/11/2025, 07:50:00",true,true,"PC (SSINTE, CORE)",Operação policial,,,true
74764,"Salsa e Merengue - Maré, Rio de Janeiro - RJ, 21046-205, Brasil",Sudeste,Rio de Janeiro,Rio de Janeiro,MARE,,SALSA E MERENGUE (COMPLEXO DA MARE),-22.86834004	,-43.23759692,"26/11/2025, 09:10:00",true,true,"PC (SSINTE), PC (CORE)",Ação policial,,,false
74768,"Avenida Pastor Martin Luther King Junior - Acari, Rio de Janeiro - RJ, Brasil",Sudeste,Rio de Janeiro,Rio de Janeiro,ACARI,,,-22.8252233,-43.3488392,"26/11/2025, 10:00:00",false,false,,Tentativa/Roubo,,,false
74766,"Vila do Pinheiro - Maré, Rio de Janeiro - RJ, 21046-185, Brasil",Sudeste,Rio de Janeiro,Rio de Janeiro,MARE,,VILA DO PINHEIRO (COMPLEXO DA MARE),-22.86742212	,-43.23812972,"26/11/2025, 10:32:00",true,true,"PC (SSINTE), PC (CORE)",Ação policial,,,false
74775,"Cidade Alta - Cordovil, Rio de Janeiro - RJ, Brasil",Sudeste,Rio de Janeiro,Rio de Janeiro,CORDOVIL,,CIDADE ALTA (COMPLEXO DE ISRAEL),-22.819569,-43.2943808,"27/11/2025, 02:00:00",true,true,"PM (16 BPM), PM (COE)",Operação policial,,,false
74776,"Cidade Alta - Cordovil, Rio de Janeiro - RJ, Brasil",Sudeste,Rio de Janeiro,Rio de Janeiro,CORDOVIL,,CIDADE ALTA (COMPLEXO DE ISRAEL),-22.819569,-43.2943808,"27/11/2025, 03:20:00",true,true,"PM (16 BPM), PM (COE)",Operação policial,,,false
74777,"Campinho - Cascadura, Rio de Janeiro - RJ, 21320-300, Brasil",Sudeste,Rio de Janeiro,Rio de Janeiro,CASCADURA,,MORRO DO CAMPINHO (COMPLEXO DO FUBA),-22.8850951874697,-43.337939003183074,"27/11/2025, 03:45:00",true,true,"PM (9 BPM, 41 BPM, 14 BPM, 31 BPM, 18 BPM)",Operação policial,,,false
74791,"Estrada dos Bandeirantes - Curicica, Rio de Janeiro - RJ, Brasil",Sudeste,Rio de Janeiro,Rio de Janeiro,CURICICA,,,-22.9600733,-43.3902284,"27/11/2025, 10:00:00",true,true,,Tentativa/Roubo,,,false
74791,"Estrada dos Bandeirantes - Curicica, Rio de Janeiro - RJ, Brasil",Sudeste,Rio de Janeiro,Rio de Janeiro,CURICICA,,,-22.9600733,-43.3902284,"27/11/2025, 10:00:00",true,true,,Tentativa/Roubo,,,false
74792,"Vila Vintém - Padre Miguel, Rio de Janeiro - RJ, 21721-480, Brasil",Sudeste,Rio de Janeiro,Rio de Janeiro,PADRE MIGUEL,,VILA VINTEM,-22.87136775	,-43.44308676,"27/11/2025, 14:33:00",false,false,,Não identificado,,,false
74794,"Complexo da Pedreira - Costa Barros, Rio de Janeiro - RJ, 21515-580, Brasil",Sudeste,Rio de Janeiro,Rio de Janeiro,COSTA BARROS,,COMPLEXO DA PEDREIRA,-22.82425288,	-43.36809439,"27/11/2025, 16:00:00",true,true,PM (41 BPM),Ação policial,,,false
74799,"Rua Vinte e Oito - Jardim Maravilha, Guaratiba, Rio de Janeiro - RJ, Brasil",Sudeste,Rio de Janeiro,Rio de Janeiro,GUARATIBA,,JARDIM MARAVILHA,-22.966509,-43.6207672,"28/11/2025, 02:30:00",true,true,PC (DRACO),Operação policial,,,false
74798,"Favela da Vila Vintém - Padre Miguel, Rio de Janeiro - RJ, 21721-480, Brasil",Sudeste,Rio de Janeiro,Rio de Janeiro,PADRE MIGUEL,,VILA VINTEM,-22.87136775,	-43.44308676,"28/11/2025, 04:37:00",false,false,,Não identificado,,,false
74800,"Favela do Piraquê - Guaratiba, Rio de Janeiro - RJ, 23020-715, Brasil",Sudeste,Rio de Janeiro,Rio de Janeiro,GUARATIBA,,FAVELA DO PIRAQUE,-22.992765120199202	,-43.608855084658515,"28/11/2025, 05:20:00",true,true,PC (DRACO),Operação policial,,,false
74808,"R. Gen. Canabarro, 485 - Maracanã, Rio de Janeiro - RJ, 20271-204, Brasil",Sudeste,Rio de Janeiro,Rio de Janeiro,MARACANA,,,-22.912383705834518,-43.22473329629516,"28/11/2025, 12:30:00",false,false,,Homicidio/Tentativa,,Feminicídio/tentativa,false
74808,"R. Gen. Canabarro, 485 - Maracanã, Rio de Janeiro - RJ, 20271-204, Brasil",Sudeste,Rio de Janeiro,Rio de Janeiro,MARACANA,,,-22.912383705834518,-43.22473329629516,"28/11/2025, 12:30:00",false,false,,Homicidio/Tentativa,,Feminicídio/tentativa,false
74808,"R. Gen. Canabarro, 485 - Maracanã, Rio de Janeiro - RJ, 20271-204, Brasil",Sudeste,Rio de Janeiro,Rio de Janeiro,MARACANA,,,-22.912383705834518,-43.22473329629516,"28/11/2025, 12:30:00",false,false,,Homicidio/Tentativa,,Feminicídio/tentativa,false
74827,"Rocha Miranda, Rio de Janeiro - RJ, Brasil",Sudeste,Rio de Janeiro,Rio de Janeiro,ROCHA MIRANDA,,,-22.8519449,-43.34677,"28/11/2025, 18:00:00",false,false,,Não identificado,,,false
74837,"Rua Guarapari - Madureira, Rio de Janeiro - RJ, Brasil",Sudeste,Rio de Janeiro,Rio de Janeiro,MADUREIRA,,,-22.8700885,-43.3415376,"29/11/2025, 00:00:00",false,true,,Briga,,,false
74842,"Cidade de Deus, Rio de Janeiro - RJ, Brasil",Sudeste,Rio de Janeiro,Rio de Janeiro,CIDADE DE DEUS,,CIDADE DE DEUS,-22.9465337,-43.3697151,"29/11/2025, 21:00:00",false,false,,Homicidio/Tentativa,,Feminicídio/tentativa,false
74838,"Vila Aliança - Bangu, Rio de Janeiro - RJ, 21842-160, Brasil",Sudeste,Rio de Janeiro,Rio de Janeiro,BANGU,,VILA ALIANCA,-22.86909773	,-43.47777013,"29/11/2025, 22:00:00",false,false,,Disputa,,Outros,false
74838,"Vila Aliança - Bangu, Rio de Janeiro - RJ, 21842-160, Brasil",Sudeste,Rio de Janeiro,Rio de Janeiro,BANGU,,VILA ALIANCA,-22.86909773	,-43.47777013,"29/11/2025, 22:00:00",false,false,,Disputa,,Outros,false
74838,"Vila Aliança - Bangu, Rio de Janeiro - RJ, 21842-160, Brasil",Sudeste,Rio de Janeiro,Rio de Janeiro,BANGU,,VILA ALIANCA,-22.86909773	,-43.47777013,"29/11/2025, 22:00:00",false,false,,Disputa,,Outros,false
74833,"Morro do Campinho - Campinho, Rio de Janeiro - RJ, Brasil",Sudeste,Rio de Janeiro,Rio de Janeiro,CAMPINHO,,MORRO DO CAMPINHO (COMPLEXO DO FUBA),-22.8863009,-43.3389215,"30/11/2025, 20:53:00",false,false,,Não identificado,,,false
74829,"Morro da Formiga - Tijuca, Rio de Janeiro - RJ, Brasil",Sudeste,Rio de Janeiro,Rio de Janeiro,TIJUCA,,MORRO DA FORMIGA,-22.9441667,-43.2408333,"30/11/2025, 21:02:00",false,false,,Não identificado,,,false
74839,"Linha Vermelha - Parada de Lucas, Rio de Janeiro - RJ, 21250-620, Brasil",Sudeste,Rio de Janeiro,Rio de Janeiro,PARADA DE LUCAS,,,-22.798991870406315,-43.307689918554686,"01/12/2025, 05:00:00",true,true,PM,Ação policial,,,false
74843,"R. São Francisco Xavier, Maracanã, Rio de Janeiro - RJ, 20550-011, Brasil",Sudeste,Rio de Janeiro,Rio de Janeiro,MARACANA,,,-22.9137058258,-43.2341346741,"01/12/2025, 16:00:00",false,true,,Tentativa/Roubo,,,false
74843,"R. São Francisco Xavier, Maracanã, Rio de Janeiro - RJ, 20550-011, Brasil",Sudeste,Rio de Janeiro,Rio de Janeiro,MARACANA,,,-22.9137058258,-43.2341346741,"01/12/2025, 16:00:00",false,true,,Tentativa/Roubo,,,false
74853,"Conjunto Amarelinho, Acari, Rio de Janeiro - RJ, 21235-400, Brasil",Sudeste,Rio de Janeiro,Rio de Janeiro,ACARI,,CONJUNTO AMARELINHO,-22.8248822,-43.3380604,"02/12/2025, 10:00:00",false,false,,Disputa,,Ataques armados sobre rodas,false
74853,"Conjunto Amarelinho, Acari, Rio de Janeiro - RJ, 21235-400, Brasil",Sudeste,Rio de Janeiro,Rio de Janeiro,ACARI,,CONJUNTO AMARELINHO,-22.8248822,-43.3380604,"02/12/2025, 10:00:00",false,false,,Disputa,,Ataques armados sobre rodas,false
74859,"Ladeira dos Tabajaras, Copacabana, Rio de Janeiro - RJ, 22031-111, Brasil",Sudeste,Rio de Janeiro,Rio de Janeiro,COPACABANA,,LADEIRA DOS TABAJARAS,-22.9644595129132,-43.18965203745911,"02/12/2025, 11:00:00",true,true,"PC (12 DP, CORE)",Operação policial,,,false
74860,"Rua Cândido Benício - Praça Seca, Rio de Janeiro - RJ, Brasil",Sudeste,Rio de Janeiro,Rio de Janeiro,PRACA SECA,,,-22.9003701,-43.3540593,"02/12/2025, 18:00:00",false,false,,Tentativa/Roubo,,,false
74868,"Salsa e Merengue (Complexo da Maré) - Maré, Rio de Janeiro - RJ, 21046-205, Brasil",Sudeste,Rio de Janeiro,Rio de Janeiro,MARE,,SALSA E MERENGUE (COMPLEXO DA MARE),-22.86834004	,-43.23759692,"03/12/2025, 07:34:00",false,false,,Não identificado,,,false
74880,"Morro do Campinho (Complexo do Fubá) - Cascadura, Rio de Janeiro - RJ, 21320-300, Brasil",Sudeste,Rio de Janeiro,Rio de Janeiro,CASCADURA,,MORRO DO CAMPINHO (COMPLEXO DO FUBA),-22.8850951874697,	-43.337939003183074,"03/12/2025, 20:26:00",false,false,,Não identificado,,,false
74889,"Rua Prefeito Olímpio de Melo - Benfica, Rio de Janeiro - RJ, Brasil",Sudeste,Rio de Janeiro,Rio de Janeiro,BENFICA,,,-22.8941892,-43.2390668,"04/12/2025, 10:30:00",false,false,,Homicidio/Tentativa,,,false
74889,"Rua Prefeito Olímpio de Melo - Benfica, Rio de Janeiro - RJ, Brasil",Sudeste,Rio de Janeiro,Rio de Janeiro,BENFICA,,,-22.8941892,-43.2390668,"04/12/2025, 10:30:00",false,false,,Homicidio/Tentativa,,,false
74901,"Rua Adail - Bonsucesso, Rio de Janeiro - RJ, Brasil",Sudeste,Rio de Janeiro,Rio de Janeiro,BONSUCESSO,,,-22.8603842,-43.2549155,"04/12/2025, 12:00:00",false,false,,Homicidio/Tentativa,,,false
74891,"Morro das Neves -  Rua Santo Alfredo, Santa Teresa, Rio de Janeiro - RJ, Brasil",Sudeste,Rio de Janeiro,Rio de Janeiro,SANTA TERESA,,MORRO DAS NEVES,-22.916941784363882,-43.19190262917789,"04/12/2025, 15:30:00",false,false,,Não identificado,,,false
74896,"Rua Custódio Maia Filho - Senador Vasconcelos, Rio de Janeiro - RJ, Brasil",Sudeste,Rio de Janeiro,Rio de Janeiro,SENADOR VASCONCELOS,,,-22.891648,-43.5391763,"04/12/2025, 18:00:00",false,true,,Tentativa/Roubo,,,false
74903,"Conjunto do Campinho - Campo Grande, Rio de Janeiro - RJ, 23067-460, Brasil",Sudeste,Rio de Janeiro,Rio de Janeiro,CAMPO GRANDE,,CONJUNTO DO CAMPINHO,-22.8778634,	-43.6164541,"05/12/2025, 06:00:00",false,false,,Disputa,,,false
74897,"Morro do Juramento (Complexo do Juramento) - Vicente de Carvalho, Rio de Janeiro - RJ, 21371-430, Brasil",Sudeste,Rio de Janeiro,Rio de Janeiro,VICENTE DE CARVALHO,,MORRO DO JURAMENTO (COMPLEXO DO JURAMENTO),-22.860558330276074	,-43.31652059476989,"05/12/2025, 06:22:00",true,true,PM (41 BPM),Ação policial,,,false
74897,"Morro do Juramento (Complexo do Juramento) - Vicente de Carvalho, Rio de Janeiro - RJ, 21371-430, Brasil",Sudeste,Rio de Janeiro,Rio de Janeiro,VICENTE DE CARVALHO,,MORRO DO JURAMENTO (COMPLEXO DO JURAMENTO),-22.860558330276074	,-43.31652059476989,"05/12/2025, 06:22:00",true,true,PM (41 BPM),Ação policial,,,false
74897,"Morro do Juramento (Complexo do Juramento) - Vicente de Carvalho, Rio de Janeiro - RJ, 21371-430, Brasil",Sudeste,Rio de Janeiro,Rio de Janeiro,VICENTE DE CARVALHO,,MORRO DO JURAMENTO (COMPLEXO DO JURAMENTO),-22.860558330276074	,-43.31652059476989,"05/12/2025, 06:22:00",true,true,PM (41 BPM),Ação policial,,,false
75396,"Praça Serzedelo Correia - Copacabana, Rio de Janeiro - RJ, Brasil",Sudeste,Rio de Janeiro,Rio de Janeiro,COPACABANA,,,-22.9695076,-43.1837254,"05/12/2025, 18:00:00",false,false,,Homicidio/Tentativa,,,false
74964,"Rio das Pedras - Itanhangá, Rio de Janeiro - RJ, 22753-039, Brasil",Sudeste,Rio de Janeiro,Rio de Janeiro,ITANHANGA,,RIO DAS PEDRAS,-22.977440436770305,-43.33368227363282,"05/12/2025, 19:45:00",false,false,,Tortura,,,false
74920,"Linha Amarela - Bonsucesso, Rio de Janeiro - RJ, Brasil",Sudeste,Rio de Janeiro,Rio de Janeiro,BONSUCESSO,,,-22.8721497,-43.2529577,"06/12/2025, 02:00:00",true,true,PM (22 BPM),Ação policial,,,false
74922,"Magalhães Bastos, Rio de Janeiro - RJ, Brasil",Sudeste,Rio de Janeiro,Rio de Janeiro,MAGALHAES BASTOS,,,-22.8711722,-43.4145531,"06/12/2025, 14:00:00",true,true,PM (14BPM),Ação policial,,,false
74937,"Morro do Campinho (Complexo do Fubá) - Cascadura, Rio de Janeiro - RJ, 21320-300, Brasil",Sudeste,Rio de Janeiro,Rio de Janeiro,CASCADURA,,MORRO DO CAMPINHO (COMPLEXO DO FUBA),-22.8850951874697,	-43.337939003183074,"07/12/2025, 08:27:00",false,false,,Não identificado,,,false
74928,"Linha Amarela - Del Castilho, Rio de Janeiro - RJ, Brasil",Sudeste,Rio de Janeiro,Rio de Janeiro,DEL CASTILHO,,,-22.8761655,-43.2748366,"07/12/2025, 11:20:00",true,true,PM,Tentativa/Roubo,,,false
74929,"Conjunto Amarelinho - Acari, Rio de Janeiro - RJ, 21531-300, Brasil",Sudeste,Rio de Janeiro,Rio de Janeiro,ACARI,,CONJUNTO AMARELINHO,-22.82538495,	-43.3394958,"07/12/2025, 15:40:00",true,true,NI,Ação policial,,,false
74930,"Morro do Campinho - Campinho, Rio de Janeiro - RJ, 21341-290, Brasil",Sudeste,Rio de Janeiro,Rio de Janeiro,CAMPINHO,,MORRO DO CAMPINHO (COMPLEXO DO FUBA),-22.884186416408284,-43.35228094760741,"07/12/2025, 16:07:00",false,false,,Não identificado,,,false
74935,"Avenida Lúcio Costa - Barra da Tijuca, Rio de Janeiro - RJ, Brasil",Sudeste,Rio de Janeiro,Rio de Janeiro,BARRA DA TIJUCA,,,-23.0112133,-43.3729592,"08/12/2025, 00:00:00",true,true,PM (31 BPM),Tentativa/Roubo,,,false
74935,"Avenida Lúcio Costa - Barra da Tijuca, Rio de Janeiro - RJ, Brasil",Sudeste,Rio de Janeiro,Rio de Janeiro,BARRA DA TIJUCA,,,-23.0112133,-43.3729592,"08/12/2025, 00:00:00",true,true,PM (31 BPM),Tentativa/Roubo,,,false
74939,"Av. Ayrton Senna - Barra da Tijuca, Rio de Janeiro - RJ, 22640-100, Brasil",Sudeste,Rio de Janeiro,Rio de Janeiro,BARRA DA TIJUCA,,,-22.998457645852184,-43.36418658071691,"08/12/2025, 00:00:00",false,false,,Homicidio/Tentativa,,Ataques armados sobre rodas,false
74939,"Av. Ayrton Senna - Barra da Tijuca, Rio de Janeiro - RJ, 22640-100, Brasil",Sudeste,Rio de Janeiro,Rio de Janeiro,BARRA DA TIJUCA,,,-22.998457645852184,-43.36418658071691,"08/12/2025, 00:00:00",false,false,,Homicidio/Tentativa,,Ataques armados sobre rodas,false
74952,"Morro do Campinho (Complexo do Fubá) - Campinho, Rio de Janeiro - RJ, Brasil",Sudeste,Rio de Janeiro,Rio de Janeiro,CAMPINHO,,MORRO DO CAMPINHO (COMPLEXO DO FUBA),-22.8834352,-43.3538259,"08/12/2025, 19:25:00",false,false,,Não identificado,,,false
74953,"Avenida Brasil - Campo Grande, Rio de Janeiro - RJ, 23075, Brasil",Sudeste,Rio de Janeiro,Rio de Janeiro,CAMPO GRANDE,,,-22.868202754436822,-43.594974037156675,"08/12/2025, 20:50:00",false,false,,Homicidio/Tentativa,,,false
74953,"Avenida Brasil - Campo Grande, Rio de Janeiro - RJ, 23075, Brasil",Sudeste,Rio de Janeiro,Rio de Janeiro,CAMPO GRANDE,,,-22.868202754436822,-43.594974037156675,"08/12/2025, 20:50:00",false,false,,Homicidio/Tentativa,,,false
74953,"Avenida Brasil - Campo Grande, Rio de Janeiro - RJ, 23075, Brasil",Sudeste,Rio de Janeiro,Rio de Janeiro,CAMPO GRANDE,,,-22.868202754436822,-43.594974037156675,"08/12/2025, 20:50:00",false,false,,Homicidio/Tentativa,,,false
74957,"Vicente de Carvalho, Rio de Janeiro - RJ, Brasil",Sudeste,Rio de Janeiro,Rio de Janeiro,VICENTE DE CARVALHO,,,-22.8557822,-43.3157393,"09/12/2025, 07:38:00",false,false,,Não identificado,,,false
74965,"Av. Pastor Martin Luther King Jr - Vicente de Carvalho, Rio de Janeiro - RJ, 20765-630, Brasil",Sudeste,Rio de Janeiro,Rio de Janeiro,VICENTE DE CARVALHO,,,-22.850266666108464,-43.318920114047245,"09/12/2025, 20:00:00",true,true,"PM (16 BPM), PC (31 DP, DRFA)",Ação policial,,Perseguição,false
74965,"Av. Pastor Martin Luther King Jr - Vicente de Carvalho, Rio de Janeiro - RJ, 20765-630, Brasil",Sudeste,Rio de Janeiro,Rio de Janeiro,VICENTE DE CARVALHO,,,-22.850266666108464,-43.318920114047245,"09/12/2025, 20:00:00",true,true,"PM (16 BPM), PC (31 DP, DRFA)",Ação policial,,Perseguição,false
74965,"Av. Pastor Martin Luther King Jr - Vicente de Carvalho, Rio de Janeiro - RJ, 20765-630, Brasil",Sudeste,Rio de Janeiro,Rio de Janeiro,VICENTE DE CARVALHO,,,-22.850266666108464,-43.318920114047245,"09/12/2025, 20:00:00",true,true,"PM (16 BPM), PC (31 DP, DRFA)",Ação policial,,Perseguição,false
74965,"Av. Pastor Martin Luther King Jr - Vicente de Carvalho, Rio de Janeiro - RJ, 20765-630, Brasil",Sudeste,Rio de Janeiro,Rio de Janeiro,VICENTE DE CARVALHO,,,-22.850266666108464,-43.318920114047245,"09/12/2025, 20:00:00",true,true,"PM (16 BPM), PC (31 DP, DRFA)",Ação policial,,Perseguição,false
74965,"Av. Pastor Martin Luther King Jr - Vicente de Carvalho, Rio de Janeiro - RJ, 20765-630, Brasil",Sudeste,Rio de Janeiro,Rio de Janeiro,VICENTE DE CARVALHO,,,-22.850266666108464,-43.318920114047245,"09/12/2025, 20:00:00",true,true,"PM (16 BPM), PC (31 DP, DRFA)",Ação policial,,Perseguição,false
74965,"Av. Pastor Martin Luther King Jr - Vicente de Carvalho, Rio de Janeiro - RJ, 20765-630, Brasil",Sudeste,Rio de Janeiro,Rio de Janeiro,VICENTE DE CARVALHO,,,-22.850266666108464,-43.318920114047245,"09/12/2025, 20:00:00",true,true,"PM (16 BPM), PC (31 DP, DRFA)",Ação policial,,Perseguição,false
74965,"Av. Pastor Martin Luther King Jr - Vicente de Carvalho, Rio de Janeiro - RJ, 20765-630, Brasil",Sudeste,Rio de Janeiro,Rio de Janeiro,VICENTE DE CARVALHO,,,-22.850266666108464,-43.318920114047245,"09/12/2025, 20:00:00",true,true,"PM (16 BPM), PC (31 DP, DRFA)",Ação policial,,Perseguição,false
74977,"Avenida Dom Hélder Câmara - Quintino Bocaiúva, Rio de Janeiro - RJ, Brasil",Sudeste,Rio de Janeiro,Rio de Janeiro,QUINTINO BOCAIUVA,,,-22.8846118,-43.3154503,"10/12/2025, 12:00:00",false,true,,Tentativa/Roubo,,,false
74976,"Morro do Chaves (Complexo da Pedreira) - Barros Filho, Rio de Janeiro - RJ, 21515-000, Brasil",Sudeste,Rio de Janeiro,Rio de Janeiro,BARROS FILHO,,MORRO DO CHAVES (COMPLEXO DA PEDREIRA),-22.83352157,	-43.36290336,"10/12/2025, 16:20:00",false,false,,Não identificado,,,false
74975,"Vila Do Joao (Complexo da Maré) - Maré, Rio de Janeiro - RJ, 21046-530, Brasil",Sudeste,Rio de Janeiro,Rio de Janeiro,MARE,,VILA DO JOAO (COMPLEXO DA MARE),-22.870792633025193,-43.2426536686783,"10/12/2025, 16:27:00",false,false,,Não identificado,,,false
74991,"Morro do Vintém - R. Frei Fabiano - Engenho Novo, Rio de Janeiro - RJ, 20780-120, Brasil",Sudeste,Rio de Janeiro,Rio de Janeiro,ENGENHO NOVO,,MORRO DO VINTEM,-22.901502,-43.2706452,"11/12/2025, 13:00:00",false,true,,Tentativa/Roubo,,,false
74991,"Morro do Vintém - R. Frei Fabiano - Engenho Novo, Rio de Janeiro - RJ, 20780-120, Brasil",Sudeste,Rio de Janeiro,Rio de Janeiro,ENGENHO NOVO,,MORRO DO VINTEM,-22.901502,-43.2706452,"11/12/2025, 13:00:00",false,true,,Tentativa/Roubo,,,false
74990,"Favela Bandeira 2 - Del Castilho, Rio de Janeiro - RJ, 20785-330, Brasil",Sudeste,Rio de Janeiro,Rio de Janeiro,DEL CASTILHO,,FAVELA BANDEIRA 2,-22.88235873443767,-43.26770990368959,"12/12/2025, 05:08:00",true,true,PM (3 BPM),Operação policial,,,false
74999,"Favela da Varginha (Manguinhos), Manguinhos, Rio de Janeiro - RJ, 20911-300, Brasil",Sudeste,Rio de Janeiro,Rio de Janeiro,MANGUINHOS,,FAVELA DA VARGINHA (COMPLEXO DE MANGUINHOS),-22.883037567,-43.245750427,"12/12/2025, 08:00:00",true,true,PC (DRFC),Tentativa/Roubo de cargas,,,false
75007,"Catiri- Bangu, Rio de Janeiro - RJ, 21863-010, Brasil",Sudeste,Rio de Janeiro,Rio de Janeiro,BANGU,,CATIRI,-22.85319795,-43.47059105,"12/12/2025, 20:50:00",false,false,,Disputa,,,false
75010,"Av. Erasmo Braga - Centro, Rio de Janeiro - RJ, 20020-000, Brasil",Sudeste,Rio de Janeiro,Rio de Janeiro,CENTRO,,,-22.904571039192994,-43.17322156529008,"13/12/2025, 13:00:00",true,true,PM (5 BPM),Ação policial,,Outros,false
75033,"Rua Caçapava - Vila América, Grajaú, Rio de Janeiro - RJ, Brasil",Sudeste,Rio de Janeiro,Rio de Janeiro,GRAJAU,VILA AMERICA,,-22.927888,-43.2585707,"13/12/2025, 20:40:00",false,false,,Tentativa/Roubo,,,false
75043,"César Maia - Vargem Pequena, Rio de Janeiro - RJ, Brasil",Sudeste,Rio de Janeiro,Rio de Janeiro,VARGEM PEQUENA,,CONJUNTO CESAR MAIA,-22.9881306,-43.4340933,"14/12/2025, 07:00:00",false,false,,Homicidio/Tentativa,,,false
75015,"Morro do Campinho (Complexo do Fubá) - Cascadura, Rio de Janeiro - RJ, Brasil",Sudeste,Rio de Janeiro,Rio de Janeiro,CASCADURA,,MORRO DO CAMPINHO (COMPLEXO DO FUBA),-22.8863009,-43.3389215,"14/12/2025, 17:45:00",false,false,,Não identificado,,,false
75016,"Morro do Juramento - Vicente de Carvalho, Rio de Janeiro - RJ, 21371-430, Brasil",Sudeste,Rio de Janeiro,Rio de Janeiro,VICENTE DE CARVALHO,,MORRO DO JURAMENTO (COMPLEXO DO JURAMENTO),-22.860558330276074	,-43.31652059476989,"14/12/2025, 18:42:00",true,true,PM (41 BPM),Ação policial,,,false
75016,"Morro do Juramento - Vicente de Carvalho, Rio de Janeiro - RJ, 21371-430, Brasil",Sudeste,Rio de Janeiro,Rio de Janeiro,VICENTE DE CARVALHO,,MORRO DO JURAMENTO (COMPLEXO DO JURAMENTO),-22.860558330276074	,-43.31652059476989,"14/12/2025, 18:42:00",true,true,PM (41 BPM),Ação policial,,,false
75030,"Complexo de Manguinhos - Manguinhos, Rio de Janeiro - RJ, 21041-560, Brasil",Sudeste,Rio de Janeiro,Rio de Janeiro,MANGUINHOS,,MANGUINHOS (COMPLEXO DE MANGUINHOS),-22.88170183,	-43.2480006,"15/12/2025, 04:07:00",true,true,"PM (COE), PM (BOPE), PM (CPP)",Operação policial,,,false
75022,"Morro da Lagartixa (Complexo da Pedreira) - Costa Barros, Rio de Janeiro - RJ, 21515-640, Brasil",Sudeste,Rio de Janeiro,Rio de Janeiro,COSTA BARROS,,MORRO DA LAGARTIXA (COMPLEXO DA PEDREIRA),-22.82384557	,-43.36424336,"15/12/2025, 06:52:00",true,true,PM (41 BPM),Operação policial,,,false
75022,"Morro da Lagartixa (Complexo da Pedreira) - Costa Barros, Rio de Janeiro - RJ, 21515-640, Brasil",Sudeste,Rio de Janeiro,Rio de Janeiro,COSTA BARROS,,MORRO DA LAGARTIXA (COMPLEXO DA PEDREIRA),-22.82384557	,-43.36424336,"15/12/2025, 06:52:00",true,true,PM (41 BPM),Operação policial,,,false
75028,"Bancários, Rio de Janeiro - RJ, Brasil",Sudeste,Rio de Janeiro,Rio de Janeiro,BANCARIOS,,,-22.7910971,-43.18085629999999,"15/12/2025, 07:26:00",true,true,PM (17 BPM),Operação policial,,,false
75028,"Bancários, Rio de Janeiro - RJ, Brasil",Sudeste,Rio de Janeiro,Rio de Janeiro,BANCARIOS,,,-22.7910971,-43.18085629999999,"15/12/2025, 07:26:00",true,true,PM (17 BPM),Operação policial,,,false
75041,"Morro do Juramento - Vicente de Carvalho, Rio de Janeiro - RJ, Brasil",Sudeste,Rio de Janeiro,Rio de Janeiro,VICENTE DE CARVALHO,,MORRO DO JURAMENTO (COMPLEXO DO JURAMENTO),-22.8627778,-43.3152778,"15/12/2025, 14:20:00",false,false,,Não identificado,,,false
75056,"R. Barão de Itapagipe - Tijuca, Rio de Janeiro - RJ, 20261-125, Brasil",Sudeste,Rio de Janeiro,Rio de Janeiro,TIJUCA,,,-22.923877382355773,-43.218767414529836,"16/12/2025, 14:00:00",false,false,,Tentativa/Roubo,,,false
75060,"Guaratiba, Rio de Janeiro - RJ, Brasil",Sudeste,Rio de Janeiro,Rio de Janeiro,GUARATIBA,,,-22.9611952,-43.6120746,"17/12/2025, 01:00:00",false,false,,Disputa,,,false
75060,"Guaratiba, Rio de Janeiro - RJ, Brasil",Sudeste,Rio de Janeiro,Rio de Janeiro,GUARATIBA,,,-22.9611952,-43.6120746,"17/12/2025, 01:00:00",false,false,,Disputa,,,false
75058,"R. Srg. Silva Nunes - Maré, Rio de Janeiro - RJ, 21044-242, Brasil",Sudeste,Rio de Janeiro,Rio de Janeiro,MARE,,NOVA HOLANDA (COMPLEXO DA MARE),-22.854547949397972,-43.24070912170409,"17/12/2025, 02:20:00",true,true,PC,Operação policial,,,false
75070,"Morro do Campinho (Complexo do Fubá) - Cascadura, Rio de Janeiro - RJ, 21320-300, Brasil",Sudeste,Rio de Janeiro,Rio de Janeiro,CASCADURA,,MORRO DO CAMPINHO (COMPLEXO DO FUBA),-22.8850951874697	,-43.337939003183074,"17/12/2025, 12:28:00",false,false,,Não identificado,,,false
75069,"Praça Barão de Drumond - Vila Isabel, Rio de Janeiro - RJ, Brasil",Sudeste,Rio de Janeiro,Rio de Janeiro,VILA ISABEL,,,-22.9162634,-43.2504877,"17/12/2025, 16:00:00",true,true,PM (UPP Pavão Pavãozinho),Tentativa/Roubo,,,false
75067,"Favela da Carobinha - Campo Grande, Rio de Janeiro - RJ, 23097-640, Brasil",Sudeste,Rio de Janeiro,Rio de Janeiro,CAMPO GRANDE,,FAVELA DA CAROBINHA,-22.855164,	-43.53284498,"17/12/2025, 17:15:00",false,false,,Não identificado,,,false
75097,"Av. Pastor Martin Luther King Jr. - Vicente de Carvalho, Rio de Janeiro - RJ, 21370-541, Brasil",Sudeste,Rio de Janeiro,Rio de Janeiro,VICENTE DE CARVALHO,,,-22.853916116700827,-43.31307854865722,"18/12/2025, 18:00:00",false,false,,Tentativa/Roubo,,,false
75090,"Morro do 18 (Complexo do 18) - Piedade, Rio de Janeiro - RJ, 20740-600, Brasil",Sudeste,Rio de Janeiro,Rio de Janeiro,PIEDADE,,MORRO DO 18 (COMPLEXO DO 18),-22.905011856611303,	-43.31769304011568,"19/12/2025, 03:00:00",false,false,,Não identificado,,,false
75101,"Estrada Meringuava - Taquara, Rio de Janeiro - RJ, Brasil",Sudeste,Rio de Janeiro,Rio de Janeiro,TAQUARA,,,-22.9150536,-43.3848174,"19/12/2025, 10:00:00",false,false,,Homicidio/Tentativa,,,false
75100,"Estrada Reta do Rio Grande - Santa Cruz, Rio de Janeiro - RJ, Brasil",Sudeste,Rio de Janeiro,Rio de Janeiro,SANTA CRUZ,,,-22.888723,-43.7067935,"19/12/2025, 14:00:00",false,false,,Homicidio/Tentativa,,,false
75111,"Conjunto do Bairro 13 (Complexo da Pedreira) - Barros Filho, Rio de Janeiro - RJ, 21665-210, Brasil",Sudeste,Rio de Janeiro,Rio de Janeiro,BARROS FILHO,,CONJUNTO DO BAIRRO 13 (COMPLEXO DA PEDREIRA),-22.832083744727196,	-43.36782071958148,"20/12/2025, 11:00:00",true,true,PM (41 BPM),Ação policial,,,false
75175,"Favela Rio d'Ouro - Irajá, Rio de Janeiro - RJ, 21220-380, Brasil",Sudeste,Rio de Janeiro,Rio de Janeiro,IRAJA,,FAVELA RIO D'OURO,-22.846929984068566,-43.32022542168884,"20/12/2025, 12:00:00",false,false,,Disputa,,,false
75110,"R. Barão de Mesquita - Tijuca, Rio de Janeiro - RJ, 20540-146, Brasil",Sudeste,Rio de Janeiro,Rio de Janeiro,TIJUCA,,,-22.924168402256395,-43.237656961685175,"20/12/2025, 13:30:00",true,true,EB,Tentativa/Roubo,,,false
75110,"R. Barão de Mesquita - Tijuca, Rio de Janeiro - RJ, 20540-146, Brasil",Sudeste,Rio de Janeiro,Rio de Janeiro,TIJUCA,,,-22.924168402256395,-43.237656961685175,"20/12/2025, 13:30:00",true,true,EB,Tentativa/Roubo,,,false
75119,"Praça Managuá, Bento Ribeiro, Rio de Janeiro - RJ, Brasil",Sudeste,Rio de Janeiro,Rio de Janeiro,BENTO RIBEIRO,,,-22.8667937,-43.3632866,"20/12/2025, 19:00:00",false,false,,Tentativa/Roubo,,,false
75115,"Rua da Passagem - Botafogo, Rio de Janeiro - RJ, Brasil",Sudeste,Rio de Janeiro,Rio de Janeiro,BOTAFOGO,,,-22.9533356,-43.1816439,"21/12/2025, 00:00:00",true,true,PM (BPVE),Ação policial,,Perseguição,false
75115,"Rua da Passagem - Botafogo, Rio de Janeiro - RJ, Brasil",Sudeste,Rio de Janeiro,Rio de Janeiro,BOTAFOGO,,,-22.9533356,-43.1816439,"21/12/2025, 00:00:00",true,true,PM (BPVE),Ação policial,,Perseguição,false
75115,"Rua da Passagem - Botafogo, Rio de Janeiro - RJ, Brasil",Sudeste,Rio de Janeiro,Rio de Janeiro,BOTAFOGO,,,-22.9533356,-43.1816439,"21/12/2025, 00:00:00",true,true,PM (BPVE),Ação policial,,Perseguição,false
75127,"Morro do Campinho (Complexo do Fubá) - Cascadura, Rio de Janeiro - RJ, 21320-300, Brasil",Sudeste,Rio de Janeiro,Rio de Janeiro,CASCADURA,,MORRO DO CAMPINHO (COMPLEXO DO FUBA),-22.8850951874697	,-43.337939003183074,"21/12/2025, 20:13:00",false,false,,Não identificado,,,false
75125,"Colégio Militar do Rio de Janeiro - Rua São Francisco Xavier - Tijuca, Rio de Janeiro - RJ, Brasil",Sudeste,Rio de Janeiro,Rio de Janeiro,TIJUCA,,,-22.9164335,-43.2270049,"21/12/2025, 20:22:00",false,false,,Não identificado,,,false
75126,"Favela da Galinha - Inhaúma, Rio de Janeiro - RJ, 20765-270, Brasil",Sudeste,Rio de Janeiro,Rio de Janeiro,INHAUMA,,FAVELA DA GALINHA,-22.86758804	,-43.2891417,"21/12/2025, 21:00:00",false,false,,Não identificado,,,false
75124,"Favela de Acari - Acari, Rio de Janeiro - RJ, 21531-060, Brasil",Sudeste,Rio de Janeiro,Rio de Janeiro,ACARI,,FAVELA DE ACARI,-22.82529478,	-43.34453914,"22/12/2025, 03:40:00",true,true,PM,Operação policial,,,false
75128,"Madureira, Rio de Janeiro - RJ, Brasil",Sudeste,Rio de Janeiro,Rio de Janeiro,MADUREIRA,,,-22.8724517,-43.3363996,"22/12/2025, 05:00:00",true,true,PM (9 BPM),Tentativa/Roubo,,,false
75160,"Padre Miguel, Rio de Janeiro - RJ, Brasil",Sudeste,Rio de Janeiro,Rio de Janeiro,PADRE MIGUEL,,,-22.8780905,-43.4482789,"23/12/2025, 12:00:00",false,true,,Homicidio/Tentativa,,,false
75156,"Morro do Juramento - Vicente de Carvalho, Rio de Janeiro - RJ, Brasil",Sudeste,Rio de Janeiro,Rio de Janeiro,VICENTE DE CARVALHO,,MORRO DO JURAMENTO (COMPLEXO DO JURAMENTO),-22.8627778,-43.3152778,"23/12/2025, 14:00:00",false,false,,Não identificado,,,false
75166,"Barreira do Vasco - Vasco da Gama, Rio de Janeiro - RJ, 20921-300, Brasil",Sudeste,Rio de Janeiro,Rio de Janeiro,VASCO DA GAMA,,BARREIRA DO VASCO,-22.88904253	,-43.22908861,"24/12/2025, 00:53:00",false,false,,Não identificado,,,false
75168,"R. Vinte e Quatro de Maio - Engenho Novo, Rio de Janeiro - RJ, 20950-091, Brasil",Sudeste,Rio de Janeiro,Rio de Janeiro,ENGENHO NOVO,,,-22.90379042860142,-43.271061586508175,"24/12/2025, 03:30:00",false,true,,Tentativa/Roubo,,,false
75168,"R. Vinte e Quatro de Maio - Engenho Novo, Rio de Janeiro - RJ, 20950-091, Brasil",Sudeste,Rio de Janeiro,Rio de Janeiro,ENGENHO NOVO,,,-22.90379042860142,-43.271061586508175,"24/12/2025, 03:30:00",false,true,,Tentativa/Roubo,,,false
75189,"Morro do Campinho (Complexo do Fubá) - Cascadura, Rio de Janeiro - RJ, 21320-300, Brasil",Sudeste,Rio de Janeiro,Rio de Janeiro,CASCADURA,,MORRO DO CAMPINHO (COMPLEXO DO FUBA),-22.8850951874697	,-43.337939003183074,"24/12/2025, 21:00:00",false,false,,Não identificado,,,false
75179,"Morro do Timbau - Maré, Rio de Janeiro - RJ, 21042-050, Brasil",Sudeste,Rio de Janeiro,Rio de Janeiro,MARE,,MORRO DO TIMBAU (COMPLEXO DA MARE),-22.86250847	,-43.24132626,"24/12/2025, 21:00:00",false,false,,Não identificado,,,false
75180,"Morro do Timbau - Maré, Rio de Janeiro - RJ, 21042-050, Brasil",Sudeste,Rio de Janeiro,Rio de Janeiro,MARE,,MORRO DO TIMBAU (COMPLEXO DA MARE),-22.86250847	,-43.24132626,"24/12/2025, 22:00:00",false,false,,Não identificado,,,false
75181,"Morro do Timbau - Maré, Rio de Janeiro - RJ, 21042-050, Brasil",Sudeste,Rio de Janeiro,Rio de Janeiro,MARE,,MORRO DO TIMBAU (COMPLEXO DA MARE),-22.86250847	,-43.24132626,"25/12/2025, 05:20:00",false,false,,Não identificado,,,false
75187,"Morro do Camarista (Complexo do Lins) - Engenho de Dentro, Rio de Janeiro - RJ, 20730-130, Brasil",Sudeste,Rio de Janeiro,Rio de Janeiro,ENGENHO DE DENTRO,,MORRO DA CAMARISTA (COMPLEXO DO LINS),-22.91160375,-43.29866574,"25/12/2025, 10:00:00",true,true,PM (3 BPM),Ação policial,,,false
75186,"Praça do Canhão - Realengo, Rio de Janeiro - RJ, Brasil",Sudeste,Rio de Janeiro,Rio de Janeiro,REALENGO,,,-22.8759488,-43.431633,"25/12/2025, 14:35:00",false,false,,Não identificado,,,false
75188,"Favela Vila Sapê - Curicica, Rio de Janeiro - RJ, 22775-400, Brasil",Sudeste,Rio de Janeiro,Rio de Janeiro,CURICICA,,FAVELA VILA SAPE,-22.95051047,-43.37547407,"25/12/2025, 18:55:00",false,false,,Não identificado,,,false
75190,"Avenida Mem de Sá - Lapa, Rio de Janeiro - RJ, Brasil",Sudeste,Rio de Janeiro,Rio de Janeiro,LAPA,,,-22.9129557,-43.1828304,"26/12/2025, 04:17:00",true,true,PM (5 BPM),Ação policial,,,false
75196,"Av. Niemeyer, São Conrado, Rio de Janeiro - RJ, 22450-220, Brasil",Sudeste,Rio de Janeiro,Rio de Janeiro,SAO CONRADO,,,-22.99406718862177,-43.25304295571557,"26/12/2025, 08:00:00",true,true,PM (Upp Rocinha),Ação policial,,,false
75201,"Morro da Fé - Penha, Rio de Janeiro - RJ, 22753-507, Brasil",Sudeste,Rio de Janeiro,Rio de Janeiro,PENHA,,MORRO DA FE (COMPLEXO DA PENHA),-22.845054013151593,-43.294981697885135,"26/12/2025, 18:46:00",false,true,,Não identificado,,,false
75211,"Estrada do Engenho - Bangu, Rio de Janeiro - RJ, Brasil",Sudeste,Rio de Janeiro,Rio de Janeiro,BANGU,,,-22.8664554,-43.4705273,"27/12/2025, 17:00:00",false,false,,Homicidio/Tentativa,,,false
75211,"Estrada do Engenho - Bangu, Rio de Janeiro - RJ, Brasil",Sudeste,Rio de Janeiro,Rio de Janeiro,BANGU,,,-22.8664554,-43.4705273,"27/12/2025, 17:00:00",false,false,,Homicidio/Tentativa,,,false
75215,"Rua Almirante Cochrane - Tijuca, Rio de Janeiro - RJ, Brasil",Sudeste,Rio de Janeiro,Rio de Janeiro,TIJUCA,,,-22.920805,-43.227711,"28/12/2025, 08:30:00",false,true,,Tentativa/Roubo,,,false
75214,"Posto 12 - Avenida Gilka Machado - Recreio dos Bandeirantes, Rio de Janeiro - RJ, Brasil",Sudeste,Rio de Janeiro,Rio de Janeiro,RECREIO DOS BANDEIRANTES,,,-23.0324617,-43.4713732,"28/12/2025, 13:35:00",false,false,,Disputa,,,false
75216,"Morro do Campinho - Rua João Seda - Campinho, Rio de Janeiro - RJ, Brasil",Sudeste,Rio de Janeiro,Rio de Janeiro,CAMPINHO,,MORRO DO CAMPINHO (COMPLEXO DO FUBA),-22.8863009,-43.3389215,"28/12/2025, 21:07:00",false,false,,Não identificado,,,false
75246,"Rua dos Biólogos - Taquara, Rio de Janeiro - RJ, Brasil",Sudeste,Rio de Janeiro,Rio de Janeiro,TAQUARA,,BOIUNA,-22.9110645,-43.3935142,"29/12/2025, 15:00:00",false,false,,Disputa,,,false
75260,"Rua André Rocha - Taquara, Rio de Janeiro - RJ, Brasil",Sudeste,Rio de Janeiro,Rio de Janeiro,TAQUARA,,,-22.9297337,-43.3742609,"30/12/2025, 14:00:00",false,true,,Tentativa/Roubo,,,false
75256,"Morro da Serrinha (Complexo da Serrinha) - Madureira, Rio de Janeiro - RJ, 21360-320, Brasil",Sudeste,Rio de Janeiro,Rio de Janeiro,MADUREIRA,,MORRO DA SERRINHA (COMPLEXO DA SERRINHA),-22.86878693864185,-43.32964974531006,"30/12/2025, 16:30:00",false,false,,Não identificado,,,false
75264,"Morro do Campinho (Complexo do Fubá) - Cascadura, Rio de Janeiro - RJ, 21320-300, Brasil",Sudeste,Rio de Janeiro,Rio de Janeiro,CASCADURA,,MORRO DO CAMPINHO (COMPLEXO DO FUBA),-22.8850951874697,	-43.337939003183074,"30/12/2025, 19:57:00",false,false,,Não identificado,,,false
75266,"Rua Capitão Félix - Parque Arara, Benfica, Rio de Janeiro - RJ, Brasil",Sudeste,Rio de Janeiro,Rio de Janeiro,BENFICA,,PARQUE ARARA,-22.8929181,-43.2354232,"31/12/2025, 09:00:00",true,true,PM (UPP Mangueira),Tentativa/Roubo de cargas,,,false
75268,"Complexo do Lins - Lins de Vasconcelos, Rio de Janeiro - RJ, 20725-140, Brasil",Sudeste,Rio de Janeiro,Rio de Janeiro,LINS DE VASCONCELOS,,COMPLEXO DO LINS,-22.91534468,	-43.28452174,"31/12/2025, 14:05:00",false,false,,Não identificado,,,false
75275,"Rua Buranhém - Inhoaíba, Rio de Janeiro - RJ, Brasil",Sudeste,Rio de Janeiro,Rio de Janeiro,INHOAIBA,,,-22.9079804,-43.6042458,"31/12/2025, 21:15:00",false,false,,Não identificado,,,false
75329,"Centro, Rio de Janeiro - RJ, 20020-010, Brasil",Sudeste,Rio de Janeiro,Rio de Janeiro,CENTRO,,,-22.901224979673824,-43.1784214857666,"31/12/2025, 22:00:00",false,false,,Tiros a esmo,,,false
75327,"Inhaúma, Rio de Janeiro - RJ, Brasil",Sudeste,Rio de Janeiro,Rio de Janeiro,INHAUMA,,,-22.8714919,-43.282418,"31/12/2025, 22:00:00",false,false,,Tiros a esmo,,,false
75326,"Rocha Miranda, Rio de Janeiro - RJ, Brasil",Sudeste,Rio de Janeiro,Rio de Janeiro,ROCHA MIRANDA,,,-22.8519449,-43.34677,"31/12/2025, 22:00:00",false,false,,Tiros a esmo,,,false
75276,"Rua Buranhém - Inhoaíba, Rio de Janeiro - RJ, Brasil",Sudeste,Rio de Janeiro,Rio de Janeiro,INHOAIBA,,,-22.9079804,-43.6042458,"31/12/2025, 22:15:00",false,false,,Não identificado,,,false
75270,"Morro São João - Engenho Novo, Rio de Janeiro - RJ, 20950-370, Brasil",Sudeste,Rio de Janeiro,Rio de Janeiro,ENGENHO NOVO,,MORRO SAO JOAO,-22.90860304	,-43.26500038,"01/01/2026, 04:35:00",false,false,,Não identificado,,,false
75282,"Complexo da Pedreira- Costa Barros, Rio de Janeiro - RJ, 21515-580, Brasil",Sudeste,Rio de Janeiro,Rio de Janeiro,COSTA BARROS,,COMPLEXO DA PEDREIRA,-22.82425288	,-43.36809439,"01/01/2026, 17:25:00",false,false,,Não identificado,,,false
75283,"Rua Isidoro Lopes, Barra Da Tijuca, Rio de Janeiro - RJ, Brasil",Sudeste,Rio de Janeiro,Rio de Janeiro,BARRA DA TIJUCA,,,-22.99965331762371,-43.3932205720732,"01/01/2026, 19:14:00",false,false,,Não identificado,,,false
75288,"Rua Oliveira Melo - Cordovil, Rio de Janeiro - RJ, Brasil",Sudeste,Rio de Janeiro,Rio de Janeiro,CORDOVIL,,,-22.8256182,-43.3033031,"01/01/2026, 19:20:00",true,true,PM (16 BPM),Ação policial,,,false
75288,"Rua Oliveira Melo - Cordovil, Rio de Janeiro - RJ, Brasil",Sudeste,Rio de Janeiro,Rio de Janeiro,CORDOVIL,,,-22.8256182,-43.3033031,"01/01/2026, 19:20:00",true,true,PM (16 BPM),Ação policial,,,false
75289,"Complexo do Chapadão - Anchieta, Rio de Janeiro - RJ, 21645-570, Brasil",Sudeste,Rio de Janeiro,Rio de Janeiro,ANCHIETA,,COMPLEXO DO CHAPADAO,-22.822670598925626,-43.39270021530274,"02/01/2026, 07:30:00",true,true,PM(41 BPM),Ação policial,,,false
75289,"Complexo do Chapadão - Anchieta, Rio de Janeiro - RJ, 21645-570, Brasil",Sudeste,Rio de Janeiro,Rio de Janeiro,ANCHIETA,,COMPLEXO DO CHAPADAO,-22.822670598925626,-43.39270021530274,"02/01/2026, 07:30:00",true,true,PM(41 BPM),Ação policial,,,false
75339,"Favela do Barbante - Inhoaíba, Rio de Janeiro - RJ, Brasil",Sudeste,Rio de Janeiro,Rio de Janeiro,INHOAIBA,,FAVELA DO BARBANTE,-22.903459137005207,-43.587416351635746,"02/01/2026, 17:00:00",false,false,,Disputa,,,false
75339,"Favela do Barbante - Inhoaíba, Rio de Janeiro - RJ, Brasil",Sudeste,Rio de Janeiro,Rio de Janeiro,INHOAIBA,,FAVELA DO BARBANTE,-22.903459137005207,-43.587416351635746,"02/01/2026, 17:00:00",false,false,,Disputa,,,false
75332,"Nova Holanda - Maré, Rio de Janeiro - RJ, Brasil",Sudeste,Rio de Janeiro,Rio de Janeiro,MARE,,NOVA HOLANDA (COMPLEXO DA MARE),-22.8553403,-43.24159530000001,"02/01/2026, 23:00:00",false,false,,Briga,,,false
75332,"Nova Holanda - Maré, Rio de Janeiro - RJ, Brasil",Sudeste,Rio de Janeiro,Rio de Janeiro,MARE,,NOVA HOLANDA (COMPLEXO DA MARE),-22.8553403,-43.24159530000001,"02/01/2026, 23:00:00",false,false,,Briga,,,false
75332,"Nova Holanda - Maré, Rio de Janeiro - RJ, Brasil",Sudeste,Rio de Janeiro,Rio de Janeiro,MARE,,NOVA HOLANDA (COMPLEXO DA MARE),-22.8553403,-43.24159530000001,"02/01/2026, 23:00:00",false,false,,Briga,,,false
75332,"Nova Holanda - Maré, Rio de Janeiro - RJ, Brasil",Sudeste,Rio de Janeiro,Rio de Janeiro,MARE,,NOVA HOLANDA (COMPLEXO DA MARE),-22.8553403,-43.24159530000001,"02/01/2026, 23:00:00",false,false,,Briga,,,false
75299,"Estrada dos Bandeirantes - Vargem Grande, Rio de Janeiro - RJ, Brasil",Sudeste,Rio de Janeiro,Rio de Janeiro,VARGEM GRANDE,,,-22.9925148,-43.5062187,"03/01/2026, 05:00:00",false,false,,Não identificado,,,false
75303,"Complexo do Chapadão - Costa Barros, Rio de Janeiro - RJ, 21650-020, Brasil",Sudeste,Rio de Janeiro,Rio de Janeiro,COSTA BARROS,,COMPLEXO DO CHAPADAO,-22.82326393,-43.37707903,"04/01/2026, 05:56:00",false,false,,Disputa,,,false
75300,"Morro da Serrinha - Madureira, Rio de Janeiro - RJ, 21361-020, Brasil",Sudeste,Rio de Janeiro,Rio de Janeiro,MADUREIRA,,MORRO DA SERRINHA (COMPLEXO DA SERRINHA),-22.861530773145983,-43.32533675321411,"04/01/2026, 08:00:00",true,true,PM (9 BPM),Disputa,,,false
75305,"Morro da Fé (Complexo da Penha) - Penha, Rio de Janeiro - RJ, 22753-507, Brasil",Sudeste,Rio de Janeiro,Rio de Janeiro,PENHA,,MORRO DA FE (COMPLEXO DA PENHA),-22.844856268082207,-43.294209221688845,"04/01/2026, 12:57:00",false,false,,Não identificado,,,false
75311,"Rua Teodoro da Silva - Vila Isabel, Rio de Janeiro - RJ, Brasil",Sudeste,Rio de Janeiro,Rio de Janeiro,VILA ISABEL,,,-22.9184206,-43.2500594,"04/01/2026, 15:55:00",false,false,,Tentativa/Roubo,,,false
75317,"Barros Filho, Rio de Janeiro - RJ, 21515-090, Brasil",Sudeste,Rio de Janeiro,Rio de Janeiro,BARROS FILHO,,,-22.83283472740389,-43.36651054526061,"05/01/2026, 02:24:00",false,false,,Não identificado,,,false
75312,"Morro da Primavera - Cavalcanti, Rio de Janeiro - RJ, 21370-280, Brasil",Sudeste,Rio de Janeiro,Rio de Janeiro,CAVALCANTI,,MORRO DA PRIMAVERA,-22.86902669	,-43.31696145,"05/01/2026, 04:01:00",false,false,,Não identificado,,,false
75318,"Morro do Juramento - Vicente de Carvalho, Rio de Janeiro - RJ, 21371-430, Brasil",Sudeste,Rio de Janeiro,Rio de Janeiro,VICENTE DE CARVALHO,,MORRO DO JURAMENTINHO (COMPLEXO DO JURAMENTO),-22.860558330276074	,-43.31652059476989,"05/01/2026, 04:20:00",false,false,,Não identificado,,,false
75319,"Favela Tijuquinha - Itanhangá, Rio de Janeiro - RJ, 22641-580, Brasil",Sudeste,Rio de Janeiro,Rio de Janeiro,ITANHANGA,,FAVELA TIJUQUINHA,-22.98600388	,-43.30455399,"05/01/2026, 05:04:00",true,true,PM (31 BPM),Operação policial,,,false
75316,"Morro do Fubá (Complexo do Fubá) - Cascadura, Rio de Janeiro - RJ, 21311-130, Brasil",Sudeste,Rio de Janeiro,Rio de Janeiro,CASCADURA,,MORRO DO FUBA (COMPLEXO DO FUBA),-22.892324971301786	,-43.33377861518315,"05/01/2026, 06:28:00",false,false,,Não identificado,,,false
75344,"R. Ronald de Carvalho - Copacabana, Rio de Janeiro - RJ, 22021-020, Brasil",Sudeste,Rio de Janeiro,Rio de Janeiro,COPACABANA,,,-22.963813781738,-43.17769241333,"05/01/2026, 10:11:00",false,false,,Não identificado,,,false
75341,"Assaí Atacadista - Av. Trevo das Missões, 410 - Cordovil, Rio de Janeiro - RJ, 21012-350, Brasil",Sudeste,Rio de Janeiro,Rio de Janeiro,CORDOVIL,,,-22.8186757,-43.2881313,"05/01/2026, 12:00:00",false,false,,Não identificado,,,false
75333,"Morro do Borel - Tijuca, Rio de Janeiro - RJ, 20530-420, Brasil",Sudeste,Rio de Janeiro,Rio de Janeiro,TIJUCA,,MORRO DO BOREL,-22.93888816	,-43.25350828,"05/01/2026, 14:55:00",false,false,,Não identificado,,,false
75336,"Complexo da Pedreira - Costa Barros, Rio de Janeiro - RJ, 21515-580, Brasil",Sudeste,Rio de Janeiro,Rio de Janeiro,COSTA BARROS,,COMPLEXO DA PEDREIRA,-22.82425288,-43.36809439,"05/01/2026, 15:00:00",true,true,PM (41 BPM),Ação policial,,,false
75336,"Complexo da Pedreira - Costa Barros, Rio de Janeiro - RJ, 21515-580, Brasil",Sudeste,Rio de Janeiro,Rio de Janeiro,COSTA BARROS,,COMPLEXO DA PEDREIRA,-22.82425288,-43.36809439,"05/01/2026, 15:00:00",true,true,PM (41 BPM),Ação policial,,,false
75343,"Morro dos Macacos - R. Sen. Nabuco - Vila Isabel, Rio de Janeiro - RJ, Brasil",Sudeste,Rio de Janeiro,Rio de Janeiro,VILA ISABEL,,MORRO DOS MACACOS,-22.9138401,-43.2526411,"06/01/2026, 08:40:00",true,true,PM (Upp Macacos),Ação policial,,,false
75355,"Avenida Brasil - Ramos, Rio de Janeiro - RJ, Brasil",Sudeste,Rio de Janeiro,Rio de Janeiro,RAMOS,,,-22.8460399,-43.2484529,"06/01/2026, 16:39:00",false,false,,Não identificado,,,false
75354,"Boiuna - Taquara, Rio de Janeiro - RJ, 22723-205, Brasil",Sudeste,Rio de Janeiro,Rio de Janeiro,TAQUARA,,BOIUNA,-22.91243248,	-43.41451563,"06/01/2026, 17:30:00",false,false,,Não identificado,,,false
75360,"Rua José dos Reis - Engenho de Dentro, Rio de Janeiro - RJ, Brasil",Sudeste,Rio de Janeiro,Rio de Janeiro,ENGENHO DE DENTRO,,,-22.8880823,-43.2916643,"07/01/2026, 03:30:00",false,true,,Homicidio/Tentativa,,,false
75369,"Terra Nostra - Costa Barros, Rio de Janeiro - RJ, 21650-100, Brasil",Sudeste,Rio de Janeiro,Rio de Janeiro,COSTA BARROS,,TERRA NOSTRA (COMPLEXO DA PEDREIRA),-22.8284063,-43.3713024,"07/01/2026, 10:00:00",true,true,PM (41 BPM),Ação policial,,,false
75376,"Morro do Adeus - Complexo do Alemão, Rio de Janeiro - RJ, 21060-530, Brasil",Sudeste,Rio de Janeiro,Rio de Janeiro,COMPLEXO DO ALEMAO,,MORRO DO ADEUS (COMPLEXO DO ALEMAO),-22.86473167	,-43.26261191,"07/01/2026, 21:06:00",false,false,,Não identificado,,,false
75375,"Morro da Chacrinha - Tijuca, Rio de Janeiro - RJ, 20520-040, Brasil",Sudeste,Rio de Janeiro,Rio de Janeiro,TIJUCA,,MORRO DA CHACRINHA,-22.9270371,	-43.22352312,"08/01/2026, 02:50:00",false,false,,Não identificado,,,false
75382,"Rebu (Complexo de Senador Camará) - Jabour, Rio de Janeiro - RJ, 21833-120, Brasil",Sudeste,Rio de Janeiro,Rio de Janeiro,SENADOR CAMARA,JABOUR,REBU (COMPLEXO DO REBU DE SENADOR CAMARA),-22.87887626	,-43.49526128,"08/01/2026, 04:00:00",true,true,"PM (14 BPM, COE, BOPE), PC (34 DP, DGPE)",Operação policial,,,false
75394,"Estr. do Gericino, Catiri, Bangu, Rio de Janeiro - RJ, 21853-000, Brasil",Sudeste,Rio de Janeiro,Rio de Janeiro,BANGU,,CATIRI,-22.853138630062308,-43.47477529606324,"08/01/2026, 09:00:00",false,false,,Disputa,,,false
75398,"Rua Ipadu - Taquara, Rio de Janeiro - RJ, Brasil",Sudeste,Rio de Janeiro,Rio de Janeiro,TAQUARA,,,-22.9250846,-43.3904439,"08/01/2026, 17:39:00",true,true,PM (18 BPM),Disputa,,,false
75402,"Túnel Santa Bárbara - Catumbi, Rio de Janeiro - RJ, 20251-330, Brasil",Sudeste,Rio de Janeiro,Rio de Janeiro,CATUMBI,,,-22.920676100999277,-43.19365745982851,"09/01/2026, 01:40:00",true,true,PM (4 BPM),Tentativa/Roubo,,,false
75402,"Túnel Santa Bárbara - Catumbi, Rio de Janeiro - RJ, 20251-330, Brasil",Sudeste,Rio de Janeiro,Rio de Janeiro,CATUMBI,,,-22.920676100999277,-43.19365745982851,"09/01/2026, 01:40:00",true,true,PM (4 BPM),Tentativa/Roubo,,,false
75400,"Brás de Pina, Rio de Janeiro - RJ, Brasil",Sudeste,Rio de Janeiro,Rio de Janeiro,BRAS DE PINA,,,-22.8344389,-43.3027813,"09/01/2026, 03:47:00",false,false,,Não identificado,,,false
75415,"Rua Cerqueira Daltro - Cascadura, Rio de Janeiro - RJ, Brasil",Sudeste,Rio de Janeiro,Rio de Janeiro,CASCADURA,,,-22.8791502,-43.3215139,"09/01/2026, 06:00:00",false,false,,Tentativa/Roubo,,,false
75415,"Rua Cerqueira Daltro - Cascadura, Rio de Janeiro - RJ, Brasil",Sudeste,Rio de Janeiro,Rio de Janeiro,CASCADURA,,,-22.8791502,-43.3215139,"09/01/2026, 06:00:00",false,false,,Tentativa/Roubo,,,false
75406,"Morro do Campinho (Complexo do Fubá) - Cascadura, Rio de Janeiro - RJ, 21320-300, Brasil",Sudeste,Rio de Janeiro,Rio de Janeiro,CASCADURA,,MORRO DO CAMPINHO (COMPLEXO DO FUBA),-22.8850951874697	,-43.337939003183074,"09/01/2026, 08:43:00",false,false,,Não identificado,,,false
75410,"Favela do Barbante,  Inhoaíba, Rio de Janeiro - RJ, Brasil",Sudeste,Rio de Janeiro,Rio de Janeiro,INHOAIBA,,FAVELA DO BARBANTE,-22.90346902,-43.58097905,"09/01/2026, 10:30:00",false,false,,Não identificado,,,false
75409,"Rua Lyrio Mauricio da Fonseca, Cidade Alta - Parada de Lucas, Rio de Janeiro - RJ, Brasil",Sudeste,Rio de Janeiro,Rio de Janeiro,PARADA DE LUCAS,,CIDADE ALTA (COMPLEXO DE ISRAEL),-22.8182038,-43.3000444,"09/01/2026, 11:05:00",false,true,,Tentativa/Roubo,,Entrada na Favela por Engano,false
75417,"Pavuna, Rio de Janeiro - RJ, Brasil",Sudeste,Rio de Janeiro,Rio de Janeiro,PAVUNA,,,-22.8112771,-43.36253320000001,"09/01/2026, 13:00:00",true,true,PM (41 BPM),Tentativa/Roubo de cargas,,,false
75429,"Rua São Salvador - Flamengo, Rio de Janeiro - RJ, Brasil",Sudeste,Rio de Janeiro,Rio de Janeiro,FLAMENGO,,,-22.9336257,-43.1781908,"09/01/2026, 16:20:00",false,true,,Tentativa/Roubo,,,false
75432,"Rua Visconde de Itamarati, Maracanã, Rio de Janeiro - RJ, Brasil",Sudeste,Rio de Janeiro,Rio de Janeiro,MARACANA,,,-22.9187237,-43.2335214,"11/01/2026, 00:20:00",false,true,,Tentativa/Roubo,,,false
75432,"Rua Visconde de Itamarati, Maracanã, Rio de Janeiro - RJ, Brasil",Sudeste,Rio de Janeiro,Rio de Janeiro,MARACANA,,,-22.9187237,-43.2335214,"11/01/2026, 00:20:00",false,true,,Tentativa/Roubo,,,false
75438,"Avenida Brasil - Vila Kennedy, Rio de Janeiro - RJ, Brasil",Sudeste,Rio de Janeiro,Rio de Janeiro,VILA KENNEDY,,VILA KENNEDY,-22.8553174,-43.4872038,"11/01/2026, 22:00:00",false,false,,Disputa,,,true
75438,"Avenida Brasil - Vila Kennedy, Rio de Janeiro - RJ, Brasil",Sudeste,Rio de Janeiro,Rio de Janeiro,VILA KENNEDY,,VILA KENNEDY,-22.8553174,-43.4872038,"11/01/2026, 22:00:00",false,false,,Disputa,,,true
75438,"Avenida Brasil - Vila Kennedy, Rio de Janeiro - RJ, Brasil",Sudeste,Rio de Janeiro,Rio de Janeiro,VILA KENNEDY,,VILA KENNEDY,-22.8553174,-43.4872038,"11/01/2026, 22:00:00",false,false,,Disputa,,,true
75448,"R. Várzea, Morro do Terço (Complexo do Cajueiro) - Irajá, Rio de Janeiro - RJ, 21361-600, Brasil",Sudeste,Rio de Janeiro,Rio de Janeiro,IRAJA,,MORRO DO TERCO (COMPLEXO DO CAJUEIRO),-22.853391259637625,-43.33461213201599,"12/01/2026, 11:00:00",true,true,PM (9 BPM),Ação policial,,,false
75450,"Morro da Covanca - Tanque, Rio de Janeiro - RJ, 22735-020, Brasil",Sudeste,Rio de Janeiro,Rio de Janeiro,TANQUE,,MORRO DA COVANCA,-22.91525671,	-43.3460376,"12/01/2026, 12:00:00",true,true,PM (18 BPM),Ação policial,,,false
75465,"Rua Engenheiro Edno Machado - Osvaldo Cruz, Rio de Janeiro - RJ, Brasil",Sudeste,Rio de Janeiro,Rio de Janeiro,OSVALDO CRUZ,,,-22.8645721,-43.3502084,"13/01/2026, 15:00:00",true,true,PM (BTM),Tentativa/Roubo de cargas,,,false
75464,"Favela Parque Dois Irmãos - Curicica, Rio de Janeiro - RJ, 22780-190, Brasil",Sudeste,Rio de Janeiro,Rio de Janeiro,CURICICA,,FAVELA PARQUE DOIS IRMAOS (CURICICA),-22.95105015	,-43.39378358,"13/01/2026, 16:00:00",true,true,PM (18BPM),Ação policial,,,false
75464,"Favela Parque Dois Irmãos - Curicica, Rio de Janeiro - RJ, 22780-190, Brasil",Sudeste,Rio de Janeiro,Rio de Janeiro,CURICICA,,FAVELA PARQUE DOIS IRMAOS (CURICICA),-22.95105015	,-43.39378358,"13/01/2026, 16:00:00",true,true,PM (18BPM),Ação policial,,,false
75464,"Favela Parque Dois Irmãos - Curicica, Rio de Janeiro - RJ, 22780-190, Brasil",Sudeste,Rio de Janeiro,Rio de Janeiro,CURICICA,,FAVELA PARQUE DOIS IRMAOS (CURICICA),-22.95105015	,-43.39378358,"13/01/2026, 16:00:00",true,true,PM (18BPM),Ação policial,,,false
75480,"Portuguesa, Rio de Janeiro - RJ, Brasil",Sudeste,Rio de Janeiro,Rio de Janeiro,PORTUGUESA,,,-22.7987466,-43.2043949,"14/01/2026, 12:00:00",false,false,,Homicidio/Tentativa,,Bar,false
75482,"Estr. do Tingui - Campo Grande, Rio de Janeiro - RJ, 23075-006, Brasil",Sudeste,Rio de Janeiro,Rio de Janeiro,CAMPO GRANDE,,,-22.880083099969525," -43.59080760470698","14/01/2026, 17:00:00",false,false,,Disputa,,Bar,false
75482,"Estr. do Tingui - Campo Grande, Rio de Janeiro - RJ, 23075-006, Brasil",Sudeste,Rio de Janeiro,Rio de Janeiro,CAMPO GRANDE,,,-22.880083099969525," -43.59080760470698","14/01/2026, 17:00:00",false,false,,Disputa,,Bar,false
75482,"Estr. do Tingui - Campo Grande, Rio de Janeiro - RJ, 23075-006, Brasil",Sudeste,Rio de Janeiro,Rio de Janeiro,CAMPO GRANDE,,,-22.880083099969525," -43.59080760470698","14/01/2026, 17:00:00",false,false,,Disputa,,Bar,false
75482,"Estr. do Tingui - Campo Grande, Rio de Janeiro - RJ, 23075-006, Brasil",Sudeste,Rio de Janeiro,Rio de Janeiro,CAMPO GRANDE,,,-22.880083099969525," -43.59080760470698","14/01/2026, 17:00:00",false,false,,Disputa,,Bar,false
75482,"Estr. do Tingui - Campo Grande, Rio de Janeiro - RJ, 23075-006, Brasil",Sudeste,Rio de Janeiro,Rio de Janeiro,CAMPO GRANDE,,,-22.880083099969525," -43.59080760470698","14/01/2026, 17:00:00",false,false,,Disputa,,Bar,false
75493,"R. Guarabu, Morro do Engenho da Rainha - Inhaúma, Rio de Janeiro - RJ, 20761-060, Brasil",Sudeste,Rio de Janeiro,Rio de Janeiro,INHAUMA,,MORRO DO ENGENHO DA RAINHA,-22.87328385059666,-43.293885976998894,"15/01/2026, 10:00:00",true,true,PM (3 BPM),Operação policial,,,false
75488,"Morro do Campinho - Cascadura, Rio de Janeiro - RJ, 21320-300, Brasil",Sudeste,Rio de Janeiro,Rio de Janeiro,CASCADURA,,MORRO DO CAMPINHO (COMPLEXO DO FUBA),-22.8850951874697	,-43.337939003183074,"15/01/2026, 13:00:00",true,true,PM (9 BPM),Ação policial,,,false
75494,"Mangueira, Rio de Janeiro - RJ, Brasil",Sudeste,Rio de Janeiro,Rio de Janeiro,MANGUEIRA,,MANGUEIRA,-22.9025508,-43.2370745,"15/01/2026, 18:50:00",false,false,,Não identificado,,,false
75499,"Morro do Chaves (Complexo da Pedreira) - Barros Filho, Rio de Janeiro - RJ, 21515-000, Brasil",Sudeste,Rio de Janeiro,Rio de Janeiro,BARROS FILHO,,MORRO DO CHAVES (COMPLEXO DA PEDREIRA),-22.83352157	,-43.36290336,"15/01/2026, 19:00:00",true,true,PM (41 BPM),Ação policial,,,false
75496,"Muda - R. Garibaldi - Tijuca, Rio de Janeiro - RJ, 24140-353, Brasil",Sudeste,Rio de Janeiro,Rio de Janeiro,TIJUCA,MUDA,,-22.931826,-43.2466492,"15/01/2026, 23:36:00",false,false,,Não identificado,,,false
75507,"Morro da Primavera - Cavalcanti, Rio de Janeiro - RJ, 21370-280, Brasil",Sudeste,Rio de Janeiro,Rio de Janeiro,CAVALCANTI,,MORRO DA PRIMAVERA,-22.86902669	,-43.31696145,"16/01/2026, 11:00:00",true,true,PM (9 BPM),Ação policial,,,false
75510,"Av. das Américas - Recreio dos Bandeirantes, Rio de Janeiro - RJ, 22790-704, Brasil",Sudeste,Rio de Janeiro,Rio de Janeiro,RECREIO DOS BANDEIRANTES,,,-23.015717952667238,-43.473269053759,"16/01/2026, 12:00:00",false,true,,Tentativa/Roubo,,,false
75508,"Morro do Barbante - Galeão, Rio de Janeiro - RJ, 21941-660, Brasil",Sudeste,Rio de Janeiro,Rio de Janeiro,GALEAO,,MORRO DO BARBANTE (OU VILA JOANIZA),-22.81324966	,-43.22954715,"16/01/2026, 13:00:00",true,true,"PM (17 BPM, GAM)",Operação policial,,,false
75511,"Morro da Quitanda (Complexo da Pedreira) - Costa Barros, Rio de Janeiro - RJ, 21532-050, Brasil",Sudeste,Rio de Janeiro,Rio de Janeiro,COSTA BARROS,,MORRO DA QUITANDA (COMPLEXO DA PEDREIRA),-22.81949929,	-43.36693375,"16/01/2026, 17:30:00",false,false,,Não identificado,,,false
75512,"Manguariba - Paciência, Rio de Janeiro - RJ, Brasil",Sudeste,Rio de Janeiro,Rio de Janeiro,PACIENCIA,,CONJUNTO MANGUARIBA,-22.8760115,-43.6293345,"16/01/2026, 17:30:00",false,false,,Disputa,,,false
75522,"Praça de Ricardo - Praça Cláudio de Souza - Ricardo de Albuquerque, Rio de Janeiro - RJ, Brasil",Sudeste,Rio de Janeiro,Rio de Janeiro,RICARDO DE ALBUQUERQUE,,,-22.8395283,-43.3989245,"17/01/2026, 04:00:00",true,true,PM (3 BPM),Tentativa/Roubo,,Perseguição,false
75522,"Praça de Ricardo - Praça Cláudio de Souza - Ricardo de Albuquerque, Rio de Janeiro - RJ, Brasil",Sudeste,Rio de Janeiro,Rio de Janeiro,RICARDO DE ALBUQUERQUE,,,-22.8395283,-43.3989245,"17/01/2026, 04:00:00",true,true,PM (3 BPM),Tentativa/Roubo,,Perseguição,false
75524,"Rua Boiacá - Bento Ribeiro, Rio de Janeiro - RJ, Brasil",Sudeste,Rio de Janeiro,Rio de Janeiro,BENTO RIBEIRO,,,-22.8759256,-43.3603386,"17/01/2026, 11:00:00",false,true,,Tentativa/Roubo,,,false
75538,"Rua Nova Vida - Inhoaíba, Rio de Janeiro - RJ, Brasil",Sudeste,Rio de Janeiro,Rio de Janeiro,INHOAIBA,,,-22.9037617,-43.5853345,"17/01/2026, 12:00:00",false,false,,Disputa,,,false
75538,"Rua Nova Vida - Inhoaíba, Rio de Janeiro - RJ, Brasil",Sudeste,Rio de Janeiro,Rio de Janeiro,INHOAIBA,,,-22.9037617,-43.5853345,"17/01/2026, 12:00:00",false,false,,Disputa,,,false
75532,"Complexo da Pedreira - Costa Barros, Rio de Janeiro - RJ, 21530-000, Brasil",Sudeste,Rio de Janeiro,Rio de Janeiro,COSTA BARROS,,COMPLEXO DA PEDREIRA,-22.822446550629667,-43.36029938783569,"17/01/2026, 22:00:00",true,true,PM (41 BPM),Ação policial,,,false
75555,"Favela de Acari - R. Guaiuba - Acari, Rio de Janeiro - RJ, Brasil",Sudeste,Rio de Janeiro,Rio de Janeiro,ACARI,,FAVELA DE ACARI,-22.8243186,-43.3470642,"18/01/2026, 04:18:00",false,false,,Não identificado,,,false
75544,"Rua Visconde de Niterói - Mangueira, Rio de Janeiro - RJ, Brasil",Sudeste,Rio de Janeiro,Rio de Janeiro,MANGUEIRA,,MANGUEIRA,-22.9064112,-43.238829,"18/01/2026, 20:00:00",true,true,PM (4 BPM),Ação policial,,Perseguição,false
75546,"Vila Vintém - Padre Miguel, Rio de Janeiro - RJ, 21721-480, Brasil",Sudeste,Rio de Janeiro,Rio de Janeiro,PADRE MIGUEL,,VILA VINTEM,-22.87136775	,-43.44308676,"19/01/2026, 00:30:00",false,false,,Não identificado,,,false
75582,"Morro do Urubu - Pilares, Rio de Janeiro - RJ, 20750-280, Brasil",Sudeste,Rio de Janeiro,Rio de Janeiro,PILARES,,MORRO DO URUBU (COMPLEXO DO URUBU),-22.875176502935577,-43.301999941772465,"19/01/2026, 01:00:00",false,false,,Não identificado,,,false
75557,"Complexo do Chapadão - Costa Barros, Rio de Janeiro - RJ, 21650-020, Brasil",Sudeste,Rio de Janeiro,Rio de Janeiro,COSTA BARROS,,COMPLEXO DO CHAPADAO,-22.82326393	,-43.37707903,"19/01/2026, 08:00:00",true,true,PM (41 BPM),Disputa,,,false
75591,"Barra Olímpica, Rio de Janeiro - RJ, Brasil",Sudeste,Rio de Janeiro,Rio de Janeiro,BARRA OLIMPICA,,,-22.9734616,-43.3663408,"20/01/2026, 10:00:00",true,true,PM (18 BPM),Ação policial,,Perseguição,false
75591,"Barra Olímpica, Rio de Janeiro - RJ, Brasil",Sudeste,Rio de Janeiro,Rio de Janeiro,BARRA OLIMPICA,,,-22.9734616,-43.3663408,"20/01/2026, 10:00:00",true,true,PM (18 BPM),Ação policial,,Perseguição,false
75585,"Avenida Maracanã - Maracanã, Rio de Janeiro - RJ, Brasil",Sudeste,Rio de Janeiro,Rio de Janeiro,MARACANA,,,-22.9144887,-43.2280909,"20/01/2026, 13:00:00",true,true,PM (BOPE),Tentativa/Roubo,,,false
75592,"Estrada dos Bandeirantes - Curicica, Rio de Janeiro - RJ, Brasil",Sudeste,Rio de Janeiro,Rio de Janeiro,CURICICA,,,-22.9600733,-43.3902284,"20/01/2026, 16:30:00",false,true,NI,Tentativa/Roubo,,,false
75592,"Estrada dos Bandeirantes - Curicica, Rio de Janeiro - RJ, Brasil",Sudeste,Rio de Janeiro,Rio de Janeiro,CURICICA,,,-22.9600733,-43.3902284,"20/01/2026, 16:30:00",false,true,NI,Tentativa/Roubo,,,false
75592,"Estrada dos Bandeirantes - Curicica, Rio de Janeiro - RJ, Brasil",Sudeste,Rio de Janeiro,Rio de Janeiro,CURICICA,,,-22.9600733,-43.3902284,"20/01/2026, 16:30:00",false,true,NI,Tentativa/Roubo,,,false
75587,"Rua Oito de Dezembro - Vila Isabel, Rio de Janeiro - RJ, Brasil",Sudeste,Rio de Janeiro,Rio de Janeiro,VILA ISABEL,,,-22.910699,-43.2418415,"20/01/2026, 18:54:00",false,false,,Não identificado,,,false
75594,"Parque União (Complexo da Maré) - Maré, Rio de Janeiro - RJ, 21044-030, Brasil",Sudeste,Rio de Janeiro,Rio de Janeiro,MARE,,PARQUE UNIAO (COMPLEXO DA MARE),-22.85115502	,-43.24390164,"21/01/2026, 03:00:00",true,true,"PM (22 BPM, 1CPA)",Operação policial,,,false
75588,"Brás de Pina, Rio de Janeiro - RJ, Brasil",Sudeste,Rio de Janeiro,Rio de Janeiro,BRAS DE PINA,,,-22.8344389,-43.3027813,"21/01/2026, 04:56:00",false,false,,Não identificado,,,false
75593,"Conjunto do IPASE - Vila Kosmos, Rio de Janeiro - RJ, 21210-840, Brasil",Sudeste,Rio de Janeiro,Rio de Janeiro,VILA KOSMOS,,CONJUNTO DO IPASE,-22.84845508	,-43.30446505,"21/01/2026, 05:38:00",true,true,PM (41 BPM),Operação policial,,,false
75596,"Morro da Fé (Complexo da Penha) - Penha Circular, Rio de Janeiro - RJ, 21210-270, Brasil",Sudeste,Rio de Janeiro,Rio de Janeiro,PENHA CIRCULAR,,MORRO DA FE (COMPLEXO DA PENHA),-22.84466841	,-43.29477785,"21/01/2026, 06:40:00",true,true,PM (BOPE),Operação policial,,,false
75589,"R. Ocidental, Morro da Coroa - Santa Teresa, Rio de Janeiro - RJ, 20240-100, Brasil",Sudeste,Rio de Janeiro,Rio de Janeiro,SANTA TERESA,,MORRO DA COROA,-22.923685421708615,-43.19237550213013,"21/01/2026, 07:28:00",false,false,,Não identificado,,,false
75595,"Parque União (Complexo da Maré) - Maré, Rio de Janeiro - RJ, 21044-030, Brasil",Sudeste,Rio de Janeiro,Rio de Janeiro,MARE,,PARQUE UNIAO (COMPLEXO DA MARE),-22.85115502,	-43.24390164,"21/01/2026, 08:35:00",true,true,"PM (22 BPM, 1CPA)",Operação policial,,,false
75606,"Conjunto César Maia - Vargem Pequena, Rio de Janeiro - RJ, 21012-402, Brasil",Sudeste,Rio de Janeiro,Rio de Janeiro,VARGEM PEQUENA,,CONJUNTO CESAR MAIA,-22.9905516,	-43.43146907,"21/01/2026, 15:00:00",true,true,PM (BOPE) PC (DRE),Operação policial,,,true
75606,"Conjunto César Maia - Vargem Pequena, Rio de Janeiro - RJ, 21012-402, Brasil",Sudeste,Rio de Janeiro,Rio de Janeiro,VARGEM PEQUENA,,CONJUNTO CESAR MAIA,-22.9905516,	-43.43146907,"21/01/2026, 15:00:00",true,true,PM (BOPE) PC (DRE),Operação policial,,,true
75606,"Conjunto César Maia - Vargem Pequena, Rio de Janeiro - RJ, 21012-402, Brasil",Sudeste,Rio de Janeiro,Rio de Janeiro,VARGEM PEQUENA,,CONJUNTO CESAR MAIA,-22.9905516,	-43.43146907,"21/01/2026, 15:00:00",true,true,PM (BOPE) PC (DRE),Operação policial,,,true
75606,"Conjunto César Maia - Vargem Pequena, Rio de Janeiro - RJ, 21012-402, Brasil",Sudeste,Rio de Janeiro,Rio de Janeiro,VARGEM PEQUENA,,CONJUNTO CESAR MAIA,-22.9905516,	-43.43146907,"21/01/2026, 15:00:00",true,true,PM (BOPE) PC (DRE),Operação policial,,,true
75604,"Conjunto do Ipase - Vila Kosmos, Rio de Janeiro - RJ, 21210-840, Brasil",Sudeste,Rio de Janeiro,Rio de Janeiro,VILA KOSMOS,,CONJUNTO DO IPASE,-22.848296887923844,-43.30471181322936,"21/01/2026, 15:00:00",false,false,,Não identificado,,,false
75605,"Favela do Antares - Santa Cruz, Rio de Janeiro - RJ, 23510-360, Brasil",Sudeste,Rio de Janeiro,Rio de Janeiro,SANTA CRUZ,,FAVELA DE ANTARES,-22.9212928,	-43.66281821,"21/01/2026, 16:45:00",false,false,,Disputa,,,false
75609,"Rua Voluntários da Pátria - Botafogo, Rio de Janeiro - RJ, Brasil",Sudeste,Rio de Janeiro,Rio de Janeiro,BOTAFOGO,,,-22.9527217,-43.1880723,"21/01/2026, 18:00:00",false,false,,Não identificado,,,false
75616,"Rua Manuel de Araújo - Irajá, Rio de Janeiro - RJ, Brasil",Sudeste,Rio de Janeiro,Rio de Janeiro,IRAJA,,,-22.825612,-43.3223656,"21/01/2026, 18:31:00",false,false,,Tentativa/Roubo,,,false
75611,"Cinelândia - Centro, Rio de Janeiro - RJ, Brasil",Sudeste,Rio de Janeiro,Rio de Janeiro,CENTRO,,,-22.9106898,-43.1762297,"21/01/2026, 19:00:00",true,true,PM (5BPM),Tentativa/Roubo,,,false
75612,"Morro do Andarai - Andaraí, Rio de Janeiro - RJ, Brasil",Sudeste,Rio de Janeiro,Rio de Janeiro,ANDARAI,,MORRO DO ANDARAI,-22.9352778,-43.2563889,"21/01/2026, 21:02:00",false,false,,Tiros a esmo,,,false
75625,"Buraco do Padre - Engenho Novo, Rio de Janeiro - RJ, 25640-550, Brasil",Sudeste,Rio de Janeiro,Rio de Janeiro,ENGENHO NOVO,,,-22.90186869637855,-43.26479851037415,"22/01/2026, 10:00:00",false,true,,Tentativa/Roubo,,,false
75631,"Estrada da Matriz - Guaratiba, Rio de Janeiro - RJ, Brasil",Sudeste,Rio de Janeiro,Rio de Janeiro,GUARATIBA,,,-22.9927654,-43.5976164,"22/01/2026, 13:00:00",true,true,PM (27BPM),Tentativa/Roubo de cargas,,,false
75636,"Senador Camará, Rio de Janeiro - RJ, Brasil",Sudeste,Rio de Janeiro,Rio de Janeiro,SENADOR CAMARA,,,-22.8727268,-43.4949441,"23/01/2026, 04:22:00",true,true,"PC (DRFA, DHC, 18 DP, CORE)",Operação policial,,,false
75645,"Rua Basílio de Brito - Cachambi, Rio de Janeiro - RJ, Brasil",Sudeste,Rio de Janeiro,Rio de Janeiro,CACHAMBI,,,-22.8891699,-43.270174,"23/01/2026, 17:00:00",false,false,,Tentativa/Roubo,,,false
75646,"Estr. dos Vieiras, Paciência, Rio de Janeiro - RJ, 23587-610, Brasil",Sudeste,Rio de Janeiro,Rio de Janeiro,PACIENCIA,,FAVELA NOVA JERSEY,-22.9259333118736,-43.6267360048935,"24/01/2026, 04:40:00",false,false,,Homicidio/Tentativa,,,false
75650,"Avenida Engenheiro Souza Filho - Itanhangá, Rio de Janeiro - RJ, Brasil",Sudeste,Rio de Janeiro,Rio de Janeiro,ITANHANGA,,,-22.9853302,-43.3303608,"24/01/2026, 14:16:00",true,true,PM (31 BPM),Ação policial,,,false
75656,"Estrada do Galeão, Galeão - Ilha do Governador, Rio de Janeiro - RJ, 21941-353, Brasil",Sudeste,Rio de Janeiro,Rio de Janeiro,GALEAO,,,-22.823024327716112,-43.23057762841949,"24/01/2026, 22:00:00",true,true,PM (17 BPM),Ação policial,,,false
75657,"Avenida Cesário de Melo - Senador Vasconcelos, Rio de Janeiro - RJ, Brasil",Sudeste,Rio de Janeiro,Rio de Janeiro,SENADOR VASCONCELOS,,,-22.8944017,-43.5424904,"25/01/2026, 18:30:00",false,false,,Tentativa/Roubo,,,false
75665,"Morro do Jordão - Tanque, Rio de Janeiro - RJ, 22725-549, Brasil",Sudeste,Rio de Janeiro,Rio de Janeiro,TANQUE,,MORRO DO JORDAO,-22.912534605051352,-43.37334137565612,"26/01/2026, 08:30:00",false,false,,Disputa,,,false
75665,"Morro do Jordão - Tanque, Rio de Janeiro - RJ, 22725-549, Brasil",Sudeste,Rio de Janeiro,Rio de Janeiro,TANQUE,,MORRO DO JORDAO,-22.912534605051352,-43.37334137565612,"26/01/2026, 08:30:00",false,false,,Disputa,,,false
75665,"Morro do Jordão - Tanque, Rio de Janeiro - RJ, 22725-549, Brasil",Sudeste,Rio de Janeiro,Rio de Janeiro,TANQUE,,MORRO DO JORDAO,-22.912534605051352,-43.37334137565612,"26/01/2026, 08:30:00",false,false,,Disputa,,,false
75666,"Gardênia Azul, Rio de Janeiro - RJ, Brasil",Sudeste,Rio de Janeiro,Rio de Janeiro,GARDENIA AZUL,,,-22.9582037,-43.3529536,"26/01/2026, 09:00:00",true,true,PM (18 BPM),Ação policial,,,false
75678,"Morro dos Prazeres - Santa Teresa, Rio de Janeiro - RJ, 20241-410, Brasil",Sudeste,Rio de Janeiro,Rio de Janeiro,SANTA TERESA,,MORRO DOS PRAZERES,-22.933812581111585	,-43.20467932624125,"27/01/2026, 02:55:00",true,true,"PC (DRFA-CAP, DGPE, DGPC, DGPB, CORE)",Operação policial,,,false
75679,"R. Cândido Benício - Tanque, Rio de Janeiro - RJ, Brasil",Sudeste,Rio de Janeiro,Rio de Janeiro,TANQUE,,,-22.9146308,-43.3609556,"27/01/2026, 03:14:00",true,true,PM (18 BPM),Ação policial,,,false
75679,"R. Cândido Benício - Tanque, Rio de Janeiro - RJ, Brasil",Sudeste,Rio de Janeiro,Rio de Janeiro,TANQUE,,,-22.9146308,-43.3609556,"27/01/2026, 03:14:00",true,true,PM (18 BPM),Ação policial,,,false
75679,"R. Cândido Benício - Tanque, Rio de Janeiro - RJ, Brasil",Sudeste,Rio de Janeiro,Rio de Janeiro,TANQUE,,,-22.9146308,-43.3609556,"27/01/2026, 03:14:00",true,true,PM (18 BPM),Ação policial,,,false
75683,"Favela Faz Quem Quer - Guadalupe, Rio de Janeiro - RJ, 21655-780, Brasil",Sudeste,Rio de Janeiro,Rio de Janeiro,GUADALUPE,,FAVELA FAZ QUEM QUER,-22.834358056867185	,-43.379287119536514,"27/01/2026, 06:50:00",false,false,,Não identificado,,,false
75691,"Morro da Congonha - Madureira, Rio de Janeiro - RJ, 21360-201, Brasil",Sudeste,Rio de Janeiro,Rio de Janeiro,MADUREIRA,,MORRO DA CONGONHA (COMPLEXO DO CAJUEIRO),-22.86285092,-43.33422047,"27/01/2026, 14:00:00",true,true,PM (9 BPM),Operação policial,,,false
75699,"Conjunto do IPASE - Vila Kosmos, Rio de Janeiro - RJ, 21210-840, Brasil",Sudeste,Rio de Janeiro,Rio de Janeiro,VILA KOSMOS,,CONJUNTO DO IPASE,-22.84845508	,-43.30446505,"28/01/2026, 02:30:00",true,true,"PM (BOPE, COE, GESAR), PC (DGPE, DGPC, DGPI, CORE)",Operação policial,,,false
75700,"Morro da Fé (Complexo da Penha) - Penha Circular, Rio de Janeiro - RJ, 21210-270, Brasil",Sudeste,Rio de Janeiro,Rio de Janeiro,PENHA CIRCULAR,,MORRO DA FE (COMPLEXO DA PENHA),-22.84466841	,-43.29477785,"28/01/2026, 03:11:00",true,true,"PM (BPChq, COE), PC",Operação policial,,,false
75697,"Conjunto do IPASE - Vila Kosmos, Rio de Janeiro - RJ, 21210-840, Brasil",Sudeste,Rio de Janeiro,Rio de Janeiro,VILA KOSMOS,,CONJUNTO DO IPASE,-22.84845508	,-43.30446505,"28/01/2026, 03:30:00",true,true,"PM (BOPE, COE, GESAR), PC (DGPE, DGPC, DGPI, CORE)",Operação policial,,,false
75707,"Av. Pastor Martin Luther King Jr. - Inhaúma, Rio de Janeiro - RJ, Brasil",Sudeste,Rio de Janeiro,Rio de Janeiro,INHAUMA,,,-22.8736458,-43.2863699,"28/01/2026, 08:00:00",true,true,PM (41 BPM),Tentativa/Roubo,,,false
75704,"Morro do Fubá (Complexo do Fubá) - Cascadura, Rio de Janeiro - RJ, 21311-130, Brasil",Sudeste,Rio de Janeiro,Rio de Janeiro,CASCADURA,,MORRO DO FUBA (COMPLEXO DO FUBA),-22.892324971301786,	-43.33377861518315,"28/01/2026, 08:09:00",false,false,,Não identificado,,,false
75710,"Catiri- Bangu, Rio de Janeiro - RJ, 21863-010, Brasil",Sudeste,Rio de Janeiro,Rio de Janeiro,BANGU,,CATIRI,-22.85319795	,-43.47059105,"28/01/2026, 13:00:00",false,false,,Ataque a civis,,Ataques armados sobre rodas,false
75710,"Catiri- Bangu, Rio de Janeiro - RJ, 21863-010, Brasil",Sudeste,Rio de Janeiro,Rio de Janeiro,BANGU,,CATIRI,-22.85319795	,-43.47059105,"28/01/2026, 13:00:00",false,false,,Ataque a civis,,Ataques armados sobre rodas,false
75712,"Jardim Bangu - Bangu, Rio de Janeiro - RJ, 21863-000, Brasil",Sudeste,Rio de Janeiro,Rio de Janeiro,BANGU,,JARDIM BANGU,-22.852295,-43.4638509,"28/01/2026, 15:16:00",false,false,,Não identificado,,,false
75715,"R. Padre Manuel da Nóbrega - Cascadura, Rio de Janeiro - RJ, 21381-009, Brasil",Sudeste,Rio de Janeiro,Rio de Janeiro,CASCADURA,,,-22.87668526498071,-43.316955643655405,"28/01/2026, 17:00:00",true,true,PM (3 BPM),Tentativa/Roubo,,,false
75716,"Mandela (Complexo de Manguinhos) - Manguinhos, Rio de Janeiro - RJ, 20911-300, Brasil",Sudeste,Rio de Janeiro,Rio de Janeiro,MANGUINHOS,,MANDELA (COMPLEXO DE MANGUINHOS),-22.88316949,	-43.24682361,"29/01/2026, 02:34:00",true,true,PC (DRFC),Operação policial,,,false
75717,"Mandela (Complexo de Manguinhos) - Manguinhos, Rio de Janeiro - RJ, 20911-300, Brasil",Sudeste,Rio de Janeiro,Rio de Janeiro,MANGUINHOS,,MANDELA (COMPLEXO DE MANGUINHOS),-22.88316949	,-43.24682361,"29/01/2026, 03:50:00",true,true,PC (DRFC),Operação policial,,,false
75730,"R. Costa Rica, Penha, Rio de Janeiro - RJ, 21020-340, Brasil",Sudeste,Rio de Janeiro,Rio de Janeiro,PENHA,,,-22.833074970486667,-43.276344079653924,"29/01/2026, 07:00:00",false,true,,Tentativa/Roubo,,,false
75728,"Favela do Piraque - Guaratiba, Rio de Janeiro - RJ, 23020-715, Brasil",Sudeste,Rio de Janeiro,Rio de Janeiro,GUARATIBA,,FAVELA DO PIRAQUE,-22.99279474962076,-43.60880144047822,"29/01/2026, 07:00:00",true,true,PC (DRACO-IE),Ação policial,,,false
75728,"Favela do Piraque - Guaratiba, Rio de Janeiro - RJ, 23020-715, Brasil",Sudeste,Rio de Janeiro,Rio de Janeiro,GUARATIBA,,FAVELA DO PIRAQUE,-22.99279474962076,-43.60880144047822,"29/01/2026, 07:00:00",true,true,PC (DRACO-IE),Ação policial,,,false
75718,"Complexo da Pedreira - Costa Barros, Rio de Janeiro - RJ, 21515-580, Brasil",Sudeste,Rio de Janeiro,Rio de Janeiro,COSTA BARROS,,COMPLEXO DA PEDREIRA,-22.82425288	,-43.36809439,"29/01/2026, 08:00:00",true,true,PM (41 BPM),Ação policial,,,false
75731,"Morro do Fubá - Cascadura, Rio de Janeiro - RJ, 21311-130, Brasil",Sudeste,Rio de Janeiro,Rio de Janeiro,CASCADURA,,MORRO DO FUBA (COMPLEXO DO FUBA),-22.892324971301786,-43.33377861518315,"29/01/2026, 14:45:00",true,true,PM (9 BPM),Tentativa/Roubo de cargas,,,false
75731,"Morro do Fubá - Cascadura, Rio de Janeiro - RJ, 21311-130, Brasil",Sudeste,Rio de Janeiro,Rio de Janeiro,CASCADURA,,MORRO DO FUBA (COMPLEXO DO FUBA),-22.892324971301786,-43.33377861518315,"29/01/2026, 14:45:00",true,true,PM (9 BPM),Tentativa/Roubo de cargas,,,false
75732,"Morro do Andaraí  - Andaraí, Rio de Janeiro - RJ, 20541-240, Brasil",Sudeste,Rio de Janeiro,Rio de Janeiro,ANDARAI,,MORRO DO ANDARAI,-22.93296722,-43.25643623,"29/01/2026, 17:15:00",false,false,,Não identificado,,,false
75739,"Largo do Correia - Guaratiba, Rio de Janeiro - RJ, Brasil",Sudeste,Rio de Janeiro,Rio de Janeiro,GUARATIBA,,LARGO DO CORREA,-22.9556517,-43.5764364,"29/01/2026, 22:00:00",false,false,,Disputa,,,false
75737,"Brás de Pina, Rio de Janeiro - RJ, 21215-564, Brasil",Sudeste,Rio de Janeiro,Rio de Janeiro,BRAS DE PINA,,,-22.831274697508636,-43.29175205653076,"29/01/2026, 23:44:00",false,false,,Não identificado,,,false
75734,"Muda - R. Garibaldi, 234 - Tijuca, Rio de Janeiro - RJ, 20511-330, Brasil",Sudeste,Rio de Janeiro,Rio de Janeiro,TIJUCA,MUDA,,-22.9310325,-43.2469745,"30/01/2026, 01:20:00",false,false,,Não identificado,,,false
75736,"Morro do Fubá (Complexo do Fubá) - Cascadura, Rio de Janeiro - RJ, 21311-130, Brasil",Sudeste,Rio de Janeiro,Rio de Janeiro,CASCADURA,,MORRO DO FUBA (COMPLEXO DO FUBA),-22.892324971301786,	-43.33377861518315,"30/01/2026, 05:50:00",true,true,PM (BOPE),Operação policial,,,false
75738,"Parada de Lucas (Complexo de Israel), Rio de Janeiro - RJ, 21241-367, Brasil",Sudeste,Rio de Janeiro,Rio de Janeiro,PARADA DE LUCAS,,FAVELA PARADA DE LUCAS (COMPLEXO DE ISRAEL),-22.8133644,	-43.3013488,"30/01/2026, 06:52:00",true,true,PC (DESARME),Ação policial,,,false
75741,"Morro do Salgueiro - Tijuca, Rio de Janeiro - RJ, 20521-110, Brasil",Sudeste,Rio de Janeiro,Rio de Janeiro,TIJUCA,,MORRO DO SALGUEIRO,-22.92930205	,-43.22813171,"30/01/2026, 08:50:00",true,true,"PC (34 DP, CORE)",Ação policial,,,false
75748,"Morro do Dendê - Tauá, Rio de Janeiro - RJ, 21922-490, Brasil",Sudeste,Rio de Janeiro,Rio de Janeiro,TAUA,,MORRO DO DENDE,-22.802039	,-43.184899,"30/01/2026, 09:00:00",true,true,PM (17BPM),Operação policial,,,false
75742,"Rua Seabra Filho, Jardim Guanabara - Inhoaíba, Rio de Janeiro - RJ, Brasil",Sudeste,Rio de Janeiro,Rio de Janeiro,INHOAIBA,,JARDIM GUARARAPES,-22.901617,-43.5979657,"30/01/2026, 10:00:00",false,false,,Não identificado,,,false
75746,"Morro do Juramento - Vicente de Carvalho, Rio de Janeiro - RJ, Brasil",Sudeste,Rio de Janeiro,Rio de Janeiro,VICENTE DE CARVALHO,,MORRO DO JURAMENTO (COMPLEXO DO JURAMENTO),-22.8627778,-43.3152778,"30/01/2026, 15:00:00",false,false,,Disputa,,,false
75750,"Beco Henedina - Osvaldo Cruz, Rio de Janeiro - RJ, Brasil",Sudeste,Rio de Janeiro,Rio de Janeiro,OSVALDO CRUZ,,BECO HENEDINA,-22.8686124,-43.3535078,"30/01/2026, 17:00:00",true,true,PM (9BPM),Tentativa/Roubo,,,false
75762,"Avenida Brasil - Paciência, Rio de Janeiro - RJ, Brasil",Sudeste,Rio de Janeiro,Rio de Janeiro,PACIENCIA,,,-22.8813743,-43.6335489,"30/01/2026, 21:30:00",false,false,,Disputa,,,false
75762,"Avenida Brasil - Paciência, Rio de Janeiro - RJ, Brasil",Sudeste,Rio de Janeiro,Rio de Janeiro,PACIENCIA,,,-22.8813743,-43.6335489,"30/01/2026, 21:30:00",false,false,,Disputa,,,false
75752,"Brás de Pina, Rio de Janeiro - RJ, Brasil",Sudeste,Rio de Janeiro,Rio de Janeiro,BRAS DE PINA,,,-22.8344389,-43.3027813,"31/01/2026, 03:15:00",false,false,,Não identificado,,,false
75759,"Túnel Engenheiro Raymundo de Paula Soares, Túnel da Covanca - Água Santa, Rio de Janeiro - RJ, Brasil",Sudeste,Rio de Janeiro,Rio de Janeiro,AGUA SANTA,,,-22.9130092,-43.3173052,"31/01/2026, 09:10:00",false,true,,Tentativa/Roubo,,,false
75767,"Avenida Salvador Allende - Recreio dos Bandeirantes, Rio de Janeiro - RJ, Brasil",Sudeste,Rio de Janeiro,Rio de Janeiro,RECREIO DOS BANDEIRANTES,,,-22.9995422,-43.4293827,"01/02/2026, 02:00:00",true,true,PM (31 BPM),Tentativa/Roubo,,Perseguição,false
75799,"Favela da Malvina - Irajá, Rio de Janeiro - RJ, 21862-550, Brasil",Sudeste,Rio de Janeiro,Rio de Janeiro,IRAJA,,FAVELA DA MALVINA,-22.84902785	,-43.32463475,"01/02/2026, 12:00:00",false,false,,Disputa,,Ataques armados sobre rodas,false
75799,"Favela da Malvina - Irajá, Rio de Janeiro - RJ, 21862-550, Brasil",Sudeste,Rio de Janeiro,Rio de Janeiro,IRAJA,,FAVELA DA MALVINA,-22.84902785	,-43.32463475,"01/02/2026, 12:00:00",false,false,,Disputa,,Ataques armados sobre rodas,false
75799,"Favela da Malvina - Irajá, Rio de Janeiro - RJ, 21862-550, Brasil",Sudeste,Rio de Janeiro,Rio de Janeiro,IRAJA,,FAVELA DA MALVINA,-22.84902785	,-43.32463475,"01/02/2026, 12:00:00",false,false,,Disputa,,Ataques armados sobre rodas,false
75772,"Conjunto Habitacional Haroldo de Andrade (B13) - Barros Filho, Rio de Janeiro - RJ, 21665-210, Brasil",Sudeste,Rio de Janeiro,Rio de Janeiro,BARROS FILHO,,CONJUNTO HABITACIONAL HAROLDO DE ANDRADE (B13),-22.83167985,	-43.36762807,"01/02/2026, 18:38:00",false,false,,Não identificado,,,false
75783,"R. Visc. de Santa Isabel - Vila Isabel, Rio de Janeiro - RJ, Brasil",Sudeste,Rio de Janeiro,Rio de Janeiro,VILA ISABEL,,,-22.9165917,-43.2590641,"01/02/2026, 19:40:00",true,true,PM (UPP Macacos),Ação policial,,,false
75777,"Rua Francisco Portela - Guadalupe, Rio de Janeiro - RJ, Brasil",Sudeste,Rio de Janeiro,Rio de Janeiro,GUADALUPE,,,-22.8377071,-43.3735426,"01/02/2026, 22:00:00",true,true,PM (41 BPM),Disputa,,,false
75777,"Rua Francisco Portela - Guadalupe, Rio de Janeiro - RJ, Brasil",Sudeste,Rio de Janeiro,Rio de Janeiro,GUADALUPE,,,-22.8377071,-43.3735426,"01/02/2026, 22:00:00",true,true,PM (41 BPM),Disputa,,,false
75777,"Rua Francisco Portela - Guadalupe, Rio de Janeiro - RJ, Brasil",Sudeste,Rio de Janeiro,Rio de Janeiro,GUADALUPE,,,-22.8377071,-43.3735426,"01/02/2026, 22:00:00",true,true,PM (41 BPM),Disputa,,,false
75775,"Vila Aliança - Bangu, Rio de Janeiro - RJ, 21842-160, Brasil",Sudeste,Rio de Janeiro,Rio de Janeiro,BANGU,,VILA ALIANCA,-22.86909773	,-43.47777013,"02/02/2026, 02:50:00",false,false,,Não identificado,,,false
75774,"Vila Aliança - Bangu, Rio de Janeiro - RJ, 21842-160, Brasil",Sudeste,Rio de Janeiro,Rio de Janeiro,BANGU,,VILA ALIANCA,-22.86909773	,-43.47777013,"02/02/2026, 04:52:00",false,false,,Não identificado,,,false
75786,"Manguariba - Estrada de Manguariba - Paciência, Rio de Janeiro - RJ, Brasil",Sudeste,Rio de Janeiro,Rio de Janeiro,PACIENCIA,,CONJUNTO MANGUARIBA,-22.8730855,-43.6300855,"02/02/2026, 09:20:00",false,false,,Não identificado,,,false
75803,"Rua Porã - Campo Grande, Rio de Janeiro - RJ, Brasil",Sudeste,Rio de Janeiro,Rio de Janeiro,CAMPO GRANDE,,,-22.9191816,-43.5599371,"02/02/2026, 19:00:00",false,false,,Tentativa/Roubo,,,false
75805,"Conjunto do IPASE - Vila Kosmos, Rio de Janeiro - RJ, 21210-840, Brasil",Sudeste,Rio de Janeiro,Rio de Janeiro,VILA KOSMOS,,CONJUNTO DO IPASE,-22.84845508	,-43.30446505,"03/02/2026, 05:00:00",true,true,PM (41 BPM),Operação policial,,,false
75805,"Conjunto do IPASE - Vila Kosmos, Rio de Janeiro - RJ, 21210-840, Brasil",Sudeste,Rio de Janeiro,Rio de Janeiro,VILA KOSMOS,,CONJUNTO DO IPASE,-22.84845508	,-43.30446505,"03/02/2026, 05:00:00",true,true,PM (41 BPM),Operação policial,,,false
75812,"Av. das Américas, 2300 - Barra da Tijuca, Rio de Janeiro - RJ, Brasil",Sudeste,Rio de Janeiro,Rio de Janeiro,BARRA DA TIJUCA,,,-22.9996194,-43.3413848,"03/02/2026, 11:00:00",false,true,,Tentativa/Roubo,,,false
75911,"Rua Vicente Caneco, Favela do Quitungo - Brás de Pina, Rio de Janeiro - RJ, Brasil",Sudeste,Rio de Janeiro,Rio de Janeiro,BRAS DE PINA,,QUITUNGO-GUAPORE,-22.8344777,-43.3007872,"04/02/2026, 01:00:00",true,true,"PM (16 BPM, GAT)",Operação policial,,,false
75824,"Rua Clarimundo de Melo - Quintino Bocaiúva, Rio de Janeiro - RJ, Brasil",Sudeste,Rio de Janeiro,Rio de Janeiro,QUINTINO BOCAIUVA,,,-22.8931169,-43.3224585,"04/02/2026, 05:00:00",false,false,,Homicidio/Tentativa,,Feminicídio/tentativa,false
75827,"Morro do Juramento - Vicente de Carvalho, Rio de Janeiro - RJ, 21371-430, Brasil",Sudeste,Rio de Janeiro,Rio de Janeiro,VICENTE DE CARVALHO,,MORRO DO JURAMENTO (COMPLEXO DO JURAMENTO),-22.860558330276074,	-43.31652059476989,"04/02/2026, 11:00:00",true,true,PM (41BPM),Operação policial,,,false
75830,"Rua Rocha Passos - Padre Miguel, Rio de Janeiro - RJ, Brasil",Sudeste,Rio de Janeiro,Rio de Janeiro,PADRE MIGUEL,,,-22.8581327,-43.4505434,"04/02/2026, 23:00:00",false,false,,Homicidio/Tentativa,,Bar,false
75832,"Avenida República do Chile - Centro, Rio de Janeiro - RJ, Brasil",Sudeste,Rio de Janeiro,Rio de Janeiro,CENTRO,,,-22.9092086,-43.1804378,"05/02/2026, 07:00:00",true,true,PM (5 BPM),Ação policial,,Perseguição,false
75845,"Avenida Brasil - Ramos, Rio de Janeiro - RJ, Brasil",Sudeste,Rio de Janeiro,Rio de Janeiro,RAMOS,,,-22.8460399,-43.2484529,"05/02/2026, 10:00:00",false,false,,Tentativa/Roubo de cargas,,,false
75862,"Rua Viena, Quitungo - Brás de Pina, Rio de Janeiro - RJ, Brasil",Sudeste,Rio de Janeiro,Rio de Janeiro,BRAS DE PINA,,QUITUNGO-GUAPORE,-22.8306163,-43.3001382,"05/02/2026, 19:00:00",true,true,PM (16BPM),Ação policial,,,false
75849,"Conjunto Manguariba, R. Nilton de Souza Filho - Paciência, Rio de Janeiro - RJ, 23065-480, Brasil",Sudeste,Rio de Janeiro,Rio de Janeiro,PACIENCIA,,CONJUNTO MANGUARIBA,-22.8719683,-43.6303609,"06/02/2026, 09:59:00",false,false,,Não identificado,,,false
75859,"Favela Nova Jersey, Rua Doutor Hélio Ribeiro - Paciência, Rio de Janeiro, Rio de Janeiro, Brasil",Sudeste,Rio de Janeiro,Rio de Janeiro,PACIENCIA,,FAVELA NOVA JERSEY,-22.9275482,-43.6305608,"06/02/2026, 13:17:00",false,false,,Não identificado,,,false
75871,"Loteamento Campo do Saco, Avenida Dom João VI - Guaratiba, Rio de Janeiro - RJ, Brasil",Sudeste,Rio de Janeiro,Rio de Janeiro,GUARATIBA,,LOTEAMENTO CAMPO DO SACO,-22.9942163,-43.5959003,"06/02/2026, 17:00:00",false,false,,Disputa,,,false
75871,"Loteamento Campo do Saco, Avenida Dom João VI - Guaratiba, Rio de Janeiro - RJ, Brasil",Sudeste,Rio de Janeiro,Rio de Janeiro,GUARATIBA,,LOTEAMENTO CAMPO DO SACO,-22.9942163,-43.5959003,"06/02/2026, 17:00:00",false,false,,Disputa,,,false
75867,"Rua José Higino - Tijuca, Rio de Janeiro - RJ, Brasil",Sudeste,Rio de Janeiro,Rio de Janeiro,TIJUCA,,,-22.9294724,-43.2384994,"06/02/2026, 20:15:00",false,false,,Não identificado,,,false
75903,"Rua Alberto Soares Sampaio - Taquara, Rio de Janeiro - RJ, Brasil",Sudeste,Rio de Janeiro,Rio de Janeiro,TAQUARA,,,-22.9206247,-43.3789586,"09/02/2026, 17:47:00",false,true,,Tentativa/Roubo,,,false
75903,"Rua Alberto Soares Sampaio - Taquara, Rio de Janeiro - RJ, Brasil",Sudeste,Rio de Janeiro,Rio de Janeiro,TAQUARA,,,-22.9206247,-43.3789586,"09/02/2026, 17:47:00",false,true,,Tentativa/Roubo,,,false
75900,"Rua Evaristo da Veiga, Centro, Rio de Janeiro - RJ, Brazil",Sudeste,Rio de Janeiro,Rio de Janeiro,CENTRO,,,-22.90973412731658,-43.1770283136766,"09/02/2026, 18:43:00",false,false,,Não identificado,,,false
75901,"Vidigal, Rio de Janeiro - RJ, 22450-230, Brasil",Sudeste,Rio de Janeiro,Rio de Janeiro,VIDIGAL,,VIDIGAL,-22.99409989	,-43.23700958,"10/02/2026, 03:00:00",true,true,PC (CORE),Operação policial,,,false
75902,"Pombo Sem Asa - Vargem Grande, Rio de Janeiro - RJ, 22785-585, Brasil",Sudeste,Rio de Janeiro,Rio de Janeiro,VARGEM GRANDE,,COMUNIDADE POMBO SEM ASA,-22.986796924068518	,-43.49718695983778,"10/02/2026, 03:51:00",true,true,PC (DRACO),Operação policial,,,false
75914,"Av. Canal - Vila do Pinheiro, Complexo da Maré, Rio de Janeiro - RJ, 21042-000, Brasil",Sudeste,Rio de Janeiro,Rio de Janeiro,MARE,,VILA DO PINHEIRO (COMPLEXO DA MARE),-22.865182071097124,-43.23950905344237,"10/02/2026, 15:06:00",true,true,PM (22BPM),Tentativa/Roubo de cargas,,,false
75916,"Conjunto Manguariba - Estrada de Manguariba - Paciência, Rio de Janeiro - RJ, Brasil",Sudeste,Rio de Janeiro,Rio de Janeiro,PACIENCIA,,CONJUNTO MANGUARIBA,-22.8730855,-43.6300855,"11/02/2026, 04:20:00",false,false,,Disputa,,,false
75916,"Conjunto Manguariba - Estrada de Manguariba - Paciência, Rio de Janeiro - RJ, Brasil",Sudeste,Rio de Janeiro,Rio de Janeiro,PACIENCIA,,CONJUNTO MANGUARIBA,-22.8730855,-43.6300855,"11/02/2026, 04:20:00",false,false,,Disputa,,,false
75916,"Conjunto Manguariba - Estrada de Manguariba - Paciência, Rio de Janeiro - RJ, Brasil",Sudeste,Rio de Janeiro,Rio de Janeiro,PACIENCIA,,CONJUNTO MANGUARIBA,-22.8730855,-43.6300855,"11/02/2026, 04:20:00",false,false,,Disputa,,,false
75930,"Favela da Carobinha - Campo Grande, Rio de Janeiro - RJ, 23097-640, Brasil",Sudeste,Rio de Janeiro,Rio de Janeiro,CAMPO GRANDE,,FAVELA DA CAROBINHA,-22.855164,	-43.53284498,"11/02/2026, 19:55:00",false,false,,Disputa,,,false
75932,"Rua Gomes Carneiro, Ipanema, Rio de Janeiro, Rio de Janeiro, Brazil",Sudeste,Rio de Janeiro,Rio de Janeiro,IPANEMA,,,-22.9844093,-43.1951657,"11/02/2026, 20:30:00",false,false,,Não identificado,,,false
75931,"Estrada da Matriz, Guaratiba, Rio de Janeiro, Rio de Janeiro, Brasil",Sudeste,Rio de Janeiro,Rio de Janeiro,GUARATIBA,,,-22.9942269,-43.5962333,"11/02/2026, 20:41:00",false,false,,Não identificado,,,false
75939,"Avenida Brasil - Penha, Rio de Janeiro - RJ, Brasil",Sudeste,Rio de Janeiro,Rio de Janeiro,PENHA,,,-22.8328097,-43.2653119,"12/02/2026, 07:40:00",false,true,NI,Tentativa/Roubo,,,false
75939,"Avenida Brasil - Penha, Rio de Janeiro - RJ, Brasil",Sudeste,Rio de Janeiro,Rio de Janeiro,PENHA,,,-22.8328097,-43.2653119,"12/02/2026, 07:40:00",false,true,NI,Tentativa/Roubo,,,false
75942,"Morro do Timbau, Complexo da Maré - Maré, Rio de Janeiro - RJ, 21042-050, Brasil",Sudeste,Rio de Janeiro,Rio de Janeiro,MARE,,MORRO DO TIMBAU (COMPLEXO DA MARE),-22.86250847	,-43.24132626,"12/02/2026, 10:00:00",true,true,"PM (BTM), PC (CORE)",Tentativa/Roubo,,Perseguição,false
75956,"Morro da Muzema - Itanhangá, Rio de Janeiro, RJ, Brasil",Sudeste,Rio de Janeiro,Rio de Janeiro,ITANHANGA,,MORRO DA MUZEMA,-22.98252022,"-43.32289413 ","12/02/2026, 12:00:00",true,true,PC (DRFA),Ação policial,,,false
75956,"Morro da Muzema - Itanhangá, Rio de Janeiro, RJ, Brasil",Sudeste,Rio de Janeiro,Rio de Janeiro,ITANHANGA,,MORRO DA MUZEMA,-22.98252022,"-43.32289413 ","12/02/2026, 12:00:00",true,true,PC (DRFA),Ação policial,,,false
75956,"Morro da Muzema - Itanhangá, Rio de Janeiro, RJ, Brasil",Sudeste,Rio de Janeiro,Rio de Janeiro,ITANHANGA,,MORRO DA MUZEMA,-22.98252022,"-43.32289413 ","12/02/2026, 12:00:00",true,true,PC (DRFA),Ação policial,,,false
75947,"Morro dos Macacos - Vila Isabel, Rio de Janeiro - RJ, 20551-075, Brasil",Sudeste,Rio de Janeiro,Rio de Janeiro,VILA ISABEL,,MORRO DOS MACACOS,-22.91065776945498,-43.25155483652344,"12/02/2026, 13:00:00",false,false,,Não identificado,,,false
76009,"Pavuna, Rio de Janeiro - RJ, Brasil",Sudeste,Rio de Janeiro,Rio de Janeiro,PAVUNA,,,-22.8112771,-43.36253320000001,"12/02/2026, 14:00:00",true,true,"PC (DRFA-BF), PM",Tentativa/Roubo,,Perseguição,false
75954,"Favela Lemos de Brito (Complexo do 18) - Quintino Bocaiúva, Rio de Janeiro - RJ, 21311-380, Brasil",Sudeste,Rio de Janeiro,Rio de Janeiro,QUINTINO BOCAIUVA,,FAVELA LEMOS DE BRITO (COMPLEXO DO 18),"-22.899148734871055 ",	-43.32884463056011,"12/02/2026, 17:00:00",true,true,"PM (9 BPM, GAT)",Tentativa/Roubo,,,false
75948,"R. Gen. Espírito Santo Cardoso, Muda - Tijuca, Rio de Janeiro - RJ, 20530-500, Brasil",Sudeste,Rio de Janeiro,Rio de Janeiro,TIJUCA,MUDA,,-22.9311296,-43.2453043,"12/02/2026, 23:45:00",false,false,,Não identificado,,,false
75949,"Morro do Andaraí - Rua Andaraí, Andaraí, Rio de Janeiro, Rio de Janeiro, Brasil",Sudeste,Rio de Janeiro,Rio de Janeiro,ANDARAI,,MORRO DO ANDARAI,-22.9340586,-43.2585971,"13/02/2026, 00:37:00",false,false,,Não identificado,,,false
75963,"Morro do Juramento (Complexo do Juramento) - Vicente de Carvalho, Rio de Janeiro - RJ, 21371-430, Brasil",Sudeste,Rio de Janeiro,Rio de Janeiro,VICENTE DE CARVALHO,,MORRO DO JURAMENTO (COMPLEXO DO JURAMENTO),-22.860558330276074	,-43.31652059476989,"13/02/2026, 16:25:00",false,false,,Disputa,,,false
75969,"Morro dos Prazeres - R. Alm. Alexandrino - Santa Teresa, Rio de Janeiro - RJ, 20241-264, Brasil",Sudeste,Rio de Janeiro,Rio de Janeiro,SANTA TERESA,,MORRO DOS PRAZERES,-22.93532202270099,-43.20182845717774,"13/02/2026, 17:00:00",false,false,,Homicidio/Tentativa,,Ataques armados sobre rodas,false
75969,"Morro dos Prazeres - R. Alm. Alexandrino - Santa Teresa, Rio de Janeiro - RJ, 20241-264, Brasil",Sudeste,Rio de Janeiro,Rio de Janeiro,SANTA TERESA,,MORRO DOS PRAZERES,-22.93532202270099,-43.20182845717774,"13/02/2026, 17:00:00",false,false,,Homicidio/Tentativa,,Ataques armados sobre rodas,false
75969,"Morro dos Prazeres - R. Alm. Alexandrino - Santa Teresa, Rio de Janeiro - RJ, 20241-264, Brasil",Sudeste,Rio de Janeiro,Rio de Janeiro,SANTA TERESA,,MORRO DOS PRAZERES,-22.93532202270099,-43.20182845717774,"13/02/2026, 17:00:00",false,false,,Homicidio/Tentativa,,Ataques armados sobre rodas,false
75969,"Morro dos Prazeres - R. Alm. Alexandrino - Santa Teresa, Rio de Janeiro - RJ, 20241-264, Brasil",Sudeste,Rio de Janeiro,Rio de Janeiro,SANTA TERESA,,MORRO DOS PRAZERES,-22.93532202270099,-43.20182845717774,"13/02/2026, 17:00:00",false,false,,Homicidio/Tentativa,,Ataques armados sobre rodas,false
75964,"Morro da Primavera - Cavalcanti, Rio de Janeiro - RJ, 21370-280, Brasil",Sudeste,Rio de Janeiro,Rio de Janeiro,CAVALCANTI,,MORRO DA PRIMAVERA,-22.86902669	,-43.31696145,"13/02/2026, 17:21:00",false,false,,Não identificado,,,false
75968,"Morro da Serrinha (Complexo da Serrinha) - Vaz Lobo, Rio de Janeiro - RJ, 21360-320, Brasil",Sudeste,Rio de Janeiro,Rio de Janeiro,VAZ LOBO,,MORRO DA SERRINHA (COMPLEXO DA SERRINHA),-22.86651325	,-43.32711774,"13/02/2026, 23:57:00",false,false,,Não identificado,,,false
75971,"Jardim Carioca, Rio de Janeiro - RJ, Brasil",Sudeste,Rio de Janeiro,Rio de Janeiro,JARDIM CARIOCA,,,-22.8057705,-43.1932173,"14/02/2026, 07:00:00",false,false,,Não identificado,,,false
76004,"Rocha Miranda, Rio de Janeiro - RJ, Brasil",Sudeste,Rio de Janeiro,Rio de Janeiro,ROCHA MIRANDA,,,-22.8519449,-43.34677,"14/02/2026, 17:00:00",false,false,,Briga,,,false
76004,"Rocha Miranda, Rio de Janeiro - RJ, Brasil",Sudeste,Rio de Janeiro,Rio de Janeiro,ROCHA MIRANDA,,,-22.8519449,-43.34677,"14/02/2026, 17:00:00",false,false,,Briga,,,false
75975,"Morro do Chaves (Complexo da Pedreira) - Barros Filho, Rio de Janeiro - RJ, 21515-000, Brasil",Sudeste,Rio de Janeiro,Rio de Janeiro,BARROS FILHO,,MORRO DO CHAVES (COMPLEXO DA PEDREIRA),-22.83352157,	-43.36290336,"14/02/2026, 18:56:00",true,true,PM (41 BPM),Disputa,,,false
75975,"Morro do Chaves (Complexo da Pedreira) - Barros Filho, Rio de Janeiro - RJ, 21515-000, Brasil",Sudeste,Rio de Janeiro,Rio de Janeiro,BARROS FILHO,,MORRO DO CHAVES (COMPLEXO DA PEDREIRA),-22.83352157,	-43.36290336,"14/02/2026, 18:56:00",true,true,PM (41 BPM),Disputa,,,false
75975,"Morro do Chaves (Complexo da Pedreira) - Barros Filho, Rio de Janeiro - RJ, 21515-000, Brasil",Sudeste,Rio de Janeiro,Rio de Janeiro,BARROS FILHO,,MORRO DO CHAVES (COMPLEXO DA PEDREIRA),-22.83352157,	-43.36290336,"14/02/2026, 18:56:00",true,true,PM (41 BPM),Disputa,,,false
75975,"Morro do Chaves (Complexo da Pedreira) - Barros Filho, Rio de Janeiro - RJ, 21515-000, Brasil",Sudeste,Rio de Janeiro,Rio de Janeiro,BARROS FILHO,,MORRO DO CHAVES (COMPLEXO DA PEDREIRA),-22.83352157,	-43.36290336,"14/02/2026, 18:56:00",true,true,PM (41 BPM),Disputa,,,false
75979,"R. Leopoldo, Morro do Andaraí - Andaraí, Rio de Janeiro - RJ, 20541-170, Brasil",Sudeste,Rio de Janeiro,Rio de Janeiro,ANDARAI,,MORRO DO ANDARAI,-22.93276566967148,-43.25605544760713,"14/02/2026, 20:00:00",false,false,,Disputa,,,false
75996,"Avenida República do Chile - Centro, Rio de Janeiro - RJ, Brasil",Sudeste,Rio de Janeiro,Rio de Janeiro,CENTRO,,,-22.9092086,-43.1804378,"15/02/2026, 15:00:00",false,true,,Arrastão,,,false
75980,"Avenida Teixeira de Castro - Ramos, Rio de Janeiro - RJ, Brasil",Sudeste,Rio de Janeiro,Rio de Janeiro,RAMOS,,,-22.8522764,-43.2505887,"15/02/2026, 15:00:00",false,true,NI,Tentativa/Roubo,,Bar,false
75980,"Avenida Teixeira de Castro - Ramos, Rio de Janeiro - RJ, Brasil",Sudeste,Rio de Janeiro,Rio de Janeiro,RAMOS,,,-22.8522764,-43.2505887,"15/02/2026, 15:00:00",false,true,NI,Tentativa/Roubo,,Bar,false
75980,"Avenida Teixeira de Castro - Ramos, Rio de Janeiro - RJ, Brasil",Sudeste,Rio de Janeiro,Rio de Janeiro,RAMOS,,,-22.8522764,-43.2505887,"15/02/2026, 15:00:00",false,true,NI,Tentativa/Roubo,,Bar,false
75986,"Hospital Estadual Getúlio Vargas - Avenida Lobo Júnior - Penha Circular, Rio de Janeiro - RJ, Brasil",Sudeste,Rio de Janeiro,Rio de Janeiro,PENHA CIRCULAR,,,-22.8389844,-43.284978,"15/02/2026, 16:00:00",false,false,,Não identificado,,,false
75998,"Favela Lote Mil - Taquara, Rio de Janeiro - RJ, 22723-320, Brasil",Sudeste,Rio de Janeiro,Rio de Janeiro,TAQUARA,,FAVELA LOTE MIL,-22.912267838909806,-43.40340976983643,"16/02/2026, 06:40:00",true,true,PM (18 BPM),Ação policial,,,false
75997,"Morro do Chaves - Barros Filho, Rio de Janeiro - RJ, 21515-000, Brasil",Sudeste,Rio de Janeiro,Rio de Janeiro,BARROS FILHO,,MORRO DO CHAVES (COMPLEXO DA PEDREIRA),-22.83352157	,-43.36290336,"16/02/2026, 10:00:00",true,true,PM (41 BPM),Ação policial,,,false
76036,"Batan - Realengo, Rio de Janeiro - RJ, Brasil",Sudeste,Rio de Janeiro,Rio de Janeiro,REALENGO,,BATAN,-22.861477,-43.42191030000001,"16/02/2026, 15:00:00",false,false,,Não identificado,,Local de culto,false
76023,"Praça Dolomitas - Vila Kennedy, Rio de Janeiro - RJ, Brasil",Sudeste,Rio de Janeiro,Rio de Janeiro,VILA KENNEDY,,VILA KENNEDY,-22.8550286,-43.4921358,"17/02/2026, 07:00:00",false,false,,Disputa,,Ataques armados sobre rodas,false
76023,"Praça Dolomitas - Vila Kennedy, Rio de Janeiro - RJ, Brasil",Sudeste,Rio de Janeiro,Rio de Janeiro,VILA KENNEDY,,VILA KENNEDY,-22.8550286,-43.4921358,"17/02/2026, 07:00:00",false,false,,Disputa,,Ataques armados sobre rodas,false
76006,"Fazenda da Bica - Rua Inhare - Cascadura, Rio de Janeiro - RJ, Brasil",Sudeste,Rio de Janeiro,Rio de Janeiro,CASCADURA,,FAZENDA DA BICA,-22.8904637,-43.3317015,"17/02/2026, 18:00:00",false,true,,Homicidio/Tentativa,,,false
76014,"Rua Marcos de Macedo - Guadalupe, Rio de Janeiro - RJ, Brasil",Sudeste,Rio de Janeiro,Rio de Janeiro,GUADALUPE,,,-22.8400817,-43.3781194,"17/02/2026, 23:00:00",false,false,,Briga,,,false
76020,"Estrada da Pedra - Pedra de Guaratiba, Rio de Janeiro - RJ, Brasil",Sudeste,Rio de Janeiro,Rio de Janeiro,PEDRA DE GUARATIBA,,,-22.998988,-43.6487342,"18/02/2026, 05:00:00",false,false,,Homicidio/Tentativa,,,false
76022,"Medalhista Olimpico Ricardo Lucarelli Souza - Rua Frei Caneca - Centro, Rio de Janeiro - RJ, Brasil",Sudeste,Rio de Janeiro,Rio de Janeiro,CENTRO,,,-22.9145609,-43.201258,"18/02/2026, 17:45:00",false,false,,Disputa,,,false
76022,"Medalhista Olimpico Ricardo Lucarelli Souza - Rua Frei Caneca - Centro, Rio de Janeiro - RJ, Brasil",Sudeste,Rio de Janeiro,Rio de Janeiro,CENTRO,,,-22.9145609,-43.201258,"18/02/2026, 17:45:00",false,false,,Disputa,,,false
76022,"Medalhista Olimpico Ricardo Lucarelli Souza - Rua Frei Caneca - Centro, Rio de Janeiro - RJ, Brasil",Sudeste,Rio de Janeiro,Rio de Janeiro,CENTRO,,,-22.9145609,-43.201258,"18/02/2026, 17:45:00",false,false,,Disputa,,,false
76022,"Medalhista Olimpico Ricardo Lucarelli Souza - Rua Frei Caneca - Centro, Rio de Janeiro - RJ, Brasil",Sudeste,Rio de Janeiro,Rio de Janeiro,CENTRO,,,-22.9145609,-43.201258,"18/02/2026, 17:45:00",false,false,,Disputa,,,false
76042,"Av. Otávio Malta - Anil, Rio de Janeiro - RJ, Brasil",Sudeste,Rio de Janeiro,Rio de Janeiro,ANIL,,,-22.9586935,-43.3431108,"19/02/2026, 14:30:00",false,false,,Homicidio/Tentativa,,,false
76040,"Morro do Fubá (Complexo do Fubá) - Cascadura, Rio de Janeiro - RJ, 21311-130, Brasil",Sudeste,Rio de Janeiro,Rio de Janeiro,CASCADURA,,MORRO DO FUBA (COMPLEXO DO FUBA),-22.892324971301786	,-43.33377861518315,"19/02/2026, 20:47:00",false,false,,Não identificado,,,false
76051,"R. Marquês de Olinda, Botafogo, Rio de Janeiro - RJ, 22251-040, Brasil",Sudeste,Rio de Janeiro,Rio de Janeiro,BOTAFOGO,,,-22.943569458588605,-43.18573242911378,"19/02/2026, 21:00:00",false,false,,Homicidio/Tentativa,,Bar,false
76045,"Boiuna - Taquara, Rio de Janeiro - RJ, 22723-205, Brasil",Sudeste,Rio de Janeiro,Rio de Janeiro,TAQUARA,,BOIUNA,-22.91243248	,-43.41451563,"20/02/2026, 05:00:00",true,true,"PC (41 DP, 26 DP)",Operação policial,,,true
76045,"Boiuna - Taquara, Rio de Janeiro - RJ, 22723-205, Brasil",Sudeste,Rio de Janeiro,Rio de Janeiro,TAQUARA,,BOIUNA,-22.91243248	,-43.41451563,"20/02/2026, 05:00:00",true,true,"PC (41 DP, 26 DP)",Operação policial,,,true
76045,"Boiuna - Taquara, Rio de Janeiro - RJ, 22723-205, Brasil",Sudeste,Rio de Janeiro,Rio de Janeiro,TAQUARA,,BOIUNA,-22.91243248	,-43.41451563,"20/02/2026, 05:00:00",true,true,"PC (41 DP, 26 DP)",Operação policial,,,true
76045,"Boiuna - Taquara, Rio de Janeiro - RJ, 22723-205, Brasil",Sudeste,Rio de Janeiro,Rio de Janeiro,TAQUARA,,BOIUNA,-22.91243248	,-43.41451563,"20/02/2026, 05:00:00",true,true,"PC (41 DP, 26 DP)",Operação policial,,,true
76087,"Catiri, Bangu, Rio de Janeiro - RJ, 21863-010, Brasil",Sudeste,Rio de Janeiro,Rio de Janeiro,BANGU,,CATIRI,-22.85319795	,-43.47059105,"20/02/2026, 05:00:00",true,true,PC (DRACO-IE),Operação policial,,,false
76041,"Rua Alice Figueiredo - Riachuelo, Rio de Janeiro - RJ, Brasil",Sudeste,Rio de Janeiro,Rio de Janeiro,RIACHUELO,,,-22.9032769,-43.2539962,"20/02/2026, 06:15:00",true,true,PM (3 BPM),Ação policial,,,false
76052,"Catiri - Bangu, Rio de Janeiro - RJ, 21863-010, Brasil",Sudeste,Rio de Janeiro,Rio de Janeiro,BANGU,,CATIRI,-22.85319795	,-43.47059105,"20/02/2026, 08:00:00",false,false,,Homicidio/Tentativa,,Ataques armados sobre rodas,false
76047,"R. Barata Ribeiro, Copacabana, Rio de Janeiro - RJ, 22040-002, Brasil",Sudeste,Rio de Janeiro,Rio de Janeiro,COPACABANA,,,-22.96629405884386,-43.18208842272338,"20/02/2026, 09:00:00",true,true," Segurança Presente",Ação policial,,Perseguição,false
76095,"Rua Carolina Machado - Bento Ribeiro, Rio de Janeiro - RJ, Brasil",Sudeste,Rio de Janeiro,Rio de Janeiro,BENTO RIBEIRO,,,-22.8642242,-43.3601925,"22/02/2026, 12:00:00",false,false,,Homicidio/Tentativa,,,false
76070,"Rua Agenor Sampaio, Ilha Do Governador, Rio de Janeiro, RJ, Brasil",Sudeste,Rio de Janeiro,Rio de Janeiro,JARDIM CARIOCA,,,-22.80875124374572,-43.18540159881528,"22/02/2026, 17:15:00",false,false,,Não identificado,,,false
76085,"Conjunto do Ipase - Vila Kosmos, Rio de Janeiro - RJ, 21210-840, Brasil",Sudeste,Rio de Janeiro,Rio de Janeiro,VILA KOSMOS,,CONJUNTO DO IPASE,-22.84845508	,-43.30446505,"23/02/2026, 04:00:00",true,true,PM (41 BPM),Operação policial,,,false
76090,"Rua Clarimundo de Melo - Piedade, Rio de Janeiro - RJ, Brasil",Sudeste,Rio de Janeiro,Rio de Janeiro,PIEDADE,,,-22.8963018,-43.3125702,"23/02/2026, 11:40:00",false,true,,Homicidio/Tentativa,,,true
76090,"Rua Clarimundo de Melo - Piedade, Rio de Janeiro - RJ, Brasil",Sudeste,Rio de Janeiro,Rio de Janeiro,PIEDADE,,,-22.8963018,-43.3125702,"23/02/2026, 11:40:00",false,true,,Homicidio/Tentativa,,,true
76090,"Rua Clarimundo de Melo - Piedade, Rio de Janeiro - RJ, Brasil",Sudeste,Rio de Janeiro,Rio de Janeiro,PIEDADE,,,-22.8963018,-43.3125702,"23/02/2026, 11:40:00",false,true,,Homicidio/Tentativa,,,true
76098,"Estr. do Quitungo - Brás de Pina, Rio de Janeiro - RJ, 21215-564, Brasil",Sudeste,Rio de Janeiro,Rio de Janeiro,BRAS DE PINA,,,-22.830859390469744,-43.29344721262817,"24/02/2026, 01:27:00",false,false,,Não identificado,,,false
76106,"Morro do Sereno (Complexo da Penha) - Penha Circular, Rio de Janeiro - RJ, 21210-400, Brasil",Sudeste,Rio de Janeiro,Rio de Janeiro,PENHA CIRCULAR,,MORRO DO SERENO (COMPLEXO DA PENHA),-22.84321827	,-43.29371418,"24/02/2026, 08:45:00",false,false,,Não identificado,,,false
76121,"Rua Carmo do Cajuru - Loteamento Vila Camorim, Jacarepaguá, Rio de Janeiro - RJ, Brasil",Sudeste,Rio de Janeiro,Rio de Janeiro,JACAREPAGUA,,LOTEAMENTO VILA CAMORIM,-22.9657293,-43.4136983,"24/02/2026, 14:40:00",false,true,,Tentativa/Roubo,,,false
76122,"Estrada do Outeiro Santo - Taquara, Rio de Janeiro - RJ, Brasil",Sudeste,Rio de Janeiro,Rio de Janeiro,TAQUARA,,,-22.9311931,-43.3889338,"24/02/2026, 15:00:00",false,true,,Tentativa/Roubo,,,false
76117,"Rua Uranos - Ramos, Rio de Janeiro - RJ, Brasil",Sudeste,Rio de Janeiro,Rio de Janeiro,RAMOS,,,-22.8556733,-43.259801,"24/02/2026, 17:00:00",true,true,PM (16 BPM),Ação policial,,Perseguição,false
76114,"Igreja Matriz de São Jorge - Quintino RJ - Rua Clarimundo de Melo - Quintino Bocaiúva, Rio de Janeiro - RJ, Brasil",Sudeste,Rio de Janeiro,Rio de Janeiro,QUINTINO BOCAIUVA,,,-22.8944034,-43.321228,"25/02/2026, 04:02:00",false,false,,Não identificado,,,false
76120,"Av. das Américas - Barra da Tijuca, Rio de Janeiro - RJ, 22640-100, Brasil",Sudeste,Rio de Janeiro,Rio de Janeiro,BARRA DA TIJUCA,,,-23.000390818061042,-43.345345985975456,"25/02/2026, 06:25:00",false,true,,Tentativa/Roubo,,,false
76126,"Av. Brás de Pina, Penha Circular, Rio de Janeiro - RJ, 21210-673, Brasil",Sudeste,Rio de Janeiro,Rio de Janeiro,PENHA CIRCULAR,,,-22.83938665714834,-43.29612649181825,"25/02/2026, 07:00:00",true,true,PM (16 BPM),Tentativa/Roubo de cargas,,,false
76150,"Linha Amarela - Inhaúma, Rio de Janeiro - RJ, 20760-060, Brasil",Sudeste,Rio de Janeiro,Rio de Janeiro,INHAUMA,,,-22.88124886063381,-43.281793711079786,"25/02/2026, 07:00:00",true,true,PM (BPVE),Tentativa/Roubo,,,false
76150,"Linha Amarela - Inhaúma, Rio de Janeiro - RJ, 20760-060, Brasil",Sudeste,Rio de Janeiro,Rio de Janeiro,INHAUMA,,,-22.88124886063381,-43.281793711079786,"25/02/2026, 07:00:00",true,true,PM (BPVE),Tentativa/Roubo,,,false
76132,"Estrada da Posse, São Vitor - Santíssimo, Rio de Janeiro - RJ, Brasil",Sudeste,Rio de Janeiro,Rio de Janeiro,SANTISSIMO,SAO VITOR,,-22.876891,-43.5295496,"25/02/2026, 12:00:00",false,false,,Homicidio/Tentativa,,Ataques armados sobre rodas,false
76131,"Complexo do Chapadão - Costa Barros, Rio de Janeiro - RJ, 21650-020, Brasil",Sudeste,Rio de Janeiro,Rio de Janeiro,COSTA BARROS,,COMPLEXO DO CHAPADAO,-22.82326393	,-43.37707903,"25/02/2026, 12:00:00",true,true,PM (41 BPM),Ação policial,,,false
76134,"Favela da Flexal (Morro da GB) - Engenho da Rainha, Rio de Janeiro - RJ, 20766-650, Brasil",Sudeste,Rio de Janeiro,Rio de Janeiro,ENGENHO DA RAINHA,,FAVELA DA FLEXAL (MORRO DA GB),-22.8644633,	-43.2955654,"25/02/2026, 16:20:00",false,false,,Não identificado,,,false
76166,"Avenida Rainha Elisabeth da Bélgica - Copacabana, Rio de Janeiro - RJ, Brasil",Sudeste,Rio de Janeiro,Rio de Janeiro,COPACABANA,,,-22.9850947,-43.1913672,"25/02/2026, 17:00:00",false,false,,Tentativa/Roubo,,,false
76137,"Rua Nove, Vila do João (Complexo da Maré) - Maré, Rio de Janeiro - RJ, Brasil",Sudeste,Rio de Janeiro,Rio de Janeiro,MARE,,VILA DO JOAO (COMPLEXO DA MARE),-22.8563354,-43.2436128,"26/02/2026, 01:55:00",true,true,"PM (COE, 22 BPM, BOPE)",Operação policial,,,true
76137,"Rua Nove, Vila do João (Complexo da Maré) - Maré, Rio de Janeiro - RJ, Brasil",Sudeste,Rio de Janeiro,Rio de Janeiro,MARE,,VILA DO JOAO (COMPLEXO DA MARE),-22.8563354,-43.2436128,"26/02/2026, 01:55:00",true,true,"PM (COE, 22 BPM, BOPE)",Operação policial,,,true
76137,"Rua Nove, Vila do João (Complexo da Maré) - Maré, Rio de Janeiro - RJ, Brasil",Sudeste,Rio de Janeiro,Rio de Janeiro,MARE,,VILA DO JOAO (COMPLEXO DA MARE),-22.8563354,-43.2436128,"26/02/2026, 01:55:00",true,true,"PM (COE, 22 BPM, BOPE)",Operação policial,,,true
76137,"Rua Nove, Vila do João (Complexo da Maré) - Maré, Rio de Janeiro - RJ, Brasil",Sudeste,Rio de Janeiro,Rio de Janeiro,MARE,,VILA DO JOAO (COMPLEXO DA MARE),-22.8563354,-43.2436128,"26/02/2026, 01:55:00",true,true,"PM (COE, 22 BPM, BOPE)",Operação policial,,,true
76142,"Via Expressa Pres. João Goulart, Vila do Pinheiro - Maré, Rio de Janeiro - RJ, 21042-001, Brasil",Sudeste,Rio de Janeiro,Rio de Janeiro,MARE,,VILA DO PINHEIRO (COMPLEXO DA MARE),-22.861477091240662,-43.237205147781005,"26/02/2026, 03:25:00",true,true,"PM (COE, 22 BPM, BOPE)",Operação policial,,,false
76153,"Conjunto Manguariba - Paciência, Rio de Janeiro - RJ, 23065-280, Brasil",Sudeste,Rio de Janeiro,Rio de Janeiro,PACIENCIA,,CONJUNTO MANGUARIBA,-22.8733079,-43.63162569,"26/02/2026, 05:00:00",true,true,"PC (DRF-CAP, DRFA-CAP)",Ação policial,,,false
76153,"Conjunto Manguariba - Paciência, Rio de Janeiro - RJ, 23065-280, Brasil",Sudeste,Rio de Janeiro,Rio de Janeiro,PACIENCIA,,CONJUNTO MANGUARIBA,-22.8733079,-43.63162569,"26/02/2026, 05:00:00",true,true,"PC (DRF-CAP, DRFA-CAP)",Ação policial,,,false
76148,"Av. Min. Edgard Romero - Madureira, Rio de Janeiro - RJ, Brasil",Sudeste,Rio de Janeiro,Rio de Janeiro,MADUREIRA,,,-22.8687528,-43.335148,"26/02/2026, 07:00:00",true,true,PM (9 BPM),Tentativa/Roubo,,Perseguição,false
76152,"Rua Prefeito Olímpio de Melo - Benfica, Rio de Janeiro - RJ, Brasil",Sudeste,Rio de Janeiro,Rio de Janeiro,BENFICA,,,-22.8941892,-43.2390668,"26/02/2026, 11:00:00",false,false,,Tiros a esmo,,,false
76160,"Ladeira da Glória - Glória, Rio de Janeiro - RJ, 22211-120, Brasil",Sudeste,Rio de Janeiro,Rio de Janeiro,GLORIA,,,-22.921639038353906,-43.17614251163941,"26/02/2026, 17:00:00",true,true,"PM (2 BPM, 3 BPM), PC (15 DP)",Ação policial,,Perseguição,false
76157,"Morro do Juramento - Vicente de Carvalho, Rio de Janeiro - RJ, 21371-430, Brasil",Sudeste,Rio de Janeiro,Rio de Janeiro,VICENTE DE CARVALHO,,MORRO DO JURAMENTO (COMPLEXO DO JURAMENTO),-22.860558330276074	,-43.31652059476989,"26/02/2026, 18:45:00",false,false,,Não identificado,,,false
76158,"Gardênia Azul, Rio de Janeiro - RJ, Brasil",Sudeste,Rio de Janeiro,Rio de Janeiro,GARDENIA AZUL,,,-22.9582037,-43.3529536,"26/02/2026, 19:20:00",false,false,,Não identificado,,,false
76159,"Morro do Andaraí - Andaraí, Rio de Janeiro - RJ, 20541-240, Brasil",Sudeste,Rio de Janeiro,Rio de Janeiro,ANDARAI,,MORRO DO ANDARAI,-22.93296722	,-43.25643623,"27/02/2026, 03:00:00",true,true,PM (BOPE),Operação policial,,,false
76182,"R. Pompílio de Albuquerque - Encantado, Rio de Janeiro - RJ, 20745-125, Brasil",Sudeste,Rio de Janeiro,Rio de Janeiro,ENCANTADO,,,-22.9002536,-43.303541,"27/02/2026, 18:48:00",false,false,,Não identificado,,,false
76193,"Av. Lúcio Costa - Barra da Tijuca, Rio de Janeiro - RJ, 22620-172, Brasil",Sudeste,Rio de Janeiro,Rio de Janeiro,BARRA DA TIJUCA,,,-23.01094923562038,-43.33211182522278,"28/02/2026, 07:00:00",false,false,,Tentativa/Roubo,,,false
76195,"Catiri - Bangu, Rio de Janeiro - RJ, Brasil",Sudeste,Rio de Janeiro,Rio de Janeiro,BANGU,,CATIRI,-22.8515326,-43.4642396,"28/02/2026, 13:09:00",false,false,,Não identificado,,,false
77119,"Morro do Cruz - Andaraí, Rio de Janeiro - RJ, 20530-530, Brasil",Sudeste,Rio de Janeiro,Rio de Janeiro,ANDARAI,,MORRO DO CRUZ,-22.930738,-43.251766,"02/03/2026, 00:00:00",false,false,,Disputa,,,false
77120,"Morro do Cruz - Andaraí, Rio de Janeiro - RJ, 20530-530, Brasil",Sudeste,Rio de Janeiro,Rio de Janeiro,ANDARAI,,MORRO DO CRUZ,-22.930738,-43.251766,"02/03/2026, 01:45:00",false,false,,Disputa,,,false
76215,"R. Nuporanga, Morro da Caixa D'água - Tanque, Rio de Janeiro - RJ, Brasil",Sudeste,Rio de Janeiro,Rio de Janeiro,TANQUE,,MORRO DA CAIXA D'AGUA (TANQUE),-22.9140721,-43.3593491,"02/03/2026, 10:00:00",true,true,PM (18 BPM); PC (41 DP),Operação policial,,,false
76229,"Estrada Grajaú-Jacarepaguá - Freguesia (Jacarepaguá), Rio de Janeiro - RJ, Brasil",Sudeste,Rio de Janeiro,Rio de Janeiro,FREGUESIA (JACAREPAGUA),,,-22.924612,-43.3148407,"03/03/2026, 02:00:00",false,false,,Não identificado,,,false
76223,"Morro do Andaraí - Andaraí, Rio de Janeiro - RJ, 20541-240, Brasil",Sudeste,Rio de Janeiro,Rio de Janeiro,ANDARAI,,MORRO DO ANDARAI,-22.93296722	,-43.25643623,"03/03/2026, 02:57:00",true,true,PM (6 BPM),Operação policial,,,false
76228,"Morro do Andaraí - Andaraí, Rio de Janeiro - RJ, 20541-240, Brasil",Sudeste,Rio de Janeiro,Rio de Janeiro,ANDARAI,,MORRO DO ANDARAI,-22.93296722	,-43.25643623,"03/03/2026, 05:45:00",true,true,PM (6 BPM),Operação policial,,,false
76250,"Estrada do Campinho - Campo Grande, Rio de Janeiro - RJ, Brasil",Sudeste,Rio de Janeiro,Rio de Janeiro,CAMPO GRANDE,,,-22.8961263,-43.5799232,"03/03/2026, 11:00:00",false,false,,Disputa,,,false
76250,"Estrada do Campinho - Campo Grande, Rio de Janeiro - RJ, Brasil",Sudeste,Rio de Janeiro,Rio de Janeiro,CAMPO GRANDE,,,-22.8961263,-43.5799232,"03/03/2026, 11:00:00",false,false,,Disputa,,,false
76249,"Rua Horizontina - Inhoaíba, Rio de Janeiro - RJ, Brasil",Sudeste,Rio de Janeiro,Rio de Janeiro,INHOAIBA,,,-22.8976762,-43.5919478,"03/03/2026, 11:00:00",false,false,,Disputa,,,false
76249,"Rua Horizontina - Inhoaíba, Rio de Janeiro - RJ, Brasil",Sudeste,Rio de Janeiro,Rio de Janeiro,INHOAIBA,,,-22.8976762,-43.5919478,"03/03/2026, 11:00:00",false,false,,Disputa,,,false
76249,"Rua Horizontina - Inhoaíba, Rio de Janeiro - RJ, Brasil",Sudeste,Rio de Janeiro,Rio de Janeiro,INHOAIBA,,,-22.8976762,-43.5919478,"03/03/2026, 11:00:00",false,false,,Disputa,,,false
76256,"Complexo do Lins - Lins de Vasconcelos, Rio de Janeiro - RJ, 20725-140, Brasil",Sudeste,Rio de Janeiro,Rio de Janeiro,LINS DE VASCONCELOS,,COMPLEXO DO LINS,-22.91534468,	-43.28452174,"03/03/2026, 12:00:00",true,true,PM (CPP),Ação policial,,,false
76255,"Av. Dom Hélder Câmara - Manguinhos, Rio de Janeiro - RJ, 20911-291, Brasil",Sudeste,Rio de Janeiro,Rio de Janeiro,MANGUINHOS,,,-22.881303982095186,-43.25677232034606,"03/03/2026, 13:00:00",true,true,PM (UPP JACAREZINHO),Ação policial,,,false
76258,"Vila do João - Maré, Rio de Janeiro - RJ, 21046-415, Brasil",Sudeste,Rio de Janeiro,Rio de Janeiro,MARE,,VILA DO JOAO (COMPLEXO DA MARE),-22.870927062707118,-43.23792728675119,"04/03/2026, 01:55:00",true,true,"PM (BOPE, BPCHQ, 22 BPM, BAC, GAM, BTM, BPVE)",Operação policial,,Perseguição,false
76260,"Barreira do Vasco - Rua Ricardo Machado - Vasco da Gama, Rio de Janeiro - RJ, Brasil",Sudeste,Rio de Janeiro,Rio de Janeiro,SAO CRISTOVAO,,BARREIRA DO VASCO,-22.8895526,-43.2290306,"04/03/2026, 04:20:00",true,true,PM; PC (DRFC-CAP),Operação policial,,,false
76272,"Rua Rêgo Lopes - Tijuca, Rio de Janeiro - RJ, Brasil",Sudeste,Rio de Janeiro,Rio de Janeiro,TIJUCA,,,-22.9253569,-43.2233832,"04/03/2026, 18:30:00",false,false,,Não identificado,,,false
76271,"Morro da Fazenda (Complexo da Serrinha) - Vaz Lobo, Rio de Janeiro - RJ, 21361-000, Brasil",Sudeste,Rio de Janeiro,Rio de Janeiro,VAZ LOBO,,MORRO DA FAZENDA (COMPLEXO DA SERRINHA),-22.85981345	,-43.32597095,"04/03/2026, 19:50:00",false,false,,Não identificado,,,false
76274,"Morro do Fubá (Complexo do Fubá) - Cascadura, Rio de Janeiro - RJ, 21311-130, Brasil",Sudeste,Rio de Janeiro,Rio de Janeiro,CASCADURA,,MORRO DO FUBA (COMPLEXO DO FUBA),-22.892324971301786	,-43.33377861518315,"04/03/2026, 21:24:00",false,false,,Não identificado,,,false
76314,"Av. das Américas - Barra da Tijuca, Rio de Janeiro - RJ, 22640-100, Brasil",Sudeste,Rio de Janeiro,Rio de Janeiro,BARRA DA TIJUCA,,,-23.003065815955885,-43.3240730338684,"04/03/2026, 23:00:00",false,false,,Tentativa/Roubo,,,false
76273,"Rua Santa Alexandrina, Rio Comprido, Rio de Janeiro, Rio de Janeiro, Brasil",Sudeste,Rio de Janeiro,Rio de Janeiro,RIO COMPRIDO,,,-22.9254939,-43.2089617,"05/03/2026, 00:23:00",false,false,,Não identificado,,,false
76275,"Metral - Vila Kennedy, Rio de Janeiro - RJ, 23095-700, Brasil",Sudeste,Rio de Janeiro,Rio de Janeiro,VILA KENNEDY,,METRAL (VILA KENNEDY),-22.85546741,	-43.49702036,"05/03/2026, 04:18:00",true,true,PM (BOPE),Operação policial,,,false
76625,"Jacarezinho - Jacarezinho, Rio de Janeiro - RJ, 20973-150, Brasil",Sudeste,Rio de Janeiro,Rio de Janeiro,JACAREZINHO,,JACAREZINHO,-22.88736296	,-43.25766105,"05/03/2026, 12:00:00",false,true,,Tentativa/Roubo,,,false
76282,"Conjunto Guandu - Santa Cruz, Rio de Janeiro - RJ, 23570-150, Brasil",Sudeste,Rio de Janeiro,Rio de Janeiro,SANTA CRUZ,,CONJUNTO GUANDU,-22.9007739801193	,-43.70529926252208,"05/03/2026, 12:00:00",false,false,,Disputa,,,true
76282,"Conjunto Guandu - Santa Cruz, Rio de Janeiro - RJ, 23570-150, Brasil",Sudeste,Rio de Janeiro,Rio de Janeiro,SANTA CRUZ,,CONJUNTO GUANDU,-22.9007739801193	,-43.70529926252208,"05/03/2026, 12:00:00",false,false,,Disputa,,,true
76282,"Conjunto Guandu - Santa Cruz, Rio de Janeiro - RJ, 23570-150, Brasil",Sudeste,Rio de Janeiro,Rio de Janeiro,SANTA CRUZ,,CONJUNTO GUANDU,-22.9007739801193	,-43.70529926252208,"05/03/2026, 12:00:00",false,false,,Disputa,,,true
76282,"Conjunto Guandu - Santa Cruz, Rio de Janeiro - RJ, 23570-150, Brasil",Sudeste,Rio de Janeiro,Rio de Janeiro,SANTA CRUZ,,CONJUNTO GUANDU,-22.9007739801193	,-43.70529926252208,"05/03/2026, 12:00:00",false,false,,Disputa,,,true
76287,"Favela Vila Sapê - Curicica, Rio de Janeiro - RJ, 22775-400, Brasil",Sudeste,Rio de Janeiro,Rio de Janeiro,CURICICA,,FAVELA VILA SAPE,-22.95051047	,-43.37547407,"06/03/2026, 03:37:00",true,true,PM (18 BPM),Ação policial,,,false
76288,"Favela Vila Sapê - Rua Delfos - Curicica, Rio de Janeiro - RJ, Brasil",Sudeste,Rio de Janeiro,Rio de Janeiro,CURICICA,,FAVELA VILA SAPE,-22.9525531,-43.3854443,"06/03/2026, 06:00:00",true,true,PM (18 BPM),Ação policial,,,true
76288,"Favela Vila Sapê - Rua Delfos - Curicica, Rio de Janeiro - RJ, Brasil",Sudeste,Rio de Janeiro,Rio de Janeiro,CURICICA,,FAVELA VILA SAPE,-22.9525531,-43.3854443,"06/03/2026, 06:00:00",true,true,PM (18 BPM),Ação policial,,,true
76288,"Favela Vila Sapê - Rua Delfos - Curicica, Rio de Janeiro - RJ, Brasil",Sudeste,Rio de Janeiro,Rio de Janeiro,CURICICA,,FAVELA VILA SAPE,-22.9525531,-43.3854443,"06/03/2026, 06:00:00",true,true,PM (18 BPM),Ação policial,,,true
76312,"Morro do Campinho (Complexo do Fubá) - Cascadura, Rio de Janeiro - RJ, 21320-300, Brasil",Sudeste,Rio de Janeiro,Rio de Janeiro,CASCADURA,,MORRO DO CAMPINHO (COMPLEXO DO FUBA),-22.8850951874697,	-43.337939003183074,"06/03/2026, 15:46:00",false,false,,Não identificado,,,false
76306,"Avenida Dom Hélder Câmara - Del Castilho, Rio de Janeiro - RJ, Brasil",Sudeste,Rio de Janeiro,Rio de Janeiro,DEL CASTILHO,,,-22.8810989,-43.2711209,"07/03/2026, 05:00:00",true,true,PM (3 BPM),Ação policial,,Perseguição,false
76306,"Avenida Dom Hélder Câmara - Del Castilho, Rio de Janeiro - RJ, Brasil",Sudeste,Rio de Janeiro,Rio de Janeiro,DEL CASTILHO,,,-22.8810989,-43.2711209,"07/03/2026, 05:00:00",true,true,PM (3 BPM),Ação policial,,Perseguição,false
76306,"Avenida Dom Hélder Câmara - Del Castilho, Rio de Janeiro - RJ, Brasil",Sudeste,Rio de Janeiro,Rio de Janeiro,DEL CASTILHO,,,-22.8810989,-43.2711209,"07/03/2026, 05:00:00",true,true,PM (3 BPM),Ação policial,,Perseguição,false
76311,"Inhaúma, Rio de Janeiro - RJ, Brasil",Sudeste,Rio de Janeiro,Rio de Janeiro,INHAUMA,,,-22.8714919,-43.282418,"07/03/2026, 08:00:00",true,true,PM (UPP COMPLEXO DO ALEMAO),Tentativa/Roubo de cargas,,,false
76318,"Morro do Andarai - Andaraí, Rio de Janeiro - RJ, Brasil",Sudeste,Rio de Janeiro,Rio de Janeiro,ANDARAI,,MORRO DO ANDARAI,-22.9352778,-43.2563889,"08/03/2026, 17:24:00",true,true,PM (BOPE),Operação policial,,,false
76318,"Morro do Andarai - Andaraí, Rio de Janeiro - RJ, Brasil",Sudeste,Rio de Janeiro,Rio de Janeiro,ANDARAI,,MORRO DO ANDARAI,-22.9352778,-43.2563889,"08/03/2026, 17:24:00",true,true,PM (BOPE),Operação policial,,,false
76318,"Morro do Andarai - Andaraí, Rio de Janeiro - RJ, Brasil",Sudeste,Rio de Janeiro,Rio de Janeiro,ANDARAI,,MORRO DO ANDARAI,-22.9352778,-43.2563889,"08/03/2026, 17:24:00",true,true,PM (BOPE),Operação policial,,,false
76328,"R. Dr. Lagden - Catumbi, Rio de Janeiro - RJ, Brasil",Sudeste,Rio de Janeiro,Rio de Janeiro,CATUMBI,,,-22.9153318,-43.194736,"08/03/2026, 23:00:00",true,true,PRF,Ação policial,,Perseguição,false
76328,"R. Dr. Lagden - Catumbi, Rio de Janeiro - RJ, Brasil",Sudeste,Rio de Janeiro,Rio de Janeiro,CATUMBI,,,-22.9153318,-43.194736,"08/03/2026, 23:00:00",true,true,PRF,Ação policial,,Perseguição,false
76328,"R. Dr. Lagden - Catumbi, Rio de Janeiro - RJ, Brasil",Sudeste,Rio de Janeiro,Rio de Janeiro,CATUMBI,,,-22.9153318,-43.194736,"08/03/2026, 23:00:00",true,true,PRF,Ação policial,,Perseguição,false
76323,"Morro do Campinho (Complexo do Fubá) - Cascadura, Rio de Janeiro - RJ, 21320-300, Brasil",Sudeste,Rio de Janeiro,Rio de Janeiro,CASCADURA,,MORRO DO CAMPINHO (COMPLEXO DO FUBA),-22.8850951874697	,-43.337939003183074,"09/03/2026, 04:30:00",false,false,,Não identificado,,,false
76336,"Rua Barão de Bananal - Cavalcanti, Rio de Janeiro - RJ, Brasil",Sudeste,Rio de Janeiro,Rio de Janeiro,CAVALCANTI,,,-22.8766021,-43.3169173,"09/03/2026, 12:00:00",false,false,,Tentativa/Roubo,,,false
76348,"Rua da Batata - Penha Circular, Rio de Janeiro - RJ, Brasil",Sudeste,Rio de Janeiro,Rio de Janeiro,PENHA CIRCULAR,,,-22.8184249,-43.2769626,"09/03/2026, 23:00:00",true,true,PM (16 BPM),Tentativa/Roubo de cargas,,,false
76492,"Favela Santa Lúcia / Vila Palmares - Vargem Pequena, Rio de Janeiro - RJ, 22783-402, Brasil",Sudeste,Rio de Janeiro,Rio de Janeiro,VARGEM PEQUENA,,FAVELA SANTA LUCIA (VILA PALMARES),"-22.991806624853872 ",-43.46005460934162,"10/03/2026, 12:00:00",false,false,,Disputa,,,false
76353,"Nova Holanda - Maré, Rio de Janeiro - RJ, 21044-690, Brasil",Sudeste,Rio de Janeiro,Rio de Janeiro,MARE,,NOVA HOLANDA (COMPLEXO DA MARE),-22.854258419314018,-43.24248352247621,"10/03/2026, 12:45:00",false,false,,Não identificado,,,false
76355,"Favela Vila Sapê - Curicica, Rio de Janeiro - RJ, 22775-400, Brasil",Sudeste,Rio de Janeiro,Rio de Janeiro,CURICICA,,FAVELA VILA SAPE,-22.95051047	,-43.37547407,"10/03/2026, 15:25:00",false,false,,Disputa,,,false
76356,"Rua Augusto Leonardo - Anchieta, Rio de Janeiro - RJ, Brasil",Sudeste,Rio de Janeiro,Rio de Janeiro,ANCHIETA,,,-22.8336291,-43.4006703,"10/03/2026, 16:00:00",true,true,PM (41 BPM),Ação policial,,,false
76372,"Estrada Meringuava - Taquara, Rio de Janeiro - RJ, 22725-441, Brasil",Sudeste,Rio de Janeiro,Rio de Janeiro,TAQUARA,,,"-22.915023932785775 ",-43.38476376148762,"11/03/2026, 16:00:00",false,false,,Disputa,,,false
76372,"Estrada Meringuava - Taquara, Rio de Janeiro - RJ, 22725-441, Brasil",Sudeste,Rio de Janeiro,Rio de Janeiro,TAQUARA,,,"-22.915023932785775 ",-43.38476376148762,"11/03/2026, 16:00:00",false,false,,Disputa,,,false
76373,"Realengo, Rio de Janeiro - RJ, Brasil",Sudeste,Rio de Janeiro,Rio de Janeiro,REALENGO,,,-22.8786476,-43.4284708,"11/03/2026, 16:00:00",true,true,PM (14 BPM),Ação policial,,,false
76367,"Av. Pastor Martin Luther King Jr. - Tomás Coelho, Rio de Janeiro - RJ, 21370-540, Brasil",Sudeste,Rio de Janeiro,Rio de Janeiro,TOMAS COELHO,,,-22.861885852350945,-43.30702452789459,"11/03/2026, 16:30:00",false,false,,Não identificado,,,false
76370,"Largo da Pavuna - Pavuna, Rio de Janeiro - RJ, 21520-310, Brasil",Sudeste,Rio de Janeiro,Rio de Janeiro,PAVUNA,,,-22.80595880995549,-43.36683814546891,"11/03/2026, 17:00:00",false,true,,Tentativa/Roubo,,,false
76371,"Estr. dos Bandeirantes - Taquara, Rio de Janeiro - RJ, 22710-571, Brasil",Sudeste,Rio de Janeiro,Rio de Janeiro,TAQUARA,,MERCK,"-22.934305227816644 ",-43.37214473548895,"11/03/2026, 17:30:00",false,false,,Disputa,,,false
76371,"Estr. dos Bandeirantes - Taquara, Rio de Janeiro - RJ, 22710-571, Brasil",Sudeste,Rio de Janeiro,Rio de Janeiro,TAQUARA,,MERCK,"-22.934305227816644 ",-43.37214473548895,"11/03/2026, 17:30:00",false,false,,Disputa,,,false
76376,"Morro da Serrinha (Complexo da Serrinha) - Vaz Lobo, Rio de Janeiro - RJ, 21360-320, Brasil",Sudeste,Rio de Janeiro,Rio de Janeiro,VAZ LOBO,,MORRO DA SERRINHA (COMPLEXO DA SERRINHA),-22.86651325	,-43.32711774,"12/03/2026, 01:40:00",false,false,,Não identificado,,,false
76382,"Comunidade Santa Maria - Taquara, Rio de Janeiro - RJ, 22723-630, Brasil",Sudeste,Rio de Janeiro,Rio de Janeiro,TAQUARA,,COMUNIDADE SANTA MARIA,-22.914739	,-43.42013078,"12/03/2026, 08:55:00",true,true,PM (18 BPM),Ação policial,,,false
76389,"Morro do Jordão - Taquara, Rio de Janeiro - RJ, 22725-590, Brasil",Sudeste,Rio de Janeiro,Rio de Janeiro,TAQUARA,,MORRO DO JORDAO,-22.91094354	,-43.37403875,"13/03/2026, 02:47:00",true,true,PM (18 BPM),Operação policial,,,false
76392,"Manguinhos (Complexo de Manguinhos), Rio de Janeiro - RJ, 21041-560, Brasil",Sudeste,Rio de Janeiro,Rio de Janeiro,MANGUINHOS,,MANGUINHOS (COMPLEXO DE MANGUINHOS),-22.88141647,	-43.24832637,"13/03/2026, 03:00:00",false,false,,Não identificado,,,false
76394,"Morro do Jordão - Taquara, Rio de Janeiro - RJ, 22725-590, Brasil",Sudeste,Rio de Janeiro,Rio de Janeiro,TAQUARA,,MORRO DO JORDAO,-22.91094354,	-43.37403875,"13/03/2026, 03:45:00",true,true,PM (18 BPM),Operação policial,,,false
76397,"Cavalcanti, Rio de Janeiro - RJ, 21370-260, Brasil",Sudeste,Rio de Janeiro,Rio de Janeiro,CAVALCANTI,,,-22.8744823213024,-43.31606630478516,"13/03/2026, 04:40:00",false,false,,Não identificado,,,false
76390,"Morro do Fubá (Complexo do Fubá) - Cascadura, Rio de Janeiro - RJ, 21311-130, Brasil",Sudeste,Rio de Janeiro,Rio de Janeiro,CASCADURA,,MORRO DO FUBA (COMPLEXO DO FUBA),-22.892324971301786	,-43.33377861518315,"13/03/2026, 04:45:00",false,false,,Não identificado,,,false
76403,"Favela Bateau Mouche - Praça Seca, Rio de Janeiro - RJ, 22733-000, Brasil",Sudeste,Rio de Janeiro,Rio de Janeiro,PRACA SECA,,FAVELA BATEAU MOUCHE,-22.90553130050597	,-43.354608754520655,"13/03/2026, 08:00:00",true,true,PM (18 BPM),Tentativa/Roubo de cargas,,,false
76425,"Rua Cosme Velho - Cosme Velho, Rio de Janeiro - RJ, Brasil",Sudeste,Rio de Janeiro,Rio de Janeiro,COSME VELHO,,,-22.9400227,-43.2007512,"14/03/2026, 10:00:00",false,true,,Tentativa/Roubo,,,false
76443,"Vila Isabel, Rio de Janeiro - RJ, Brasil",Sudeste,Rio de Janeiro,Rio de Janeiro,VILA ISABEL,,,-22.9165886,-43.2502461,"14/03/2026, 23:00:00",false,false,,Não identificado,,,false
76433,"Blvd. 28 de Setembro - Vila Isabel, Rio de Janeiro - RJ, 20551-030, Brasil",Sudeste,Rio de Janeiro,Rio de Janeiro,VILA ISABEL,,,-22.914159843609475,-43.237915309331505,"15/03/2026, 06:00:00",false,true,,Tentativa/Roubo,,,false
76434,"Chacará do Céu - Tijuca, Rio de Janeiro - RJ, 20530-400, Brasil",Sudeste,Rio de Janeiro,Rio de Janeiro,TIJUCA,,CHACARA DO CEU (TIJUCA),-22.9353782	,-43.2531083,"15/03/2026, 12:45:00",false,false,,Não identificado,,,false
76435,"Cidade de Deus, Rio de Janeiro - RJ, Brasil",Sudeste,Rio de Janeiro,Rio de Janeiro,CIDADE DE DEUS,,CIDADE DE DEUS,-22.9465337,-43.3697151,"15/03/2026, 13:15:00",false,false,,Não identificado,,,false
76452,"Praça Campo da Honra, R. Valdemar Fidalgo - Senador Camará, Sarapuí, Rio de Janeiro - RJ, 21831-445, Brasil",Sudeste,Rio de Janeiro,Rio de Janeiro,SENADOR CAMARA,SARAPUI,,-22.893409739729407,-43.481747167459105,"15/03/2026, 13:58:00",false,false,,Homicidio/Tentativa,,,false
76437,"Morro do Campinho (Complexo do Fubá) - Cascadura, Rio de Janeiro - RJ, 21320-300, Brasil",Sudeste,Rio de Janeiro,Rio de Janeiro,CASCADURA,,MORRO DO CAMPINHO (COMPLEXO DO FUBA),-22.8850951874697	,-43.337939003183074,"15/03/2026, 15:16:00",false,false,,Não identificado,,,false
76440,"Rua Palatinado - Cascadura, Rio de Janeiro - RJ, Brasil",Sudeste,Rio de Janeiro,Rio de Janeiro,CASCADURA,,,-22.885111,-43.3221574,"15/03/2026, 17:00:00",true,true,PM (9 BPM),Ação policial,,Perseguição,false
76438,"Morro do Fubá (Complexo do Fubá) - Cascadura, Rio de Janeiro - RJ, 21311-130, Brasil",Sudeste,Rio de Janeiro,Rio de Janeiro,CASCADURA,,MORRO DO FUBA (COMPLEXO DO FUBA),-22.892324971301786	,-43.33377861518315,"15/03/2026, 18:01:00",false,false,,Não identificado,,,false
76441,"Morro da Covanca - Tanque, Rio de Janeiro - RJ, 22735-020, Brasil",Sudeste,Rio de Janeiro,Rio de Janeiro,TANQUE,,MORRO DA COVANCA,-22.91525671,	-43.3460376,"16/03/2026, 04:50:00",true,true,PM (18 BPM),Ação policial,,,false
76454,"Boulevard 28 de Setembro - Vila Isabel, Rio de Janeiro - RJ, Brasil",Sudeste,Rio de Janeiro,Rio de Janeiro,VILA ISABEL,,,-22.9155343,-43.2443327,"16/03/2026, 16:00:00",true,true,"SP ",Tentativa/Roubo,,,false
76460,"Teixeiras - Estr. dos Teixeiras - Taquara, Rio de Janeiro - RJ, 22723-205, Brasil",Sudeste,Rio de Janeiro,Rio de Janeiro,TAQUARA,,TEIXEIRAS,-22.907323032630213,-43.421669579142,"16/03/2026, 18:00:00",true,true,PM (18 BPM),Ação policial,,,false
76460,"Teixeiras - Estr. dos Teixeiras - Taquara, Rio de Janeiro - RJ, 22723-205, Brasil",Sudeste,Rio de Janeiro,Rio de Janeiro,TAQUARA,,TEIXEIRAS,-22.907323032630213,-43.421669579142,"16/03/2026, 18:00:00",true,true,PM (18 BPM),Ação policial,,,false
76460,"Teixeiras - Estr. dos Teixeiras - Taquara, Rio de Janeiro - RJ, 22723-205, Brasil",Sudeste,Rio de Janeiro,Rio de Janeiro,TAQUARA,,TEIXEIRAS,-22.907323032630213,-43.421669579142,"16/03/2026, 18:00:00",true,true,PM (18 BPM),Ação policial,,,false
76460,"Teixeiras - Estr. dos Teixeiras - Taquara, Rio de Janeiro - RJ, 22723-205, Brasil",Sudeste,Rio de Janeiro,Rio de Janeiro,TAQUARA,,TEIXEIRAS,-22.907323032630213,-43.421669579142,"16/03/2026, 18:00:00",true,true,PM (18 BPM),Ação policial,,,false
76460,"Teixeiras - Estr. dos Teixeiras - Taquara, Rio de Janeiro - RJ, 22723-205, Brasil",Sudeste,Rio de Janeiro,Rio de Janeiro,TAQUARA,,TEIXEIRAS,-22.907323032630213,-43.421669579142,"16/03/2026, 18:00:00",true,true,PM (18 BPM),Ação policial,,,false
76459,"Morro dos Prazeres - Santa Teresa, Rio de Janeiro - Rio de Janeiro, Brasil",Sudeste,Rio de Janeiro,Rio de Janeiro,SANTA TERESA,,MORRO DOS PRAZERES,-22.934627327177246,-43.20234328508377,"17/03/2026, 02:05:00",true,true,"PC (DC-POLINTER, CORE); PM (BOPE)",Operação policial,,,false
76471,"Avenida Brasil - Penha, Rio de Janeiro - RJ, Brasil",Sudeste,Rio de Janeiro,Rio de Janeiro,PENHA,,,-22.8328097,-43.2653119,"17/03/2026, 09:00:00",true,true,PRF,Ação policial,,Perseguição,false
76475,"Nova Holanda - Maré, Rio de Janeiro - RJ, Brasil",Sudeste,Rio de Janeiro,Rio de Janeiro,MARE,,NOVA HOLANDA (COMPLEXO DA MARE),-22.8553403,-43.24159530000001,"17/03/2026, 14:25:00",true,true,"PM (22 BPM, BOPE) ",Tentativa/Roubo de cargas,,,false
76479,"Cesarão - Santa Cruz, Rio de Janeiro - RJ, 23595-250, Brasil",Sudeste,Rio de Janeiro,Rio de Janeiro,SANTA CRUZ,,CESARAO,-22.934514684048242	,-43.65913451840158,"17/03/2026, 18:05:00",false,false,,Não identificado,,,false
76481,"Morro dos Prazeres - Santa Teresa, Rio de Janeiro - RJ, 20241-410, Brasil",Sudeste,Rio de Janeiro,Rio de Janeiro,SANTA TERESA,,MORRO DOS PRAZERES,-22.933812581111585	,-43.20467932624125,"18/03/2026, 02:30:00",true,true,"PM (BOPE, SSI, 5 BPM)",Operação policial,,,true
76481,"Morro dos Prazeres - Santa Teresa, Rio de Janeiro - RJ, 20241-410, Brasil",Sudeste,Rio de Janeiro,Rio de Janeiro,SANTA TERESA,,MORRO DOS PRAZERES,-22.933812581111585	,-43.20467932624125,"18/03/2026, 02:30:00",true,true,"PM (BOPE, SSI, 5 BPM)",Operação policial,,,true
76481,"Morro dos Prazeres - Santa Teresa, Rio de Janeiro - RJ, 20241-410, Brasil",Sudeste,Rio de Janeiro,Rio de Janeiro,SANTA TERESA,,MORRO DOS PRAZERES,-22.933812581111585	,-43.20467932624125,"18/03/2026, 02:30:00",true,true,"PM (BOPE, SSI, 5 BPM)",Operação policial,,,true
76481,"Morro dos Prazeres - Santa Teresa, Rio de Janeiro - RJ, 20241-410, Brasil",Sudeste,Rio de Janeiro,Rio de Janeiro,SANTA TERESA,,MORRO DOS PRAZERES,-22.933812581111585	,-43.20467932624125,"18/03/2026, 02:30:00",true,true,"PM (BOPE, SSI, 5 BPM)",Operação policial,,,true
76481,"Morro dos Prazeres - Santa Teresa, Rio de Janeiro - RJ, 20241-410, Brasil",Sudeste,Rio de Janeiro,Rio de Janeiro,SANTA TERESA,,MORRO DOS PRAZERES,-22.933812581111585	,-43.20467932624125,"18/03/2026, 02:30:00",true,true,"PM (BOPE, SSI, 5 BPM)",Operação policial,,,true
76481,"Morro dos Prazeres - Santa Teresa, Rio de Janeiro - RJ, 20241-410, Brasil",Sudeste,Rio de Janeiro,Rio de Janeiro,SANTA TERESA,,MORRO DOS PRAZERES,-22.933812581111585	,-43.20467932624125,"18/03/2026, 02:30:00",true,true,"PM (BOPE, SSI, 5 BPM)",Operação policial,,,true
76481,"Morro dos Prazeres - Santa Teresa, Rio de Janeiro - RJ, 20241-410, Brasil",Sudeste,Rio de Janeiro,Rio de Janeiro,SANTA TERESA,,MORRO DOS PRAZERES,-22.933812581111585	,-43.20467932624125,"18/03/2026, 02:30:00",true,true,"PM (BOPE, SSI, 5 BPM)",Operação policial,,,true
76481,"Morro dos Prazeres - Santa Teresa, Rio de Janeiro - RJ, 20241-410, Brasil",Sudeste,Rio de Janeiro,Rio de Janeiro,SANTA TERESA,,MORRO DOS PRAZERES,-22.933812581111585	,-43.20467932624125,"18/03/2026, 02:30:00",true,true,"PM (BOPE, SSI, 5 BPM)",Operação policial,,,true
76496,"Favela Vila Sapê - Curicica, Rio de Janeiro - RJ, 22775-400, Brasil",Sudeste,Rio de Janeiro,Rio de Janeiro,CURICICA,,FAVELA VILA SAPE,-22.950540108685505,-43.37572083322937,"18/03/2026, 12:00:00",true,true,PM (18 BPM),Ação policial,,,false
76493,"Morro dos Prazeres - Santa Teresa, Rio de Janeiro - RJ, 20241-410, Brasil",Sudeste,Rio de Janeiro,Rio de Janeiro,SANTA TERESA,,MORRO DOS PRAZERES,-22.933812581111585	,-43.20467932624125,"18/03/2026, 15:00:00",true,true,"PM ",Ação policial,,,false
76497,"Estrada dos Bandeirantes - Curicica, Rio de Janeiro - RJ, Brasil",Sudeste,Rio de Janeiro,Rio de Janeiro,CURICICA,,,-22.9600733,-43.3902284,"19/03/2026, 01:24:00",false,false,,Disputa,,,false
76497,"Estrada dos Bandeirantes - Curicica, Rio de Janeiro - RJ, Brasil",Sudeste,Rio de Janeiro,Rio de Janeiro,CURICICA,,,-22.9600733,-43.3902284,"19/03/2026, 01:24:00",false,false,,Disputa,,,false
76505,"Morro da Mangueira - Mangueira, Rio de Janeiro - RJ, 20943-000, Brasil",Sudeste,Rio de Janeiro,Rio de Janeiro,MANGUEIRA,,MANGUEIRA,-22.90514541	,-43.23489755,"19/03/2026, 15:03:00",true,true,PC (CORE),Ação policial,,,false
76506,"Estrada dos Bandeirantes, Merck - Taquara, Rio de Janeiro - RJ, Brasil",Sudeste,Rio de Janeiro,Rio de Janeiro,TAQUARA,,MERCK,-22.935113,-43.3720658,"19/03/2026, 16:30:00",false,false,,Disputa,,,false
76510,"Morro do Dezoito (Complexo do 18) - Piedade, Rio de Janeiro - RJ, 20740-600, Brasil",Sudeste,Rio de Janeiro,Rio de Janeiro,PIEDADE,,MORRO DO 18 (COMPLEXO DO 18),-22.905011856611303	,-43.31769304011568,"20/03/2026, 03:20:00",true,true,PM (3 BPM),Operação policial,,,false
76522,"Rua Professor Henrique Costa - Pechincha, Rio de Janeiro - RJ, Brasil",Sudeste,Rio de Janeiro,Rio de Janeiro,PECHINCHA,,,-22.9313564,-43.3621042,"20/03/2026, 09:00:00",true,true,PM (18 BPM),Tentativa/Roubo,,,false
76522,"Rua Professor Henrique Costa - Pechincha, Rio de Janeiro - RJ, Brasil",Sudeste,Rio de Janeiro,Rio de Janeiro,PECHINCHA,,,-22.9313564,-43.3621042,"20/03/2026, 09:00:00",true,true,PM (18 BPM),Tentativa/Roubo,,,false
76560,"R. Daniel Carneiro, Engenho de Dentro, Rio de Janeiro - RJ, 20730-040, Brasil",Sudeste,Rio de Janeiro,Rio de Janeiro,ENGENHO DE DENTRO,,,-22.898072606401666,-43.29654460279389,"20/03/2026, 16:37:00",false,false,,Tentativa/Roubo,,,false
76533,"Rua Oscár - Quintino Bocaiúva, Rio de Janeiro - RJ, Brasil",Sudeste,Rio de Janeiro,Rio de Janeiro,QUINTINO BOCAIUVA,,,-22.8848028,-43.3193251,"20/03/2026, 17:00:00",false,true,,Tentativa/Roubo,,,false
76525,"Vila Vintém - Padre Miguel, Rio de Janeiro - RJ, Brasil",Sudeste,Rio de Janeiro,Rio de Janeiro,PADRE MIGUEL,,VILA VINTEM,-22.8710072,-43.4430577,"20/03/2026, 17:00:00",true,true,PM (14 BPM),Ação policial,,,false
76525,"Vila Vintém - Padre Miguel, Rio de Janeiro - RJ, Brasil",Sudeste,Rio de Janeiro,Rio de Janeiro,PADRE MIGUEL,,VILA VINTEM,-22.8710072,-43.4430577,"20/03/2026, 17:00:00",true,true,PM (14 BPM),Ação policial,,,false
76536,"Vargem Pequena, Rio de Janeiro - RJ, Brasil",Sudeste,Rio de Janeiro,Rio de Janeiro,VARGEM PEQUENA,,,-22.9826458,-43.4630981,"21/03/2026, 05:41:00",true,true,PM (31 BPM),Ação policial,,,false
76542,"Rua Aricuri - Campo Grande, Rio de Janeiro - RJ, Brasil",Sudeste,Rio de Janeiro,Rio de Janeiro,CAMPO GRANDE,,,-22.8920649,-43.568372,"21/03/2026, 22:00:00",true,true,PM (40 BPM),Ação policial,,Perseguição,false
76539,"Morro do Chaves, Complexo da Pedreira, Barros Filho, Rio de Janeiro - RJ, 21515-000, Brasil",Sudeste,Rio de Janeiro,Rio de Janeiro,BARROS FILHO,,MORRO DO CHAVES (COMPLEXO DA PEDREIRA),-22.83352157	,-43.36290336,"22/03/2026, 00:00:00",true,true,PM (41 BPM),Ação policial,,,false
76579,"Rua Agrário Menezes - Vicente de Carvalho, Rio de Janeiro - RJ, Brasil",Sudeste,Rio de Janeiro,Rio de Janeiro,VICENTE DE CARVALHO,,,-22.8581182,-43.3223694,"23/03/2026, 16:00:00",false,false,,Homicidio/Tentativa,,,false
76564,"Chelsea - R. Corrêa de Oliveira, Morro dos Macacos - Vila Isabel, Rio de Janeiro - RJ, 20551-200, Brasil",Sudeste,Rio de Janeiro,Rio de Janeiro,VILA ISABEL,,MORRO DOS MACACOS,-22.911410863730566," -43.246881287790494","23/03/2026, 17:30:00",false,false,,Não identificado,,,false
76584,"Est. do Cabuçu - Campo Grande, Rio de Janeiro - RJ, 23017-250, Brasil",Sudeste,Rio de Janeiro,Rio de Janeiro,CAMPO GRANDE,,,-22.913173753498928,-43.54384102049543,"24/03/2026, 14:00:00",false,true,NI,Homicidio/Tentativa,,,false
76584,"Est. do Cabuçu - Campo Grande, Rio de Janeiro - RJ, 23017-250, Brasil",Sudeste,Rio de Janeiro,Rio de Janeiro,CAMPO GRANDE,,,-22.913173753498928,-43.54384102049543,"24/03/2026, 14:00:00",false,true,NI,Homicidio/Tentativa,,,false
76587,"Morro do Juramento (Complexo do Juramento) - Vicente de Carvalho, Rio de Janeiro - RJ, 21371-430, Brasil",Sudeste,Rio de Janeiro,Rio de Janeiro,VICENTE DE CARVALHO,,MORRO DO JURAMENTO (COMPLEXO DO JURAMENTO),-22.860558330276074,	-43.31652059476989,"24/03/2026, 22:30:00",true,true,PM (41 BPM),Ação policial,,,false
76598,"Rua Pedro Gomes - Realengo, Rio de Janeiro - RJ, Brasil",Sudeste,Rio de Janeiro,Rio de Janeiro,REALENGO,,,-22.8841825,-43.4351929,"25/03/2026, 18:00:00",true,true,PM (14 BPM),Tentativa/Roubo,,,false
76605,"Rua das Margaridas - Vila Valqueire, Rio de Janeiro - RJ, Brasil",Sudeste,Rio de Janeiro,Rio de Janeiro,VILA VALQUEIRE,,,-22.8819209,-43.3630089,"25/03/2026, 18:00:00",false,true,NI,Tentativa/Roubo,,,false
76600,"Favela Para Pedro - Colégio, Rio de Janeiro - RJ, 21235-290, Brasil",Sudeste,Rio de Janeiro,Rio de Janeiro,COLEGIO,,FAVELA PARADA DE LUCAS (COMPLEXO DE ISRAEL),-22.83883724,	-43.33365244,"25/03/2026, 23:00:00",false,false,,Disputa,,,true
76600,"Favela Para Pedro - Colégio, Rio de Janeiro - RJ, 21235-290, Brasil",Sudeste,Rio de Janeiro,Rio de Janeiro,COLEGIO,,FAVELA PARADA DE LUCAS (COMPLEXO DE ISRAEL),-22.83883724,	-43.33365244,"25/03/2026, 23:00:00",false,false,,Disputa,,,true
76600,"Favela Para Pedro - Colégio, Rio de Janeiro - RJ, 21235-290, Brasil",Sudeste,Rio de Janeiro,Rio de Janeiro,COLEGIO,,FAVELA PARADA DE LUCAS (COMPLEXO DE ISRAEL),-22.83883724,	-43.33365244,"25/03/2026, 23:00:00",false,false,,Disputa,,,true
76621,"Favela da Babilônia - R. do Rosário - Leme, Rio de Janeiro - RJ, Brasil",Sudeste,Rio de Janeiro,Rio de Janeiro,LEME,,BABILONIA,-22.9609938,-43.171429,"27/03/2026, 07:00:00",true,true,PM (UPP BABILONIA),Ação policial,,,false
76631,"Praça Jauru - Taquara, Rio de Janeiro - RJ, Brasil",Sudeste,Rio de Janeiro,Rio de Janeiro,TAQUARA,,,-22.916395,-43.3780622,"27/03/2026, 18:10:00",false,false,,Disputa,,,false
76631,"Praça Jauru - Taquara, Rio de Janeiro - RJ, Brasil",Sudeste,Rio de Janeiro,Rio de Janeiro,TAQUARA,,,-22.916395,-43.3780622,"27/03/2026, 18:10:00",false,false,,Disputa,,,false
76631,"Praça Jauru - Taquara, Rio de Janeiro - RJ, Brasil",Sudeste,Rio de Janeiro,Rio de Janeiro,TAQUARA,,,-22.916395,-43.3780622,"27/03/2026, 18:10:00",false,false,,Disputa,,,false
76640,"Av. Marechal Fontenele - Jardim Sulacap, Rio de Janeiro - RJ, Brasil",Sudeste,Rio de Janeiro,Rio de Janeiro,JARDIM SULACAP,,,-22.8856892,-43.39898,"29/03/2026, 12:06:00",true,true,PM (14 BPM),Ação policial,,,false
76650,"Morro do Juramento (Complexo do Juramento) Rua Iere - Vicente de Carvalho, Rio de Janeiro - RJ, Brasil",Sudeste,Rio de Janeiro,Rio de Janeiro,VICENTE DE CARVALHO,,MORRO DO JURAMENTO (COMPLEXO DO JURAMENTO),-22.8563513,-43.3118852,"29/03/2026, 14:00:00",false,false,,Homicidio/Tentativa,,Ataques armados sobre rodas,false
76650,"Morro do Juramento (Complexo do Juramento) Rua Iere - Vicente de Carvalho, Rio de Janeiro - RJ, Brasil",Sudeste,Rio de Janeiro,Rio de Janeiro,VICENTE DE CARVALHO,,MORRO DO JURAMENTO (COMPLEXO DO JURAMENTO),-22.8563513,-43.3118852,"29/03/2026, 14:00:00",false,false,,Homicidio/Tentativa,,Ataques armados sobre rodas,false
76650,"Morro do Juramento (Complexo do Juramento) Rua Iere - Vicente de Carvalho, Rio de Janeiro - RJ, Brasil",Sudeste,Rio de Janeiro,Rio de Janeiro,VICENTE DE CARVALHO,,MORRO DO JURAMENTO (COMPLEXO DO JURAMENTO),-22.8563513,-43.3118852,"29/03/2026, 14:00:00",false,false,,Homicidio/Tentativa,,Ataques armados sobre rodas,false
76650,"Morro do Juramento (Complexo do Juramento) Rua Iere - Vicente de Carvalho, Rio de Janeiro - RJ, Brasil",Sudeste,Rio de Janeiro,Rio de Janeiro,VICENTE DE CARVALHO,,MORRO DO JURAMENTO (COMPLEXO DO JURAMENTO),-22.8563513,-43.3118852,"29/03/2026, 14:00:00",false,false,,Homicidio/Tentativa,,Ataques armados sobre rodas,false
76642,"Av. Eng. Souza Filho, Rio das Pedras - Itanhangá, Rio de Janeiro - RJ, 22753-039, Brasil",Sudeste,Rio de Janeiro,Rio de Janeiro,ITANHANGA,,RIO DAS PEDRAS,-22.978431979227874,-43.33370805899962,"29/03/2026, 16:00:00",false,false,,Não identificado,,,false
76644,"Rua Meira - Piedade, Rio de Janeiro - RJ, Brasil",Sudeste,Rio de Janeiro,Rio de Janeiro,PIEDADE,,,-22.8974172,-43.3147428,"29/03/2026, 17:30:00",true,true,PM (3 BPM),Ação policial,,,false
76645,"Av. Ten-Cel. Muniz de Aragão - Gardênia Azul, Rio de Janeiro - RJ, Brasil",Sudeste,Rio de Janeiro,Rio de Janeiro,GARDENIA AZUL,,,-22.9561251,-43.3528859,"29/03/2026, 20:00:00",true,true,PM (18 BPM),Ação policial,,,false
76645,"Av. Ten-Cel. Muniz de Aragão - Gardênia Azul, Rio de Janeiro - RJ, Brasil",Sudeste,Rio de Janeiro,Rio de Janeiro,GARDENIA AZUL,,,-22.9561251,-43.3528859,"29/03/2026, 20:00:00",true,true,PM (18 BPM),Ação policial,,,false
76645,"Av. Ten-Cel. Muniz de Aragão - Gardênia Azul, Rio de Janeiro - RJ, Brasil",Sudeste,Rio de Janeiro,Rio de Janeiro,GARDENIA AZUL,,,-22.9561251,-43.3528859,"29/03/2026, 20:00:00",true,true,PM (18 BPM),Ação policial,,,false
76645,"Av. Ten-Cel. Muniz de Aragão - Gardênia Azul, Rio de Janeiro - RJ, Brasil",Sudeste,Rio de Janeiro,Rio de Janeiro,GARDENIA AZUL,,,-22.9561251,-43.3528859,"29/03/2026, 20:00:00",true,true,PM (18 BPM),Ação policial,,,false
76645,"Av. Ten-Cel. Muniz de Aragão - Gardênia Azul, Rio de Janeiro - RJ, Brasil",Sudeste,Rio de Janeiro,Rio de Janeiro,GARDENIA AZUL,,,-22.9561251,-43.3528859,"29/03/2026, 20:00:00",true,true,PM (18 BPM),Ação policial,,,false
76658,"Turiaçú, Rio de Janeiro - RJ, Brasil",Sudeste,Rio de Janeiro,Rio de Janeiro,TURIACU,,,-22.8613813,-43.3438018,"30/03/2026, 05:00:00",false,false,,Outro,,,false
76660,"Estrada Rio do A - Campo Grande, Rio de Janeiro - RJ, Brasil",Sudeste,Rio de Janeiro,Rio de Janeiro,CAMPO GRANDE,,,-22.897407,-43.564858,"30/03/2026, 21:30:00",true,true,PM (40 BPM),Disputa,,Perseguição,true
76660,"Estrada Rio do A - Campo Grande, Rio de Janeiro - RJ, Brasil",Sudeste,Rio de Janeiro,Rio de Janeiro,CAMPO GRANDE,,,-22.897407,-43.564858,"30/03/2026, 21:30:00",true,true,PM (40 BPM),Disputa,,Perseguição,true
76660,"Estrada Rio do A - Campo Grande, Rio de Janeiro - RJ, Brasil",Sudeste,Rio de Janeiro,Rio de Janeiro,CAMPO GRANDE,,,-22.897407,-43.564858,"30/03/2026, 21:30:00",true,true,PM (40 BPM),Disputa,,Perseguição,true
76660,"Estrada Rio do A - Campo Grande, Rio de Janeiro - RJ, Brasil",Sudeste,Rio de Janeiro,Rio de Janeiro,CAMPO GRANDE,,,-22.897407,-43.564858,"30/03/2026, 21:30:00",true,true,PM (40 BPM),Disputa,,Perseguição,true
76661,"Morro do Barbante (Vila Joaniza) - Rua Estela Maris - Galeão, Rio de Janeiro - RJ, Brasil",Sudeste,Rio de Janeiro,Rio de Janeiro,GALEAO,,MORRO DO BARBANTE (OU VILA JOANIZA),-22.8169054,-43.2297893,"31/03/2026, 07:00:00",true,true,PM (17 BPM),Ação policial,,,false
76668,"Ladeira Ary Barroso, Babilônia- Leme, Rio de Janeiro - RJ, 22010-060, Brasil",Sudeste,Rio de Janeiro,Rio de Janeiro,LEME,,BABILONIA,-22.96024914907349,-43.170878266934196,"31/03/2026, 18:00:00",true,true,PM (UPP BABILONIA),Ação policial,,,false
76670,"Asa Branca - Barra Olímpica, Rio de Janeiro - RJ, 22775-114, Brasil",Sudeste,Rio de Janeiro,Rio de Janeiro,BARRA OLIMPICA,,COMUNIDADE ASA BRANCA,-22.9630102,-43.3937029,"01/04/2026, 02:00:00",true,true,PM (18 BPM),Ação policial,,,false
76670,"Asa Branca - Barra Olímpica, Rio de Janeiro - RJ, 22775-114, Brasil",Sudeste,Rio de Janeiro,Rio de Janeiro,BARRA OLIMPICA,,COMUNIDADE ASA BRANCA,-22.9630102,-43.3937029,"01/04/2026, 02:00:00",true,true,PM (18 BPM),Ação policial,,,false
76670,"Asa Branca - Barra Olímpica, Rio de Janeiro - RJ, 22775-114, Brasil",Sudeste,Rio de Janeiro,Rio de Janeiro,BARRA OLIMPICA,,COMUNIDADE ASA BRANCA,-22.9630102,-43.3937029,"01/04/2026, 02:00:00",true,true,PM (18 BPM),Ação policial,,,false
76676,"Complexo do Lins, Lins de Vasconcelos, Rio de Janeiro - RJ, Brasil",Sudeste,Rio de Janeiro,Rio de Janeiro,LINS DE VASCONCELOS,,COMPLEXO DO LINS,-22.9128722,-43.2845323,"01/04/2026, 08:00:00",true,true,PM (UPP LINS),Ação policial,,,false
76679,"Parque Esperança (Complexo do Chapadão) - Anchieta, Rio de Janeiro - RJ, 21645-470, Brasil",Sudeste,Rio de Janeiro,Rio de Janeiro,ANCHIETA,,PARQUE ESPERANCA (COMPLEXO DO CHAPADAO),-22.82534697	,-43.39553606,"01/04/2026, 12:00:00",true,true,PM (41 BPM),Ação policial,,,false
76681,"Hangar 23 - Caminho Foz do Jordão - Campo Grande, Rio de Janeiro - RJ, Brasil",Sudeste,Rio de Janeiro,Rio de Janeiro,CAMPO GRANDE,,,-22.8884482,-43.5618249,"01/04/2026, 12:00:00",false,true,,Tentativa/Roubo,,,false
76680,"Avenida Dom Hélder Câmara - Piedade, Rio de Janeiro - RJ, Brasil",Sudeste,Rio de Janeiro,Rio de Janeiro,PIEDADE,,,-22.8865399,-43.3066641,"01/04/2026, 13:00:00",true,true,PM (3 BPM),Tentativa/Roubo,,,false
76680,"Avenida Dom Hélder Câmara - Piedade, Rio de Janeiro - RJ, Brasil",Sudeste,Rio de Janeiro,Rio de Janeiro,PIEDADE,,,-22.8865399,-43.3066641,"01/04/2026, 13:00:00",true,true,PM (3 BPM),Tentativa/Roubo,,,false
76682,"Rua das Palmeiras - Botafogo, Rio de Janeiro - RJ, 22270-070, Brasil",Sudeste,Rio de Janeiro,Rio de Janeiro,BOTAFOGO,,,-22.951396273291994,-43.19160340740966,"01/04/2026, 15:50:00",false,false,,Não identificado,,,false
76691,"Morro do Chaves (Complexo da Pedreira) - Barros Filho, Rio de Janeiro - RJ, 21515-000, Brasil",Sudeste,Rio de Janeiro,Rio de Janeiro,BARROS FILHO,,MORRO DO CHAVES (COMPLEXO DA PEDREIRA),-22.83352157	,-43.36290336,"02/04/2026, 03:00:00",true,true,PM (41 BPM),Ação policial,,,false
76705,"Estrada das Capoeiras - Campo Grande, Rio de Janeiro - RJ, Brasil",Sudeste,Rio de Janeiro,Rio de Janeiro,CAMPO GRANDE,,,-22.892468,-43.5591855,"02/04/2026, 12:40:00",false,true,,Tentativa/Roubo,,,false
76704,"Favela Parque Dois Irmãos - Curicica, Rio de Janeiro - RJ, 22780-190, Brasil",Sudeste,Rio de Janeiro,Rio de Janeiro,CURICICA,,FAVELA PARQUE DOIS IRMAOS (CURICICA),-22.95105015	,-43.39378358,"02/04/2026, 15:00:00",false,true,,Homicidio/Tentativa,,Entrada na Favela por Engano,false
76717,"Vicente de Carvalho, Rio de Janeiro - RJ, Brasil",Sudeste,Rio de Janeiro,Rio de Janeiro,VICENTE DE CARVALHO,,,-22.8557822,-43.3157393,"02/04/2026, 19:32:00",false,false,,Não identificado,,,false
76700,"Taquara, Rio de Janeiro - RJ, Brasil",Sudeste,Rio de Janeiro,Rio de Janeiro,TAQUARA,,,-22.9229954,-43.3742313,"03/04/2026, 06:00:00",false,false,,Não identificado,,,false
76719,"Favela Vila Sapê - Curicica, Rio de Janeiro - RJ, 22775-400, Brasil",Sudeste,Rio de Janeiro,Rio de Janeiro,CURICICA,,FAVELA VILA SAPE,-22.95051047	,-43.37547407,"03/04/2026, 21:30:00",true,true,PM (18 BPM),Disputa,,,false
76716,"Brás de Pina, Rio de Janeiro - RJ, Brasil",Sudeste,Rio de Janeiro,Rio de Janeiro,BRAS DE PINA,,,-22.8344389,-43.3027813,"04/04/2026, 09:00:00",true,true,PM (16 BPM),Tentativa/Roubo de cargas,,,false
76718,"Vila Kennedy, Rio de Janeiro - RJ, Brasil",Sudeste,Rio de Janeiro,Rio de Janeiro,VILA KENNEDY,,VILA KENNEDY,-22.8572405,-43.4892386,"04/04/2026, 12:00:00",false,false,,Disputa,,,false
76721,"Av. Pastor Martin Luther King Jr. - Vicente de Carvalho, Rio de Janeiro - RJ, Brasil",Sudeste,Rio de Janeiro,Rio de Janeiro,VICENTE DE CARVALHO,,,-22.8556618,-43.3113409,"05/04/2026, 03:00:00",true,true,PM (41 BPM),Ação policial,,,false
76724,"Vila Kennedy, Rio de Janeiro - RJ, Brasil",Sudeste,Rio de Janeiro,Rio de Janeiro,VILA KENNEDY,,VILA KENNEDY,-22.8572405,-43.4892386,"05/04/2026, 22:50:00",false,false,,Disputa,,,false
76742,"Linha Amarela - Jacarepaguá, Rio de Janeiro - RJ, 22745-055, Brasil",Sudeste,Rio de Janeiro,Rio de Janeiro,JACAREPAGUA,,,-22.92699145058695,-43.341518865397006,"05/04/2026, 23:00:00",false,false,,Homicidio/Tentativa,,,false
76748,"Conjunto Habitacional Haroldo de Andrade (B13) - Estrada Almirante Santiago Dantas - Barros Filho, Rio de Janeiro - RJ, Brasil",Sudeste,Rio de Janeiro,Rio de Janeiro,BARROS FILHO,,CONJUNTO HABITACIONAL HAROLDO DE ANDRADE (B13),-22.8335586,-43.3678615,"06/04/2026, 17:00:00",true,true,PM (41 BPM),Ação policial,,,false
76748,"Conjunto Habitacional Haroldo de Andrade (B13) - Estrada Almirante Santiago Dantas - Barros Filho, Rio de Janeiro - RJ, Brasil",Sudeste,Rio de Janeiro,Rio de Janeiro,BARROS FILHO,,CONJUNTO HABITACIONAL HAROLDO DE ANDRADE (B13),-22.8335586,-43.3678615,"06/04/2026, 17:00:00",true,true,PM (41 BPM),Ação policial,,,false
76743,"Parque União (Complexo da Maré) - Maré, Rio de Janeiro - RJ, 21044-030, Brasil",Sudeste,Rio de Janeiro,Rio de Janeiro,MARE,,PARQUE UNIAO (COMPLEXO DA MARE),-22.85115502	,-43.24390164,"07/04/2026, 02:30:00",true,true,"PM (BPCHQ, BOPE, BAC, BTM, GAM, 22 BPM)",Operação policial,,,false
76747,"Favela Bandeira 2 - Del Castilho, Rio de Janeiro - RJ, 20785-330, Brasil",Sudeste,Rio de Janeiro,Rio de Janeiro,DEL CASTILHO,,FAVELA BANDEIRA 2,-22.88224012	,-43.26958745,"07/04/2026, 06:11:00",true,true,PM (3 BPM),Operação policial,,,false
76752,"Nova Holanda (Complexo da Maré) - Maré, Rio de Janeiro - RJ, 21042-680, Brasil",Sudeste,Rio de Janeiro,Rio de Janeiro,MARE,,NOVA HOLANDA (COMPLEXO DA MARE),-22.855000,-43.243889,"07/04/2026, 14:23:00",true,true,"PM (22 BPM, BAC, BOPE, BPCHQ, BTM, GAM, BVPE, RECOM)",Operação policial,,,false
76753,"Nova Holanda (Complexo da Maré) - Maré, Rio de Janeiro - RJ, 21042-680, Brasil",Sudeste,Rio de Janeiro,Rio de Janeiro,MARE,,NOVA HOLANDA (COMPLEXO DA MARE),-22.855000,	-43.243889,"07/04/2026, 15:30:00",true,true,"PM (22 BPM, BAC, BOPE, BPCHQ, BTM, GAM, BVPE, RECOM)",Operação policial,,,false
76756,"Morro do Pereirão - Laranjeiras, Rio de Janeiro - RJ, 22221-140, Brasil",Sudeste,Rio de Janeiro,Rio de Janeiro,LARANJEIRAS,,MORRO DO PEREIRAO," -22.930603",-43.192482,"07/04/2026, 20:20:00",false,false,,Não identificado,,,false
76757,"Rua Antônio Basílio - Tijuca, Rio de Janeiro - RJ, Brasil",Sudeste,Rio de Janeiro,Rio de Janeiro,TIJUCA,,,-22.9266395,-43.2375542,"07/04/2026, 20:40:00",false,false,,Não identificado,,,false
76763,"Rua Barão do Triunfo - Realengo, Rio de Janeiro - RJ, Brasil",Sudeste,Rio de Janeiro,Rio de Janeiro,REALENGO,,MORRO DO VINTEM,-22.871494,-43.4359934,"08/04/2026, 00:00:00",true,true,PM (14 BPM),Ação policial,,,false
76763,"Rua Barão do Triunfo - Realengo, Rio de Janeiro - RJ, Brasil",Sudeste,Rio de Janeiro,Rio de Janeiro,REALENGO,,MORRO DO VINTEM,-22.871494,-43.4359934,"08/04/2026, 00:00:00",true,true,PM (14 BPM),Ação policial,,,false
76763,"Rua Barão do Triunfo - Realengo, Rio de Janeiro - RJ, Brasil",Sudeste,Rio de Janeiro,Rio de Janeiro,REALENGO,,MORRO DO VINTEM,-22.871494,-43.4359934,"08/04/2026, 00:00:00",true,true,PM (14 BPM),Ação policial,,,false
76763,"Rua Barão do Triunfo - Realengo, Rio de Janeiro - RJ, Brasil",Sudeste,Rio de Janeiro,Rio de Janeiro,REALENGO,,MORRO DO VINTEM,-22.871494,-43.4359934,"08/04/2026, 00:00:00",true,true,PM (14 BPM),Ação policial,,,false
76764,"Morro da Pedreira- Pavuna, Rio de Janeiro - RJ, 21532-200, Brasil",Sudeste,Rio de Janeiro,Rio de Janeiro,PAVUNA,,MORRO DA PEDREIRA (COMPLEXO DA PEDREIRA),-22.82312466,-43.35986703,"08/04/2026, 04:10:00",true,true,PM (41 BPM),Ação policial,,,false
76774,"Rua Carmela Dutra - Tijuca, Rio de Janeiro - RJ, Brasil",Sudeste,Rio de Janeiro,Rio de Janeiro,TIJUCA,,,-22.9230741,-43.2265981,"08/04/2026, 14:00:00",false,true," ",Tentativa/Roubo,,,false
76811,"Favela do Antares - Santa Cruz, Rio de Janeiro - RJ, 23510-360, Brasil",Sudeste,Rio de Janeiro,Rio de Janeiro,SANTA CRUZ,,FAVELA DE ANTARES,-22.9212928	,-43.66281821,"09/04/2026, 00:00:00",false,false,,Disputa,,,false
76792,"Morro Azul - Flamengo, Rio de Janeiro - RJ, 22230-075, Brasil",Sudeste,Rio de Janeiro,Rio de Janeiro,FLAMENGO,,MORRO AZUL,-22.93817135,	-43.18000024,"10/04/2026, 10:00:00",true,true,PM (2 BPM),Ação policial,,,false
76791,"Linha Amarela - Abolição, Rio de Janeiro - RJ, Brasil",Sudeste,Rio de Janeiro,Rio de Janeiro,ABOLICAO,,,-22.8900684,-43.2962468,"10/04/2026, 13:30:00",true,true,PC,Ação policial,,,false
76793,"Favela Vila Sapê - Curicica, Rio de Janeiro - RJ, 22775-400, Brasil",Sudeste,Rio de Janeiro,Rio de Janeiro,CURICICA,,FAVELA VILA SAPE,-22.95051047	,-43.37547407,"10/04/2026, 14:00:00",true,true,PM (18 BPM),Ação policial,,,false
76798,"Estr. Mapuá - Taquara, Rio de Janeiro - RJ, 22713-321, Brasil",Sudeste,Rio de Janeiro,Rio de Janeiro,TAQUARA,,,-22.931329730488642,-43.38465916368484,"11/04/2026, 13:30:00",false,false,,Homicidio/Tentativa,,,false
76817,"Avenida Olegário Maciel - Barra da Tijuca, Rio de Janeiro - RJ, Brasil",Sudeste,Rio de Janeiro,Rio de Janeiro,BARRA DA TIJUCA,,,-23.0118117,-43.3050444,"11/04/2026, 23:00:00",false,false,,Briga,,Bar,false
76831,"Jardim América, Rio de Janeiro - RJ, Brasil",Sudeste,Rio de Janeiro,Rio de Janeiro,JARDIM AMERICA,,,-22.8114452,-43.3208041,"12/04/2026, 23:00:00",false,false,,Não identificado,,,false
76816,"Favela Parada de Lucas (Complexo de Israel), Rio de Janeiro - RJ, 21250-620, Brasil",Sudeste,Rio de Janeiro,Rio de Janeiro,PARADA DE LUCAS,,FAVELA PARADA DE LUCAS (COMPLEXO DE ISRAEL),-22.816615765235113,-43.3008663788208,"13/04/2026, 01:30:00",false,false,,Não identificado,,,false
76833,"Rua Blumenau - Cascadura, Rio de Janeiro - RJ, Brasil",Sudeste,Rio de Janeiro,Rio de Janeiro,CASCADURA,,MORRO DO FUBA (COMPLEXO DO FUBA),-22.89185,-43.333757,"13/04/2026, 16:00:00",true,true,PM (9 BPM),Ação policial,,,false
76832,"Rua Padre Artola, Vidigal, Rio de Janeiro - Rio de Janeiro, Brasil",Sudeste,Rio de Janeiro,Rio de Janeiro,VIDIGAL,,VIDIGAL,-22.998851594142913,-43.2421875,"13/04/2026, 17:16:00",false,false,,Não identificado,,,false
76837,"Morro do 18 (Complexo do 18) - Piedade, Rio de Janeiro - RJ, 20740-600, Brasil",Sudeste,Rio de Janeiro,Rio de Janeiro,PIEDADE,,MORRO DO 18 (COMPLEXO DO 18),-22.905011856611303,	-43.31769304011568,"14/04/2026, 03:00:00",true,true,"PM (1 CPA, 3 BPM)",Operação policial,,,false
76835,"Avenida Salvador Allende - Barra da Tijuca, Rio de Janeiro - RJ, Brasil",Sudeste,Rio de Janeiro,Rio de Janeiro,BARRA DA TIJUCA,,,-22.966652885139858,-43.39648098516449,"14/04/2026, 04:30:00",false,true,,Tentativa/Roubo,,,false
76841,"Vila do Pinheiro (Complexo da Maré) - Maré, Rio de Janeiro - RJ, 21046-185, Brasil",Sudeste,Rio de Janeiro,Rio de Janeiro,MARE,,VILA DO PINHEIRO (COMPLEXO DA MARE),-22.86742212	,-43.23812972,"14/04/2026, 08:50:00",false,false,,Não identificado,,,false
76849,"Praça João Vitta - Campo Grande, Rio de Janeiro - RJ, 23088-290, Brasil",Sudeste,Rio de Janeiro,Rio de Janeiro,CAMPO GRANDE,BAIRRO ADRIANA,,"-22.88612831137319 ",-43.54681787024241,"14/04/2026, 16:30:00",false,false,,Não identificado,,,false
76855,"Morro do Dezoito - Rua Borja Reis - Piedade, Rio de Janeiro - RJ, Brasil",Sudeste,Rio de Janeiro,Rio de Janeiro,PIEDADE,,MORRO DO 18 (COMPLEXO DO 18),-22.9046865,-43.3027258,"15/04/2026, 02:30:00",true,true,PM (3 BPM),Operação policial,,,false
76858,"Rua Nove, Vila do João, Complexo da Maré, Rio de Janeiro - RJ, 20940-070, Brasil",Sudeste,Rio de Janeiro,Rio de Janeiro,MARE,,VILA DO JOAO (COMPLEXO DA MARE),-22.873714308918732,-43.24372995808869,"15/04/2026, 10:10:00",true,true,PM (22 BPM),Ação policial,,,false
76862,"Morro da Quitanda - Costa Barros, Rio de Janeiro - RJ, 21532-050, Brasil",Sudeste,Rio de Janeiro,Rio de Janeiro,COSTA BARROS,,MORRO DA QUITANDA (COMPLEXO DA PEDREIRA),-22.81949929	,-43.36693375,"15/04/2026, 12:30:00",true,true,PM (41 BPM),Ação policial,,,false
76864,"Morro dos Macacos - Vila Isabel, Rio de Janeiro - RJ, 20551-232, Brasil",Sudeste,Rio de Janeiro,Rio de Janeiro,VILA ISABEL,,MORRO DOS MACACOS,-22.911221063747774,-43.256597742358394,"15/04/2026, 17:40:00",false,false,,Não identificado,,,false
76875,"Guaratiba, Rio de Janeiro - RJ, Brasil",Sudeste,Rio de Janeiro,Rio de Janeiro,GUARATIBA,,,-22.9611952,-43.6120746,"15/04/2026, 18:00:00",false,true,NA,Homicidio/Tentativa,,,false
76870,"Morro da Lagartixa - Costa Barros, Rio de Janeiro - RJ, 21515-640, Brasil",Sudeste,Rio de Janeiro,Rio de Janeiro,COSTA BARROS,,MORRO DA LAGARTIXA (COMPLEXO DA PEDREIRA),-22.8241667,-43.3644444,"15/04/2026, 19:00:00",false,false,,Não identificado,,,false
76881,"Av. Lobo Júnior - Penha Circular, Rio de Janeiro - RJ, 21020-123, Brasil",Sudeste,Rio de Janeiro,Rio de Janeiro,PENHA CIRCULAR,,,-22.83528776662573,-43.28237893812865,"15/04/2026, 19:30:00",false,true,,Tentativa/Roubo,,,false
76866,"Rua do Trabalho - Vila da Penha, Rio de Janeiro - RJ, Brasil",Sudeste,Rio de Janeiro,Rio de Janeiro,VILA DA PENHA,,,-22.8388437,-43.3063185,"16/04/2026, 01:00:00",true,true,PM (41 BPM),Ação policial,,,false
76866,"Rua do Trabalho - Vila da Penha, Rio de Janeiro - RJ, Brasil",Sudeste,Rio de Janeiro,Rio de Janeiro,VILA DA PENHA,,,-22.8388437,-43.3063185,"16/04/2026, 01:00:00",true,true,PM (41 BPM),Ação policial,,,false
76866,"Rua do Trabalho - Vila da Penha, Rio de Janeiro - RJ, Brasil",Sudeste,Rio de Janeiro,Rio de Janeiro,VILA DA PENHA,,,-22.8388437,-43.3063185,"16/04/2026, 01:00:00",true,true,PM (41 BPM),Ação policial,,,false
76866,"Rua do Trabalho - Vila da Penha, Rio de Janeiro - RJ, Brasil",Sudeste,Rio de Janeiro,Rio de Janeiro,VILA DA PENHA,,,-22.8388437,-43.3063185,"16/04/2026, 01:00:00",true,true,PM (41 BPM),Ação policial,,,false
76871,"R. Tirol, 78 - Freguesia (Jacarepaguá), Rio de Janeiro - RJ, 22750-009, Brasil",Sudeste,Rio de Janeiro,Rio de Janeiro,FREGUESIA (JACAREPAGUA),,,-22.94147689436356,-43.34070524540367,"16/04/2026, 02:00:00",false,true,NA,Tentativa/Roubo,,,false
76876,"Favela Lemos de Brito - Quintino Bocaiúva, Rio de Janeiro - RJ, 21311-380, Brasil",Sudeste,Rio de Janeiro,Rio de Janeiro,QUINTINO BOCAIUVA,,FAVELA LEMOS DE BRITO (COMPLEXO DO 18),-22.899148734871055 	,-43.32884463056011,"16/04/2026, 07:00:00",true,true,PM (9 BPM),Ação policial,,,false
76882,"Favela Terra Nostra (Complexo da Pedreira) - Barros Filho, Rio de Janeiro - RJ, 21650-100, Brasil",Sudeste,Rio de Janeiro,Rio de Janeiro,BARROS FILHO,,FAVELA DA TERRA NOSTRA (COMPLEXO DA PEDREIRA),-22.830962755327786,	-43.36949804841683,"16/04/2026, 15:00:00",true,true,PM (41 BPM),Ação policial,,,false
76882,"Favela Terra Nostra (Complexo da Pedreira) - Barros Filho, Rio de Janeiro - RJ, 21650-100, Brasil",Sudeste,Rio de Janeiro,Rio de Janeiro,BARROS FILHO,,FAVELA DA TERRA NOSTRA (COMPLEXO DA PEDREIRA),-22.830962755327786,	-43.36949804841683,"16/04/2026, 15:00:00",true,true,PM (41 BPM),Ação policial,,,false
76882,"Favela Terra Nostra (Complexo da Pedreira) - Barros Filho, Rio de Janeiro - RJ, 21650-100, Brasil",Sudeste,Rio de Janeiro,Rio de Janeiro,BARROS FILHO,,FAVELA DA TERRA NOSTRA (COMPLEXO DA PEDREIRA),-22.830962755327786,	-43.36949804841683,"16/04/2026, 15:00:00",true,true,PM (41 BPM),Ação policial,,,false
76885,"Morro do Fubá (Complexo do Fubá) - Cascadura, Rio de Janeiro - RJ, 21311-130, Brasil",Sudeste,Rio de Janeiro,Rio de Janeiro,CASCADURA,,MORRO DO FUBA (COMPLEXO DO FUBA),-22.892324971301786	,-43.33377861518315,"16/04/2026, 21:01:00",false,false,,Não identificado,,,false
76883,"Morro do Borel - Andaraí, Rio de Janeiro - RJ, 20531, Brasil",Sudeste,Rio de Janeiro,Rio de Janeiro,ANDARAI,,MORRO DO BOREL,-22.93805664706593,-43.254079981970214,"16/04/2026, 21:43:00",false,false,,Não identificado,,,false
76884,"Morro São José Operário (Morro da Barão) - Praça Seca, Rio de Janeiro - RJ, 21321-004, Brasil",Sudeste,Rio de Janeiro,Rio de Janeiro,PRACA SECA,,MORRO SAO JOSE OPERARIO (OU MORRO DA BARAO),"-22.903281520463345 ",	-43.34382631901183,"17/04/2026, 03:25:00",true,true,PM (18 BPM),Ação policial,,,false
76894,"Morro do Dezoito - Piedade, Rio de Janeiro - RJ, 20740-600, Brasil",Sudeste,Rio de Janeiro,Rio de Janeiro,PIEDADE,,MORRO DO 18 (COMPLEXO DO 18),-22.905011856611303	,-43.31769304011568,"17/04/2026, 04:00:00",true,true,"PM (3 BPM, 1 CPA)",Operação policial,,,false
76913,"Morro do Fubá (Complexo do Fubá) - Cascadura, Rio de Janeiro - RJ, 21311-130, Brasil",Sudeste,Rio de Janeiro,Rio de Janeiro,CASCADURA,,MORRO DO FUBA (COMPLEXO DO FUBA),-22.892324971301786,	-43.33377861518315,"17/04/2026, 16:26:00",false,false,,Não identificado,,,false
76901,"Passarela 7 - Avenida Guilherme Maxwel - Maré, Rio de Janeiro - RJ, Brasil",Sudeste,Rio de Janeiro,Rio de Janeiro,MARE,,,-22.8639191,-43.2475155,"17/04/2026, 16:46:00",true,true,PM,Tentativa/Roubo,,,false
76901,"Passarela 7 - Avenida Guilherme Maxwel - Maré, Rio de Janeiro - RJ, Brasil",Sudeste,Rio de Janeiro,Rio de Janeiro,MARE,,,-22.8639191,-43.2475155,"17/04/2026, 16:46:00",true,true,PM,Tentativa/Roubo,,,false
76908,"Túnel André Rebouças, Cosme Velho, Rio de Janeiro - RJ, 20271-190, Brasil",Sudeste,Rio de Janeiro,Rio de Janeiro,COSME VELHO,,,-22.93897503886563,-43.20267264015111,"17/04/2026, 20:00:00",true,true,PM,Ação policial,,Perseguição,false
76905,"Avenida Dom Hélder Câmara, 7522 - Abolição, Rio de Janeiro - RJ, Brasil",Sudeste,Rio de Janeiro,Rio de Janeiro,ABOLICAO,,,-22.885244,-43.3001942,"18/04/2026, 03:00:00",false,false,,Homicidio/Tentativa,,,false
76916,"Rua Curuzu - São Cristóvão, Rio de Janeiro - RJ, Brasil",Sudeste,Rio de Janeiro,Rio de Janeiro,SAO CRISTOVAO,,,-22.8963869,-43.2302397,"19/04/2026, 02:00:00",true,true,PM (4 BPM),Ação policial,,,false
76918,"Estrada de Jacarepaguá - Freguesia (Jacarepaguá), Rio de Janeiro - RJ, Brasil",Sudeste,Rio de Janeiro,Rio de Janeiro,FREGUESIA (JACAREPAGUA),,,-22.943826,-43.3404507,"19/04/2026, 06:00:00",false,true,NA,Tentativa/Roubo,,,false
76918,"Estrada de Jacarepaguá - Freguesia (Jacarepaguá), Rio de Janeiro - RJ, Brasil",Sudeste,Rio de Janeiro,Rio de Janeiro,FREGUESIA (JACAREPAGUA),,,-22.943826,-43.3404507,"19/04/2026, 06:00:00",false,true,NA,Tentativa/Roubo,,,false
76921,"Vidigal, Rio de Janeiro - RJ, Brasil",Sudeste,Rio de Janeiro,Rio de Janeiro,VIDIGAL,,VIDIGAL,-22.99453,-43.23782509999999,"20/04/2026, 02:50:00",true,true,PC (CORE),Operação policial,,,false
76923,"Estrada dos Teixeiras - Jacarepaguá, Rio de Janeiro - RJ, Brasil",Sudeste,Rio de Janeiro,Rio de Janeiro,JACAREPAGUA,,TEIXEIRAS,-22.9105673,-43.4174995,"20/04/2026, 04:00:00",true,true,PM (18 BPM),Ação policial,,,false
76948,"Morro do Campinho (Complexo do Fubá) - Cascadura, Rio de Janeiro - RJ, 21320-300, Brasil",Sudeste,Rio de Janeiro,Rio de Janeiro,CASCADURA,,MORRO DO CAMPINHO (COMPLEXO DO FUBA),-22.8850951874697	,-43.337939003183074,"20/04/2026, 15:35:00",false,false,,Não identificado,,,false
76940,"Rua Missão Nova, Bairro Adriana - Campo Grande, Rio de Janeiro - RJ, Brasil",Sudeste,Rio de Janeiro,Rio de Janeiro,CAMPO GRANDE,BAIRRO ADRIANA,,-22.8860645,-43.550863,"20/04/2026, 16:11:00",false,false,,Não identificado,,,false
76945,"Transolímpica - Jardim Sulacap, Rio de Janeiro - RJ, Brasil",Sudeste,Rio de Janeiro,Rio de Janeiro,JARDIM SULACAP,,,-22.8921233,-43.4004843,"21/04/2026, 03:30:00",true,true,"PM (14 BPM, BPVE)",Tentativa/Roubo,,"Perseguição,Ataques armados sobre rodas",false
76945,"Transolímpica - Jardim Sulacap, Rio de Janeiro - RJ, Brasil",Sudeste,Rio de Janeiro,Rio de Janeiro,JARDIM SULACAP,,,-22.8921233,-43.4004843,"21/04/2026, 03:30:00",true,true,"PM (14 BPM, BPVE)",Tentativa/Roubo,,"Perseguição,Ataques armados sobre rodas",false
76945,"Transolímpica - Jardim Sulacap, Rio de Janeiro - RJ, Brasil",Sudeste,Rio de Janeiro,Rio de Janeiro,JARDIM SULACAP,,,-22.8921233,-43.4004843,"21/04/2026, 03:30:00",true,true,"PM (14 BPM, BPVE)",Tentativa/Roubo,,"Perseguição,Ataques armados sobre rodas",false
76949,"Morro São João - Engenho Novo, Rio de Janeiro - RJ, 20950-370, Brasil",Sudeste,Rio de Janeiro,Rio de Janeiro,ENGENHO NOVO,,MORRO SAO JOAO,-22.90860304	,-43.26500038,"21/04/2026, 08:30:00",false,false,,Não identificado,,,false
76952,"Rua Vassalo Caruso - Olaria, Rio de Janeiro - RJ, 21073-311, Brasil",Sudeste,Rio de Janeiro,Rio de Janeiro,OLARIA,,,-22.84907346565589,-43.2650412713028,"21/04/2026, 12:00:00",false,true,NA,Tentativa/Roubo,,,false
76952,"Rua Vassalo Caruso - Olaria, Rio de Janeiro - RJ, 21073-311, Brasil",Sudeste,Rio de Janeiro,Rio de Janeiro,OLARIA,,,-22.84907346565589,-43.2650412713028,"21/04/2026, 12:00:00",false,true,NA,Tentativa/Roubo,,,false
76960,"Avenida Brasil - Guadalupe, Rio de Janeiro - RJ, Brasil",Sudeste,Rio de Janeiro,Rio de Janeiro,GUADALUPE,,,-22.842479,-43.3728459,"21/04/2026, 22:30:00",false,false,,Tentativa/Roubo,,Ataques armados sobre rodas,false
76961,"Avenida Borges de Medeiros - Lagoa, Rio de Janeiro - RJ, Brasil",Sudeste,Rio de Janeiro,Rio de Janeiro,LAGOA,,,-22.9769619,-43.2179284,"21/04/2026, 23:00:00",false,false,,Tentativa/Roubo,,Ataques armados sobre rodas,false
76961,"Avenida Borges de Medeiros - Lagoa, Rio de Janeiro - RJ, Brasil",Sudeste,Rio de Janeiro,Rio de Janeiro,LAGOA,,,-22.9769619,-43.2179284,"21/04/2026, 23:00:00",false,false,,Tentativa/Roubo,,Ataques armados sobre rodas,false
76956,"Conjunto Tom Jobim (Complexo da Pedreira) - Rua Dr. José Thomas, Pavuna, Rio de Janeiro - RJ, 21520-020, Brasil",Sudeste,Rio de Janeiro,Rio de Janeiro,PAVUNA,,CONJUNTO TOM JOBIM (COMPLEXO DA PEDREIRA),-22.81701792427888,-43.36030197511596,"22/04/2026, 00:30:00",true,true,PM (41 BPM),Ação policial,,,false
76955,"Morro do Chaves (Complexo da Pedreira) - Barros Filho, Rio de Janeiro - RJ, 21515-000, Brasil",Sudeste,Rio de Janeiro,Rio de Janeiro,BARROS FILHO,,MORRO DO CHAVES (COMPLEXO DA PEDREIRA),-22.83352157,	-43.36290336,"22/04/2026, 02:57:00",true,true,PM (41 BPM),Ação policial,,,false
76974,"Gardênia Azul, Rio de Janeiro - RJ, 22765-455, Brasil",Sudeste,Rio de Janeiro,Rio de Janeiro,GARDENIA AZUL,,,-22.9583281,-43.3520671,"23/04/2026, 05:00:00",false,false,,Não identificado,,,false
76986,"Rua Felisbelo Freire - Ramos, Rio de Janeiro - RJ, Brasil",Sudeste,Rio de Janeiro,Rio de Janeiro,RAMOS,,,-22.8481371,-43.2596174,"23/04/2026, 07:00:00",false,true,,Tentativa/Roubo,,,false
76992,"Loteamento Parque Celeste, R. Tajuri, Vicente de Carvalho, Rio de Janeiro - RJ, 21371-100, Brasil",Sudeste,Rio de Janeiro,Rio de Janeiro,VICENTE DE CARVALHO,,LOTEAMENTO PARQUE CELESTE,-22.8550297,-43.3179797,"23/04/2026, 12:00:00",false,false,,Disputa,,,false
76992,"Loteamento Parque Celeste, R. Tajuri, Vicente de Carvalho, Rio de Janeiro - RJ, 21371-100, Brasil",Sudeste,Rio de Janeiro,Rio de Janeiro,VICENTE DE CARVALHO,,LOTEAMENTO PARQUE CELESTE,-22.8550297,-43.3179797,"23/04/2026, 12:00:00",false,false,,Disputa,,,false
76992,"Loteamento Parque Celeste, R. Tajuri, Vicente de Carvalho, Rio de Janeiro - RJ, 21371-100, Brasil",Sudeste,Rio de Janeiro,Rio de Janeiro,VICENTE DE CARVALHO,,LOTEAMENTO PARQUE CELESTE,-22.8550297,-43.3179797,"23/04/2026, 12:00:00",false,false,,Disputa,,,false
76990,"Favela Para Pedro, Colégio, Rio de Janeiro - RJ, 20765, Brasil",Sudeste,Rio de Janeiro,Rio de Janeiro,COLEGIO,,FAVELA PARA PEDRO,-22.8434448242,-43.3362350464,"23/04/2026, 13:00:00",false,false,,Disputa,,Ataques armados sobre rodas,false
76990,"Favela Para Pedro, Colégio, Rio de Janeiro - RJ, 20765, Brasil",Sudeste,Rio de Janeiro,Rio de Janeiro,COLEGIO,,FAVELA PARA PEDRO,-22.8434448242,-43.3362350464,"23/04/2026, 13:00:00",false,false,,Disputa,,Ataques armados sobre rodas,false
76990,"Favela Para Pedro, Colégio, Rio de Janeiro - RJ, 20765, Brasil",Sudeste,Rio de Janeiro,Rio de Janeiro,COLEGIO,,FAVELA PARA PEDRO,-22.8434448242,-43.3362350464,"23/04/2026, 13:00:00",false,false,,Disputa,,Ataques armados sobre rodas,false
76990,"Favela Para Pedro, Colégio, Rio de Janeiro - RJ, 20765, Brasil",Sudeste,Rio de Janeiro,Rio de Janeiro,COLEGIO,,FAVELA PARA PEDRO,-22.8434448242,-43.3362350464,"23/04/2026, 13:00:00",false,false,,Disputa,,Ataques armados sobre rodas,false
76990,"Favela Para Pedro, Colégio, Rio de Janeiro - RJ, 20765, Brasil",Sudeste,Rio de Janeiro,Rio de Janeiro,COLEGIO,,FAVELA PARA PEDRO,-22.8434448242,-43.3362350464,"23/04/2026, 13:00:00",false,false,,Disputa,,Ataques armados sobre rodas,false
77071,"Praia da Bica - Jardim Guanabara, Rio de Janeiro - RJ, Brasil",Sudeste,Rio de Janeiro,Rio de Janeiro,JARDIM GUANABARA,,,-22.8184219,-43.1972648,"23/04/2026, 21:04:00",false,true,,Homicidio/Tentativa,,,false
77005,"R. Camaquã, Quitungo-Guaporé - Brás de Pina, Rio de Janeiro - RJ, 21215-160, Brasil",Sudeste,Rio de Janeiro,Rio de Janeiro,BRAS DE PINA,,QUITUNGO-GUAPORE,-22.835998682016946,-43.30064814484405,"24/04/2026, 07:00:00",true,true,PC (38 DP),Tentativa/Roubo,,,false
76998,"Colônia Juliano Moreira - Jacarepaguá, Rio de Janeiro - RJ, 22713-550, Brasil",Sudeste,Rio de Janeiro,Rio de Janeiro,JACAREPAGUA,,COLONIA JULIANO MOREIRA,-22.934696168550737	,-43.39342490862055,"24/04/2026, 09:00:00",false,false,,Disputa,,,false
76998,"Colônia Juliano Moreira - Jacarepaguá, Rio de Janeiro - RJ, 22713-550, Brasil",Sudeste,Rio de Janeiro,Rio de Janeiro,JACAREPAGUA,,COLONIA JULIANO MOREIRA,-22.934696168550737	,-43.39342490862055,"24/04/2026, 09:00:00",false,false,,Disputa,,,false
77017,"Favela Vila Sape - Curicica, Rio de Janeiro - RJ, 22775-400, Brasil",Sudeste,Rio de Janeiro,Rio de Janeiro,CURICICA,,FAVELA VILA SAPE,-22.95051047,-43.37547407,"24/04/2026, 17:00:00",true,true,"PM (18 BPM, GAT)",Ação policial,,,false
77002,"Rua Delfos - Curicica, Rio de Janeiro - RJ, Brasil",Sudeste,Rio de Janeiro,Rio de Janeiro,CURICICA,,FAVELA VILA SAPE,-22.9525531,-43.3854443,"25/04/2026, 04:00:00",true,true,PM (18 BPM),Ação policial,,,false
77068,"Rua Tiúba - Vicente de Carvalho, Rio de Janeiro - RJ, Brasil",Sudeste,Rio de Janeiro,Rio de Janeiro,VICENTE DE CARVALHO,,,-22.8568914,-43.3201714,"25/04/2026, 17:00:00",false,true,,Homicidio/Tentativa,,,false
77006,"R. Minho - Tauá, Rio de Janeiro - RJ, 21921-290, Brasil",Sudeste,Rio de Janeiro,Rio de Janeiro,TAUA,,,-22.8008082,-43.1895956,"25/04/2026, 18:35:00",false,false,,Não identificado,,,false
77027,"Rua Gregório de Matos, Conjunto Vila Esperança - Jardim América, Rio de Janeiro - RJ, Brasil",Sudeste,Rio de Janeiro,Rio de Janeiro,JARDIM AMERICA,,CONJUNTO VILA ESPERANCA,-22.810364,-43.3181884,"25/04/2026, 23:57:00",false,false,,Disputa,,,false
77027,"Rua Gregório de Matos, Conjunto Vila Esperança - Jardim América, Rio de Janeiro - RJ, Brasil",Sudeste,Rio de Janeiro,Rio de Janeiro,JARDIM AMERICA,,CONJUNTO VILA ESPERANCA,-22.810364,-43.3181884,"25/04/2026, 23:57:00",false,false,,Disputa,,,false
77012,"Complexo da Pedreira - Costa Barros, Rio de Janeiro - RJ, 21515-580, Brasil",Sudeste,Rio de Janeiro,Rio de Janeiro,COSTA BARROS,,COMPLEXO DA PEDREIRA,-22.82425288	,-43.36809439,"26/04/2026, 14:00:00",true,true,PM (41 BPM),Ação policial,,,false
77015,"Rua Xavier Pinheiro - Vigário Geral, Rio de Janeiro - RJ, Brasil",Sudeste,Rio de Janeiro,Rio de Janeiro,VIGARIO GERAL,,,-22.8075929,-43.3098698,"26/04/2026, 21:30:00",false,false,,Disputa,,,false
77024,"Favela da Chacrinha - Praça Seca, Rio de Janeiro - RJ, 22733-040, Brasil",Sudeste,Rio de Janeiro,Rio de Janeiro,PRACA SECA,,FAVELA DA CHACRINHA,-22.9018158988203,-43.36141036190782,"27/04/2026, 02:50:00",true,true,PM (18 BPM),Ação policial,,,false
77039,"Estr. dos Bandeirantes - Taquara, Rio de Janeiro - RJ, 22710-571, Brasil",Sudeste,Rio de Janeiro,Rio de Janeiro,TAQUARA,,,-22.9460998779355,-43.372065800000016,"28/04/2026, 01:30:00",true,true,PM (18 BPM),Ação policial,,,false
77039,"Estr. dos Bandeirantes - Taquara, Rio de Janeiro - RJ, 22710-571, Brasil",Sudeste,Rio de Janeiro,Rio de Janeiro,TAQUARA,,,-22.9460998779355,-43.372065800000016,"28/04/2026, 01:30:00",true,true,PM (18 BPM),Ação policial,,,false
77047,"Morro do Urubu - Piedade, Rio de Janeiro - RJ, 20750, Brasil",Sudeste,Rio de Janeiro,Rio de Janeiro,PIEDADE,,MORRO DO URUBU (COMPLEXO DO URUBU),-22.87657404	,-43.30422326,"28/04/2026, 06:00:00",true,true,"PM (3 BPM, 1 CPA)",Ação policial,,,false
77045,"Mangueira, Rio de Janeiro - RJ, Brasil",Sudeste,Rio de Janeiro,Rio de Janeiro,MANGUEIRA,,MANGUEIRA,-22.9025508,-43.2370745,"28/04/2026, 06:20:00",false,false,,Tiros a esmo,,,false
77052,"R. Dulce Rosalina - São Cristóvão, Rio de Janeiro - RJ, 20920-380, Brasil",Sudeste,Rio de Janeiro,Rio de Janeiro,SAO CRISTOVAO,,,-22.8925057,-43.2311742,"28/04/2026, 14:00:00",false,false,,Tentativa/Roubo,,,false
77060,"Rua João Barbalho - Quintino Bocaiúva, Rio de Janeiro - RJ, Brasil",Sudeste,Rio de Janeiro,Rio de Janeiro,QUINTINO BOCAIUVA,,FAVELA CAIXA D'AGUA (OU CONEGO BOUCHER PINTO),-22.8913663,-43.3190582,"29/04/2026, 02:00:00",true,true,PM (9 BPM),Ação policial,,,false
77066,"Rua André Rocha - Taquara, Rio de Janeiro - RJ, Brasil",Sudeste,Rio de Janeiro,Rio de Janeiro,TAQUARA,,,-22.9297337,-43.3742609,"29/04/2026, 05:00:00",false,true,,Homicidio/Tentativa,,,false
77083,"Complexo do Chapadão - Costa Barros, Rio de Janeiro - RJ, 21650-020, Brasil",Sudeste,Rio de Janeiro,Rio de Janeiro,BARROS FILHO,,COMPLEXO DO CHAPADAO,-22.82326393,-43.37707903,"29/04/2026, 10:00:00",true,true,PM (41 BPM),Tentativa/Roubo de cargas,,,false
77070,"Avenida Canal das Taxas, Favela do Terreirão - Recreio dos Bandeirantes, Rio de Janeiro - RJ, Brasil",Sudeste,Rio de Janeiro,Rio de Janeiro,RECREIO DOS BANDEIRANTES,,FAVELA DO TERREIRAO,-23.0254488,-43.480887,"29/04/2026, 13:40:00",false,false,,Disputa,,,false
77070,"Avenida Canal das Taxas, Favela do Terreirão - Recreio dos Bandeirantes, Rio de Janeiro - RJ, Brasil",Sudeste,Rio de Janeiro,Rio de Janeiro,RECREIO DOS BANDEIRANTES,,FAVELA DO TERREIRAO,-23.0254488,-43.480887,"29/04/2026, 13:40:00",false,false,,Disputa,,,false
77077,"R. Tambaqui - Pitangueiras, Rio de Janeiro - RJ, 21921-750, Brasil",Sudeste,Rio de Janeiro,Rio de Janeiro,PITANGUEIRAS,,,-22.814817416443795,-43.18120875496389,"29/04/2026, 14:00:00",true,true,PM (17 BPM),Ação policial,,,false
77102,"Estr. da Matriz, Favela do Piraque - Guaratiba, Rio de Janeiro - RJ, 23020-715, Brasil",Sudeste,Rio de Janeiro,Rio de Janeiro,GUARATIBA,,,-22.992765120199202,-43.608855084658515,"29/04/2026, 15:00:00",false,false,,Homicidio/Tentativa,,,false
77086,"Viaduto da Pavuna - Pavuna, Rio de Janeiro - RJ, 21520-260, Brasil",Sudeste,Rio de Janeiro,Rio de Janeiro,PAVUNA,,,-22.80679340899294,-43.36674078525918,"29/04/2026, 16:20:00",false,false,,Tentativa/Roubo,,,false
77082,"Rua Dona Francisca, Complexo do Lins - Lins de Vasconcelos, Rio de Janeiro - RJ, Brasil",Sudeste,Rio de Janeiro,Rio de Janeiro,LINS DE VASCONCELOS,,COMPLEXO DO LINS,-22.9140015,-43.2772998,"30/04/2026, 03:50:00",true,true,PM (UPP LINS),Ação policial,,,false
77100,"Teixeiras - Taquara, Rio de Janeiro - RJ, 22723-205, Brasil",Sudeste,Rio de Janeiro,Rio de Janeiro,TAQUARA,,TEIXEIRAS,-22.907323032630213,-43.421669579142,"30/04/2026, 17:00:00",true,true,PM (18 BPM),Ação policial,,,false
77100,"Teixeiras - Taquara, Rio de Janeiro - RJ, 22723-205, Brasil",Sudeste,Rio de Janeiro,Rio de Janeiro,TAQUARA,,TEIXEIRAS,-22.907323032630213,-43.421669579142,"30/04/2026, 17:00:00",true,true,PM (18 BPM),Ação policial,,,false
77098,"Baixa do Sapateiro, Complexo da Maré - Maré, Rio de Janeiro - RJ, 21042-450, Brasil",Sudeste,Rio de Janeiro,Rio de Janeiro,MARE,,BAIXA DO SAPATEIRO (COMPLEXO DA MARE),-22.86007183,-43.24258995,"01/05/2026, 02:20:00",false,false,,Disputa,,,false
77153,"Rua Maricá - Campinho, Rio de Janeiro - RJ, Brasil",Sudeste,Rio de Janeiro,Rio de Janeiro,CAMPINHO,,MORRO DO CAMPINHO (COMPLEXO DO FUBA),-22.8882297,-43.3443665,"01/05/2026, 14:30:00",false,false,,Tentativa/Roubo,,,false
77132,"Complexo do Fubá - Campinho, Rio de Janeiro - RJ, 21341-370, Brasil",Sudeste,Rio de Janeiro,Rio de Janeiro,CAMPINHO,,COMPLEXO DO FUBA,-22.887502432531118,-43.338299727999285,"01/05/2026, 15:30:00",false,false,,Não identificado,,,false
77110,"Rua Saint Roman, Pavão-Pavãozinho - Copacabana, Rio de Janeiro - RJ, Brasil",Sudeste,Rio de Janeiro,Rio de Janeiro,COPACABANA,,MORRO DO PAVAO-PAVAOZINHO,-22.9810425,-43.1940799,"01/05/2026, 16:38:00",false,false,,Não identificado,,,false
77118,"Casa Branca- Tijuca, Rio de Janeiro - RJ, 20530-640, Brasil",Sudeste,Rio de Janeiro,Rio de Janeiro,TIJUCA,,CASA BRANCA,-22.93532812,-43.24956973,"01/05/2026, 21:30:00",false,false,,Disputa,,,false
77117,"Cidade de Deus, Cidade de Deus, Rio de Janeiro - RJ, Brasil",Sudeste,Rio de Janeiro,Rio de Janeiro,CIDADE DE DEUS,,CIDADE DE DEUS,-22.9465337,-43.3697151,"02/05/2026, 06:30:00",true,true,PM (RECOM),Ação policial,,,false
77129,"Estrada do Rio Grande - Taquara, Rio de Janeiro - RJ, Brasil",Sudeste,Rio de Janeiro,Rio de Janeiro,TAQUARA,,,-22.9191275,-43.3935518,"02/05/2026, 12:00:00",false,false,,Disputa,,,false
77128,"Casa Branca - Tijuca, Rio de Janeiro - RJ, 20530-640, Brasil",Sudeste,Rio de Janeiro,Rio de Janeiro,TIJUCA,,CASA BRANCA,-22.93532812,-43.24956973,"02/05/2026, 19:09:00",false,false,,Disputa,,,false
77127,"Casa Branca - Tijuca, Rio de Janeiro - RJ, 20530-640, Brasil",Sudeste,Rio de Janeiro,Rio de Janeiro,TIJUCA,,CASA BRANCA,-22.93532812,-43.24956973,"02/05/2026, 20:40:00",false,false,,Disputa,,,false
77133,"Rua Conde de Bonfim, Tijuca, Rio de Janeiro - RJ, 20520-051, Brasil",Sudeste,Rio de Janeiro,Rio de Janeiro,TIJUCA,,,-22.923334421015443,-43.23109417554282,"03/05/2026, 10:00:00",false,true,,Tentativa/Roubo,,,false
77142,"Rua Barros de Alarcão - Pedra de Guaratiba, Rio de Janeiro - RJ, Brasil",Sudeste,Rio de Janeiro,Rio de Janeiro,PEDRA DE GUARATIBA,,,-23.0038713,-43.6401254,"03/05/2026, 19:00:00",false,false,,Homicidio/Tentativa,,Bar,false
77142,"Rua Barros de Alarcão - Pedra de Guaratiba, Rio de Janeiro - RJ, Brasil",Sudeste,Rio de Janeiro,Rio de Janeiro,PEDRA DE GUARATIBA,,,-23.0038713,-43.6401254,"03/05/2026, 19:00:00",false,false,,Homicidio/Tentativa,,Bar,false
77136,"Gardênia Azul, Rio de Janeiro - RJ, Brasil",Sudeste,Rio de Janeiro,Rio de Janeiro,GARDENIA AZUL,,,-22.9582037,-43.3529536,"04/05/2026, 00:30:00",true,true,PM (18 BPM),Operação policial,,,false
77136,"Gardênia Azul, Rio de Janeiro - RJ, Brasil",Sudeste,Rio de Janeiro,Rio de Janeiro,GARDENIA AZUL,,,-22.9582037,-43.3529536,"04/05/2026, 00:30:00",true,true,PM (18 BPM),Operação policial,,,false
77136,"Gardênia Azul, Rio de Janeiro - RJ, Brasil",Sudeste,Rio de Janeiro,Rio de Janeiro,GARDENIA AZUL,,,-22.9582037,-43.3529536,"04/05/2026, 00:30:00",true,true,PM (18 BPM),Operação policial,,,false
77143,"Complexo do São Carlos - Estácio, Rio de Janeiro - RJ, 20250-360, Brasil",Sudeste,Rio de Janeiro,Rio de Janeiro,ESTACIO,,COMPLEXO DO SAO CARLOS,-22.91987411,-43.20204569,"04/05/2026, 03:30:00",true,true,"PC (6 DP, CORE, DPGE, DGPC)",Operação policial,,,false
77151,"Vigário Geral, Rio de Janeiro - RJ, Brasil",Sudeste,Rio de Janeiro,Rio de Janeiro,VIGARIO GERAL,,,-22.8086939,-43.3071081,"04/05/2026, 05:00:00",true,true,PC (DRFA-CAP),Operação policial,,,false